:020000040800F2
:100000000000022005300008892300089123000821
:1000100099230008A1230008A9230008000000007C
:1000200000000000000000000000000001A4000823
:10003000B12300080000000051A60008897F0008D5
:10004000553000085530000855300008553000087C
:10005000553000085530000855300008553000086C
:10006000553000085530000855300008553000085C
:10007000553000085530000855300008553000084C
:10008000C1230008D523000855300008553000086A
:10009000553000085530000855300008553000082C
:1000A000553000085530000855300008553000081C
:1000B000553000085530000855300008553000080C
:1000C00055300008553000085530000855300008FC
:1000D00055300008E9230008FD23000855300008CA
:1000E00055300008553000085530000855300008DC
:1000F00055300008553000085530000855300008CC
:1001000055300008553000085530000855300008BB
:1001100055300008553000081124000855300008FB
:1001200055300008553000082524000855300008D7
:10013000553000085530000855300008553000088B
:10014000553000085530000855300008553000087B
:100150005530000855300008392400085530000893
:10016000553000085530000855300008553000085B
:1001700055300008553000085530000800000000D8
:0801800055300008553000085D
:1001900010B5054C237833B9044B13B10448AFF3C1
:1001A00000800123237010BD781C00200000000097
:1001B000F8A7010808B5034B1BB103490348AFF387
:1001C000008008BD000000007C1C0020F8A701088A
:1001D00010F8012B11F8013B012A28BF9A42F7D0F1
:1001E000D01A70470000000000000000000000006E
:1001F00001F0FF01102A2BDB10F0070F08D010F8D8
:10020000013B013A8B422DD010F0070F42B3F6D1DB
:10021000F0B441EA012141EA014122F007047FF0F4
:1002200000070023F0E80256083C85EA010586EA4B
:10023000010685FA47F5A3FA87F586FA47F6A5FA87
:1002400087F68EB9EED1F0BC01F0FF0102F0070293
:1002500032B110F8013B013A83EA010313B1F8D13E
:100260000020704701387047002D06BF354603381F
:10027000073815F0010F07D1013015F4807F02BF58
:10028000013015F4C03F0130F0BC0138704700BFA9
:10029000034613F8012B002AFBD1181A01387047C6
:1002A00070B54FF0FF0C4CF4E06C1CEA11541DBF0C
:1002B0001CEA135594EA0C0F95EA0C0F00F0DEF8D7
:1002C0002C4481EA030621EA4C5123EA4C5350EABC
:1002D000013518BF52EA033541F4801143F480130D
:1002E00038D0A0FB02CE4FF00005E1FB02E506F09E
:1002F0000042E0FB03E54FF00006E1FB03569CF0F3
:10030000000F18BF4EF0010EA4F1FF04B6F5007FF8
:1003100064F5407404D25FEA4E0E6D4146EB06066A
:1003200042EAC62141EA55514FEAC52040EA5E50F3
:100330004FEACE2EB4F1FD0C88BFBCF5E06F1ED89D
:10034000BEF1004F08BF5FEA500E50F1000041EBD4
:10035000045170BD06F0004646EA010140EA020081
:1003600081EA0301B4EB5C04C2BFD4EB0C0541EAA3
:10037000045170BD41F480114FF0000E013C00F3B8
:10038000AB8014F1360FDEBF002001F0004170BDDC
:10039000C4F10004203C35DA0C341BDC04F11404F5
:1003A000C4F1200500FA05F320FA04F001FA05F281
:1003B00040EA020001F0004221F0004110EBD3704E
:1003C00021FA04F642EB06015EEA430E08BF20EA7A
:1003D000D37070BDC4F10C04C4F1200500FA04F31D
:1003E00020FA05F001FA04F240EA020001F00041AF
:1003F00010EBD37041F100015EEA430E08BF20EA22
:10040000D37070BDC4F1200500FA05F24EEA020E69
:1004100020FA04F301FA05F243EA020321FA04F098
:1004200001F0004121FA04F220EA020000EBD3704F
:100430005EEA430E08BF20EAD37070BD94F0000F4F
:100440000FD101F00046400041EB010111F4801F83
:1004500008BF013CF7D041EA060195F0000F18BF34
:10046000704703F00046520043EB030313F4801F70
:1004700008BF013DF7D043EA0603704794EA0C0F2A
:100480000CEA135518BF95EA0C0F0CD050EA410640
:1004900018BF52EA4306D1D181EA030101F00041BD
:1004A0004FF0000070BD50EA410606BF10461946E5
:1004B00052EA430619D094EA0C0F02D150EA0136F1
:1004C00013D195EA0C0F05D152EA03361CBF104632
:1004D00019460AD181EA030101F0004141F0FE41D1
:1004E00041F470014FF0000070BD41F0FE4141F455
:1004F000780170BD81F0004102E000BF83F000434D
:1005000030B54FEA41044FEA430594EA050F08BFAE
:1005100090EA020F1FBF54EA000C55EA020C7FEA72
:10052000645C7FEA655C00F0E2804FEA5454D4EBEF
:100530005555B8BF6D420CDD2C4480EA020281EAB9
:10054000030382EA000083EA010180EA020281EAF1
:100550000303362D88BF30BD11F0004F4FEA013143
:100560004FF4801C4CEA113102D0404261EB410152
:1005700013F0004F4FEA03334CEA133302D05242D8
:1005800063EB430394EA050F00F0A780A4F1010494
:10059000D5F1200E0DDB02FA0EFC22FA05F28018CE
:1005A00041F1000103FA0EF2801843FA05F35941B4
:1005B0000EE0A5F120050EF1200E012A03FA0EFC33
:1005C00028BF4CF0020C43FA05F3C01851EBE3715D
:1005D00001F0004507D54FF0000EDCF1000C7EEB7A
:1005E00000006EEB0101B1F5801F1BD3B1F5001FB8
:1005F0000CD349085FEA30004FEA3C0C04F10104D7
:100600004FEA445212F5800F80F09A80BCF1004FFF
:1006100008BF5FEA500C50F1000041EB045141EA81
:10062000050130BD5FEA4C0C404141EB0101013C4A
:1006300028BFB1F5801FE9D291F0000F04BF014639
:100640000020B1FA81F308BF2033A3F10B03B3F10B
:1006500020020CDA0C3208DD02F1140CC2F10C029B
:1006600001FA0CF021FA02F10CE002F11402D8BFF9
:10067000C2F1200C01FA02F120FA0CFCDCBF41EAC5
:100680000C019040E41AA2BF01EB0451294330BD94
:100690006FEA04041F3C1CDA0C340EDC04F1140471
:1006A000C4F1200220FA04F001FA02F340EA030048
:1006B00021FA04F345EA030130BDC4F10C04C4F18E
:1006C000200220FA02F001FA04F340EA030029466E
:1006D00030BD21FA04F0294630BD94F0000F83F4B8
:1006E000801306BF81F480110134013D4EE77FEA9B
:1006F000645C18BF7FEA655C29D094EA050F08BFE7
:1007000090EA020F05D054EA000C04BF19461046C7
:1007100030BD91EA030F1EBF0021002030BD5FEA0B
:10072000545C05D14000494128BF41F0004130BD33
:1007300014F580043CBF01F5801130BD01F0004587
:1007400045F0FE4141F470014FF0000030BD7FEAFA
:10075000645C1ABF194610467FEA655C1CBF0B46F5
:10076000024650EA013406BF52EA033591EA030F0C
:1007700041F4002130BD00BF90F0000F04BF002104
:10078000704730B54FF4806404F132044FF0000537
:100790004FF0000150E700BF90F0000F04BF0021B0
:1007A000704730B54FF4806404F1320410F0004516
:1007B00048BF40424FF000013EE700BF42004FEA11
:1007C000E2014FEA31014FEA02701FBF12F07F438E
:1007D00093F07F4F81F06051704732F07F4208BF45
:1007E000704793F07F4F04BF41F40021704730B54C
:1007F0004FF4607401F0004521F000411CE700BF98
:1008000050EA010208BF704730B54FF000050AE01A
:1008100050EA010208BF704730B511F0004502D51B
:10082000404261EB41014FF4806404F132045FEA1D
:10083000915C3FF4D8AE4FF003025FEADC0C18BFC6
:1008400003325FEADC0C18BF033202EBDC02C2F1B8
:10085000200300FA03FC20FA02F001FA03FE40EA4A
:100860000E0021FA02F11444BDE600BF4FEA410236
:1008700012F5001215D211D56FF47873B3EB6252F2
:1008800012D94FEAC12343F0004343EA505311F019
:10089000004F23FA02F018BF404270474FF00000AB
:1008A000704750EA013005D111F0004008BF6FF0E9
:1008B000004070474FF00000704700BF4FEA410210
:1008C000B2F1E04324BFB3F5001CDCF1FE5C0DD9AE
:1008D00001F0004C4FEAC0024CEA5070B2F1004FF8
:1008E00040EB830008BF20F00100704711F0804FFB
:1008F00021D113F13872BCBF01F00040704741F4C0
:1009000080114FEA5252C2F11802C2F1200C10FAC3
:100910000CF320FA02F018BF40F001004FEAC123A7
:100920004FEAD32303FA0CFC40EA0C0023FA02F34B
:100930004FEA4303CCE77FEA625307D150EA013321
:100940001EBF4FF0FE4040F44000704701F00040F1
:1009500040F0FE4040F40000704700BF7BB972B920
:100960000029BEBF00204FF0004106E008BF00286C
:100970001CBF6FF000414FF0FF3000F0D3B9ADF174
:10098000080C6DE904CE002909DB002B1ADB00F00E
:100990004DF8DDF804E0DDE9022304B07047404281
:1009A00061EB4101002B1BDB00F040F8DDF804E0B7
:1009B000DDE9022304B0404261EB4101524263EBA6
:1009C00043037047524263EB430300F02FF8DDF816
:1009D00004E0DDE9022304B0404261EB41017047CD
:1009E000524263EB430300F021F8DDF804E0DDE957
:1009F000022304B0524263EB4303704753B94AB930
:100A0000002908BF00281CBF4FF0FF314FF0FF3016
:100A100000F088B9ADF1080C6DE904CE00F006F8DD
:100A2000DDF804E0DDE9022304B070472DE9F0476A
:100A3000089D0F4604468C46002B48D18A42164634
:100A400061D9B2FA82F34BB1C3F1200201FA03FC7F
:100A500020FA02F29E4042EA0C0C9C404FEA164EED
:100A6000B7B2BCFBFEF1220C0EFB11CC42EA0C42E9
:100A700001FB07F0904209D9B21801F1FF3C80F068
:100A8000EE80904240F2EB8002393244121AA4B256
:100A9000B2FBFEF00EFB102244EA024400FB07F713
:100AA000A74209D9341900F1FF3280F0DA80A74259
:100AB00040F2D7803444023840EA0140E41B002170
:100AC0001DB1DC400023C5E90043BDE8F0878B423F
:100AD00006D90DB1C5E9000100210846BDE8F0873F
:100AE000B3FA83F1002948D1BB4202D3824200F21B
:100AF0000781841A67EB030201209446002DE4D09D
:100B0000C5E9004CE1E7002A00F09280B2FA82F3D6
:100B1000002B40F0A8808A1A4FEA164E1FFA86FC76
:100B20000121200CB2FBFEF70EFB172240EA024225
:100B30000CFB07F0904207D9B21807F1FF3802D238
:100B4000904200F2E2804746121AA4B2B2FBFEF0D5
:100B50000EFB102244EA02440CFB00FCA44507D91A
:100B6000341900F1FF3202D2A44500F2CB801046C6
:100B7000A4EB0C0440EA0740A2E7C1F120068B4039
:100B800022FA06FC4CEA030C07FA01F420FA06F3F9
:100B9000F7404FEA1C49234300FA01F81FFA8CFE84
:100BA000B7FBF9F01C0C09FB107744EA074400FB83
:100BB0000EF7A74202FA01F20AD91CEB040400F175
:100BC000FF3A80F09B80A74240F29880023864444C
:100BD000E41B9FB2B4FBF9F309FB134447EA044456
:100BE00003FB0EFEA64509D91CEB040403F1FF37F5
:100BF00080F08280A6457FD9023B644443EA0040EE
:100C0000A4EB0E04A0FB02E7BC427346B94663D3D3
:100C100060D05DB1B8EB030264EB090404FA06F698
:100C200022FA01F31E43CC40C5E9006400214CE7E1
:100C30006208480842EAC1710B0C43EA00438AB2D9
:100C400042EA0342B3FBF6F1E407B4463746B64640
:100C50001F23B0FBF6F0D21B41EA004161E7614679
:100C600014E7104628E7C3F1200120FA01F29E4064
:100C700027FA01F19F403A434FEA164E1FFA86FCCD
:100C8000B1FBFEF70EFB1710110C41EA004107FB08
:100C90000CF8884504FA03F43AD9711807F1FF30CB
:100CA00001D288451FD8A1EB0801B1FBFEF808FB73
:100CB0000CF70EFB181192B242EA0142BA422FD24F
:100CC000B21808F1FF31C6D2BA42C4D2A8F102016B
:100CD0003244C0E7F0459CD2BEEB020367EB0C0741
:100CE0000138B94695E7A6EB08084144B81EB1FBA8
:100CF000FEF808FB0CF7DCE73B467FE7504667E76A
:100D00000846FBE63444023832E7023F32441BE730
:100D1000A1EB08013846B1FBFEF808FB0CF7C8E769
:100D2000414698E7704700BF80B58AB000AF786051
:100D30000023FB6108F080FA5A4B1B68002B01D19D
:100D400000F086F9584B1A687B681340002B40F07E
:100D500090807B68002B1ED008227B6813447B6048
:100D60007B6803F00703002B15D07B6823F0070393
:100D700008337B607B6803F00703002B0BD04FF038
:100D8000500383F31188BFF36F8FBFF34F8F7B61E5
:100D900000BF00BFFDE77B68002B6AD0434B1B6898
:100DA0007A689A4265D8424B3B62414B1B687B6232
:100DB00004E07B6A3B627B6A1B687B627B6A5B68E0
:100DC0007A689A4203D97B6A1B68002BF1D1354BB4
:100DD0001B687A6A9A424CD03B6A1B68082213440B
:100DE000FB617B6A1A683B6A1A607B6A5A687B6897
:100DF000D21A08235B009A4220D97A6A7B6813448E
:100E0000BB61BB6903F00703002B0BD04FF050030D
:100E100083F31188BFF36F8FBFF34F8F3B6100BF28
:100E200000BFFDE77B6A5A687B68D21ABB695A60CB
:100E30007B6A7A685A60B86900F06CF91B4B1A68D3
:100E40007B6A5B68D31A194A1360184B1A68194BEE
:100E50001B689A4203D2154B1B68164A13607B6AC3
:100E60005A68114B1B681A437B6A5A607B6A0022DE
:100E70001A6008F0EFF9FB6903F00703002B0BD0B1
:100E80004FF0500383F31188BFF36F8FBFF34F8F81
:100E9000FB6000BF00BFFDE7FB6918462837BD4671
:100EA00080BD00BF9C7C0020A87C0020A07C00208E
:100EB000947C0020A47C002080B586B000AF7860D0
:100EC0007B687B617B68002B4AD008235B427A6990
:100ED00013447B617B693B613B695A68224B1B6809
:100EE0001340002B0BD14FF0500383F31188BFF355
:100EF0006F8FBFF34F8FFB6000BF00BFFDE73B6903
:100F00001B68002B0BD04FF0500383F31188BFF305
:100F10006F8FBFF34F8FBB6000BF00BFFDE73B6922
:100F20005A68114B1B681340002B19D03B691B6892
:100F3000002B15D13B695A680B4B1B68DB431A40E9
:100F40003B695A6008F078F93B695A68074B1B689F
:100F50001344064A1360386900F0DCF808F07AF9A7
:100F600000BF1837BD4680BDA87C0020A07C0020B3
:100F700080B487B000AF78607B687B6108235B42F8
:100F80007A6913447B617B693B613B695A68064B14
:100F90001B68DB431340FB60FB6818461C37BD46EB
:100FA0005DF8047B704700BFA87C002080B584B04A
:100FB00000AF7860396008F03FF93868FFF7B4FE99
:100FC000B860BB68002B17D07B68002B14D0786802
:100FD000FFF7CEFF034608229B1AFB603A68FB68C6
:100FE0009A4201D23B68FB60FA687968B86818F0E9
:100FF000C6FD7868FFF760FF08F02CF9BB6818465B
:101000001037BD4680BD80B586B000AF78603960CE
:1010100008F012F93B687A6802FB03F37B61786998
:10102000FFF782FEF860FB683B6104E03B695A1CF5
:101030003A6100221A707B695A1E7A61002BF5D141
:1010400008F008F9FB6818461837BD4680BD000057
:1010500080B485B000AF4FF4C043BB60274BFB604A
:10106000FB6803F00703002B0CD0FB680733FB6021
:10107000FB6823F00703FB60BA68FB68D31A1F4ABA
:101080001344BB60FB687B601D4A7B6813601C4B8C
:1010900000225A607B68BA681344FB600822FB6830
:1010A0009B1AFB60FB6823F00703FB60FB68154A93
:1010B0001360144B1B6800225A60124B1B680022FD
:1010C0001A607B683B603B68FA68D21A3B685A60DA
:1010D0000C4B1A683B681A603B685B680A4A1360ED
:1010E0003B685B68094A1360094B4FF000421A6085
:1010F00000BF1437BD465DF8047B7047941C002088
:10110000947C00209C7C0020A47C0020A07C0020FB
:10111000A87C002080B485B000AF7860284BFB60CD
:1011200002E0FB681B68FB60FB681B687A689A42F8
:10113000F7D8FB68BB60FB685B68BA6813447A68E1
:101140009A4208D1FB685A687B685B681A44FB685E
:101150005A60FB687B607B68BB607B685B68BA68D1
:101160001A44FB681B689A4218D1FB681A68154B31
:101170001B689A420DD07B685A68FB681B685B68E5
:101180001A447B685A60FB681B681A687B681A609F
:1011900008E00C4B1A687B681A6003E0FB681A6869
:1011A0007B681A60FA687B689A4202D0FB687A68AA
:1011B0001A6000BF1437BD465DF8047B704700BF5E
:1011C000947C00209C7C002080B582B000AF00237E
:1011D0007B601F4B1B6B1E4A43F4001313631C4BB5
:1011E0001B6B03F400137B607B6800233B60184B90
:1011F0001B6B174A43F480031363154B1B6B03F4FB
:1012000080033B603B6800220521102002F01EF89D
:10121000102002F037F800220521112002F016F804
:10122000112002F02FF8002205213A2002F00EF8DA
:101230003A2002F027F800220521462002F006F8A5
:10124000462002F01FF800BF0837BD4680BD00BF32
:101250000038024080B584B000AF78607B68D3F876
:101260008C32FB604FF400620449F86805F048FCDA
:10127000012318461037BD4680BD00BFAC7C00205E
:1012800080B584B000AF78607B68D3F88C32FB60A7
:10129000F86805F05AFC012318461037BD4680BD9A
:1012A00080B586B000AFF860B9607A603B60FB68DB
:1012B000D3F88C327B617B6993F84130DBB2202B11
:1012C0001CD17B689BB21A46B968786905F09CFB13
:1012D0000346FB7402E0012006F04CFFFB7C002B70
:1012E00005D17B6993F84130DBB2202BF3D1FB7C35
:1012F000002B01D17B6802E0002300E000231846A8
:101300001837BD4680BD000080B588B000AFF860DA
:10131000B9607A603B60FB68D3F88C327B61002354
:10132000FB6172B600BF7B69DB6B1B685B68C3F552
:1013300000631C4A136062B600BFFB690133FB61A6
:10134000012006F017FF184B1A68164B1B689A42CB
:1013500003D1FA693B689A42E3DB0023BB6111E0E9
:10136000114B1A68B968BB690B4410498A5C1A7042
:101370000D4B1B680133C3F30A030B4A1360BB69AF
:101380000133BB61084B1A68064B1B689A4203D0B5
:10139000BA697B689A42E3D3BB6918462037BD46D9
:1013A00080BD00BFB0840020AC840020AC7C002055
:1013B00080B500AF084A0021084806F049FE034600
:1013C000074A1360074A0021074806F041FE03461A
:1013D000064A136000BF80BD84AA0108F11300080B
:1013E000B884002060AA0108A5190008B484002070
:1013F00080B582B000AF78600021154804F0F4FA9F
:101400000421134804F0F0FA0821114804F0ECFA22
:101410000C210F4804F0E8FA3C210E4804F052FC7D
:101420003C210D4804F04EFC094B1B6800225A6316
:10143000074B1B6800229A63054B1B680022DA6386
:10144000034B1B6800221A64012006F093FEFBE7A1
:1014500068850020B08500208886002080B582B095
:1014600000AF7860391D4FF0FF330122034805F0CB
:101470003FFA7B6818460837BD4680BD18870020B4
:1014800080B582B000AF786039604FF0FF331A2228
:101490000349044805F02CFA72B600BF00BFFDE70F
:1014A000A8AA01081887002080B485B000AF786032
:1014B00039607B681B685B6ABB603B681B68BA6805
:1014C000D31AFB60FB6840F6B832934205DDFB6837
:1014D000A3F5BB53113BFB6008E0FB68104A934245
:1014E00004DAFB6803F5BB531133FB603B68BA6851
:1014F0001A60FB6807EE903AB8EEE77ADFED096A0A
:10150000C7EE267A9FED087AC7EE876AF0EE667A14
:10151000B0EE670A1437BD465DF8047B704700BF24
:1015200048F4FFFF00807745CDCC4C3D80B586B0B8
:1015300004AF0023FB716423029301230193FB1D7D
:10154000009301236B22D021034802F08BFD00BFE2
:101550000837BD4680BD00BFBC84002080B590B078
:1015600004AF7860642302930E23019307F10C0308
:10157000009301233B22D021584802F06DFE034620
:10158000002B40F0A7803B7B1BB21B021AB27B7B77
:101590001BB21343FB85BB7B1BB21B021AB2FB7B46
:1015A0001BB21343BB853B7C1BB21B021AB27B7C74
:1015B0001BB213437B853B7D1BB21B021AB27B7DA2
:1015C0001BB213433B85BB7D1BB21B021AB2FB7DD2
:1015D0001BB21343FB843B7E1BB21B021AB27B7E01
:1015E0001BB21343BB843E4B3B623E4BFB61B7F9DE
:1015F0002E3007EE903AB8EEE77AD7ED087A67EE2C
:10160000277A17EE900AFFF7D9F802460B46796859
:10161000C1E93823B7F92C3007EE903AB8EEE77AF3
:10162000D7ED087A67EE277A17EE900AFFF7C6F82B
:1016300002460B467968C1E93A23B7F92A3007EE2A
:10164000903AB8EEE77AD7ED087A67EE277A17EE88
:10165000900AFFF7B3F802460B467968C1E93C23CC
:10166000B7F9283007EE903AB8EEE77AD7ED077A67
:1016700067EE277A17EE900AFFF7A0F802460B46AE
:101680007968C1E92023B7F9263007EE903AB8EE21
:10169000E77AD7ED077A67EE277A17EE900AFFF719
:1016A0008DF802460B467968C1E92223B7F9243048
:1016B00007EE903AB8EEE77AD7ED077A67EE277A29
:1016C00017EE900AFFF77AF802460B467968C1E9EF
:1016D000242300E000BF3037BD4680BDBC8400201D
:1016E0000AE81C3AFDB30B3990B52DED028B8BB097
:1016F00000AF78607B68FB61FB69D3E900014FF0C4
:101700000002704BFEF7CCFD02460B461046194610
:10171000FFF7ACF80446FB69D3E90A014FF0000279
:10172000684BFEF7BDFD02460B4610461946FFF713
:101730009DF803461A462146634817F005FFFB69EA
:10174000D3E9002310461946FFF7B8F808EE100A4F
:10175000FB69D3E90A2310461946FFF7AFF807EEF5
:10176000100ADFED5A7A67EE277A78EE677AC7EDCE
:10177000067AFB69D3E9002310461946FFF79EF865
:1017800008EE100AFB69D3E90A2310461946FFF751
:1017900095F807EE100ADFED4D7A67EE277A78EEBE
:1017A000277AC7ED057A97ED067ADFED496AC7EE2D
:1017B000267AC7ED097A97ED057ADFED456AC7EE1F
:1017C000267AC7ED087AD7ED097AB0EE007AF4EE02
:1017D000C77AF1EE10FA02DD4FF080437B62D7ED5D
:1017E000097AB8EE007AF4EEC77AF1EE10FA02D573
:1017F0004FF040437B62D7ED087AB0EE007AF4EE0A
:10180000C77AF1EE10FA02DD4FF080433B62D7ED6C
:10181000087AB8EE007AF4EEC77AF1EE10FA02D543
:101820004FF040433B6297ED097AF0EE006AC7EE55
:10183000267A9FED287A67EE877AFDEEE77A17EE33
:10184000903A3B6197ED087AF0EE006AC7EE267A8F
:101850009FED207A67EE877AFDEEE77A17EE903AF1
:10186000FB603B69002B08DB1B4B1B683A695A6322
:10187000194B1B6800229A6308E0174B1B68002273
:101880005A633B695A42144B1B689A63FB68002BEE
:1018900008DB114B1B68FA68DA630F4B1B680022E8
:1018A0001A6408E00C4B1B680022DA63FB685A429A
:1018B000094B1B681A6400BF2C37BD46BDEC028B78
:1018C00090BD00BF00408F402CA80108CDCCCC3D7E
:1018D0004752543E0000FA426885002080B500AFB0
:1018E000264B5B6F1946264817F02EFE234B5B6F85
:1018F000002B02DA234817F027FE204B5B6F03F022
:101900008043002B02D0204817F01EFE1B4B5B6F5C
:1019100003F00053002B02D01C4817F015FE174BA4
:101920005B6F03F08053002B02D0194817F00CFEB8
:10193000124B5B6F03F00063002B02D0154817F0C9
:1019400003FE0E4B5B6F03F08063002B02D0124846
:1019500017F0FAFD094B5B6F03F00073002B02D008
:101960000E4817F0F1FD0E4817F056FE034B5B6F63
:10197000024A43F08073536700BF80BD00380240C5
:101980005CA8010878A8010884A8010898A80108A3
:10199000B0A80108BCA80108CCA80108D8A8010873
:1019A000E4A8010880B5ADF5287D02AF07F52673E0
:1019B000A3F525731860FFF791FFA04817F02CFEE0
:1019C0009F4B01939F4B00939F4BA04AA04901203E
:1019D0000BF04AFF07F5207318460BF073FE9D4B82
:1019E000C7F880329C4BC7F884329C4BC7F88832CA
:1019F0009B4BC7F88C3207F5207318460BF07EFE20
:101A0000034683F00103DBB2002B02D0954817F0A8
:101A100003FE07F50E7318460BF062FE924817F0AE
:101A2000FBFD07F50E7307F51370002200210BF084
:101A300053FD8E4817F0F0FD07F5137307F50C7092
:101A40008B4A8C490BF092FD8B4817F0E5FD0CF0AA
:101A500071FC024607F50C7107F50B70874B0BF014
:101A6000C1FD0CF0DBFD024607F50C7107F50A70AD
:101A7000834B0BF0B7FD0CF0D1FD024607F50C715E
:101A800007F509707F4B0BF0ADFD09F095F80246A4
:101A900007F50C7107F1D4007B4B0BF0D7FD07F570
:101AA0000E7307F5137107F1100001220BF0C4FA51
:101AB00007F1A00207F1D40107F110000023009301
:101AC000724B0BF025FB07F52673A3F5DC73704A08
:101AD0009A606F48FEF7DCFB024607F52673A3F514
:101AE000DC73DA6007F52673A3F5DC7309221A614B
:101AF00007F52673A3F5DC714FF000024FF00003E9
:101B0000C1E9062307F52673A3F5DC714FF0000247
:101B10004FF00003C1E9082307F52673A3F5DC7134
:101B20004FF000024FF00003C1E90A2307F52673C6
:101B3000A3F5DC714FF00002564BC1E90C2307F509
:101B40002673A3F5DC714FF00002534BC1E90E235D
:101B5000FFF7ECFC514B1B685B6A1A4607F52673CE
:101B6000A3F523731A604E4B1B685B6A1A4607F590
:101B70002673A3F524731A604A4817F04DFD00231D
:101B8000C7F8943207F1E0031846FFF7E7FC07F1C6
:101B90000C0319464148FFF787FCF0EE407A07F541
:101BA0002673A3F5DE73C3ED007A07F10803194627
:101BB0003B48FFF779FCF0EE407A07F52673A3F572
:101BC000E073C3ED007A07F1E00107F50B73002223
:101BD00018460AF087FE07F1DC0107F50A730022B8
:101BE00018460AF07FFE07F1D80107F509730022B5
:101BF00018460AF077FE07F110012B4A4FF0000358
:101C000008460BF003FBD7F894320133C7F894323F
:101C1000D7F89412254BA3FB01231A0913469B0006
:101C200013449B00CA1A002A04D1D7F89412204802
:101C300017F08AFC322006F09DFAA3E7E8A8010815
:101C400009130008A11200088112000855120008AB
:101C5000D0860020711F0008B51F0008ED1F000886
:101C60005920000800A9010820A9010860A901085D
:101C700080A9010884A9010890A90108ACA901085C
:101C8000BCA90108D0A90108E4A90108E9160008C7
:101C9000000000200000F03F0000F0BFB0850020F1
:101CA00088860020ECA9010880969800CDCCCCCC89
:101CB0000CAA010880B485B000AF0023FB601E4B66
:101CC0001B6B1D4A43F0800313631B4B1B6B03F01C
:101CD0008003FB60FB680023BB60174B1B6B164A3D
:101CE00043F001031363144B1B6B03F00103BB6050
:101CF000BB6800237B60104B1B6B0F4A43F0100343
:101D000013630D4B1B6B03F010037B607B68002398
:101D10003B60094B1B6B084A43F002031363064BFD
:101D20001B6B03F002033B603B6800BF1437BD46EA
:101D30005DF8047B704700BF0038024080B500AFFB
:101D4000124B134A1A60114B124A5A600F4B002271
:101D50009A600E4B0022DA600C4B4FF480421A61FD
:101D60000A4B00225A61094B00229A61074B00225C
:101D7000DA61064B00221A62044802F02FF803468B
:101D8000002B01D000F0EEF800BF80BDBC84002025
:101D900000580040801A060080B58AB000AF786015
:101DA00007F1140300221A605A609A60DA601A611F
:101DB0007B681B68194A93422CD100233B61184B66
:101DC0001B6B174A43F002031363154B1B6B03F0A5
:101DD00002033B613B694FF440637B611223BB61AB
:101DE0000023FB6103233B6204237B6207F114039E
:101DF00019460C4801F056FE0023FB60084B1B6C93
:101E0000074A43F480031364054B1B6C03F48003FF
:101E1000FB60FB6800BF2837BD4680BD005800400E
:101E2000003802400004024080B500AF01F014F910
:101E300000F01CF8FFF73EFFFFF7C6F900F0DEFBED
:101E400000F084FC00F0D6FC00F028FD00F07AFDE4
:101E500000F054FF00F028FFFFF770FF06F0AEF827
:101E6000FFF7A6FA06F0CEF800BFFDE780B594B004
:101E700000AF07F1200330220021184617F045FD7E
:101E800007F10C0300221A605A609A60DA601A6146
:101E90000023BB60284B1B6C274A43F0805313641C
:101EA000254B1B6C03F08053BB60BB6800237B6039
:101EB000224B1B68214A43F4804313601F4B1B686D
:101EC00003F480437B607B6801233B624FF48033E3
:101ED0007B620223BB634FF48003FB6308233B64F4
:101EE000A8237B640223BB640423FB6407F1200363
:101EF000184602F097FF0346002B01D000F032F89D
:101F00000F23FB6002233B6100237B614FF4A0534E
:101F1000BB614FF48053FB6107F10C0305211846A8
:101F200003F0F8F90346002B01D000F01BF800BFC6
:101F30005037BD4680BD00BF0038024000700040F1
:101F400080B582B000AF78607B681B68044A93421A
:101F500001D101F0A3F800BF0837BD4680BD00BF26
:101F60000010004080B400AF72B600BF00BFFDE7B4
:101F700080B582B000AF786039600C4B1B681A46A0
:101F80007B6813441A46094B1A60094B1B681A46B2
:101F90007B6813441A46064B1A607868FEF7C4FE45
:101FA000034618460837BD4680BD00BF1085002097
:101FB0001485002080B582B000AF786039607B68FE
:101FC000002B0CD07868FEF7D3FF0346064A126850
:101FD000D31A1A46044B1A607868FEF76DFF00BFEB
:101FE0000837BD4680BD00BF1485002080B584B091
:101FF00000AFF860B9607A60154B1B681A46BB6881
:1020000013441A46124B1A60124B1B681A46BB68DF
:1020100013441A460F4B1A60FB68002B04D1B868B2
:10202000FEF782FE03460EE0F868FEF7A1FF0346C6
:10203000084A1268D31A1A46064B1A60B968F8683B
:10204000FEF7B4FF034618461037BD4680BD00BFFB
:10205000108500201485002080B584B000AFF860A2
:10206000B9607A60FB68BA6802FB03F30C4A126835
:1020700013441A460A4B1A60FB68BA6802FB03F362
:10208000084A126813441A46064B1A60B968F86881
:10209000FEF7B9FF034618461037BD4680BD00BFA6
:1020A00010850020148500202DE9B04386B000AFD4
:1020B000C7E902017A6000237B61D7E9020120A30E
:1020C000D3E90023FEF74AFC02460B467968C1E9D2
:1020D0000023D7E902011AA3D3E90023FEF73EFC4F
:1020E0007B689A607B689B68002B20DA7B689B6822
:1020F000114A82FB03121217DB17D31A01337B61DB
:102100007B68D3E900237969C8170C460546B2EB12
:10211000040863EB05097B68C3E900897B689A685A
:102120007B69064901FB03F31A447B689A6000BF90
:102130001837BD46BDE8B083A12FB84400CA9A3B0A
:1021400000CA9A3B000000002DE9B04F8EB000AFEE
:102150007862396207F128020023136053604FF060
:1021600000024FF00003C7E90C2307F128031846CB
:1021700007F018FBBB6ADA17BB61FA614FF0000287
:102180004FF00003B9690B000022C7E90C23FB6A7A
:1021900000221C461546D7E90C231119B9606B4182
:1021A000FB60D7E90234C7E90C34D7E90C010246D9
:1021B0000B464FF000044FF000055D0145EAD26583
:1021C000540122462B46B2EB000863EB01094FF0A5
:1021D00000024FF000034FEA492343EAD8534FEA85
:1021E00048229046994618EB000A49EB010B4FF044
:1021F00000024FF000034FEA8B1343EA9A634FEA61
:102200008A12B2EB0A043C6063EB0B037B60D7E9F4
:10221000004523461B183B612B4641EB03037B61C2
:102220003A6AD7E90401FFF73FFF00231846383721
:10223000BD46BDE8B08F000080B582B000AF00237E
:102240007B60124B5B6C114A43F4804353640F4B29
:102250005B6C03F480437B607B6800233B600B4B2B
:102260001B6C0A4A43F080531364084B1B6C03F049
:1022700080533B603B6800220F216FF0010000F0AB
:10228000E5FF00BF0837BD4680BD00BF00380240F3
:1022900080B58EB000AF78600023FB620023BB6284
:1022A0000023FB60334B1B6C324A43F01003136472
:1022B000304B1B6C03F01003FB60FB6807F110024E
:1022C00007F114031146184603F042FA3B6AFB6219
:1022D000FB6A002B03D103F013FA786304E003F0E8
:1022E0000FFA03465B007B637B6B234AA2FB03234D
:1022F0009B0C013BBB62214B214A1A601F4B40F2F1
:10230000E732DA601D4ABB6A53601C4B00221A6137
:102310001A4B00229A60194B00229A61174803F069
:1023200049FA034687F8333097F83330002B1BD136
:10233000124803F099FA034687F8333097F83330A0
:10234000002B11D1362000F09DFF7B680F2B08D8A1
:1023500000227968362000F079FF0A4A7B68136012
:1023600002E0012387F8333097F8333018463837C6
:10237000BD4680BD0038024083DE1B431885002027
:10238000001000401400002080B400AF00BFFDE743
:1023900080B400AF00BFFDE780B400AF00BFFDE731
:1023A00080B400AF00BFFDE780B400AF00BFFDE721
:1023B00080B400AF00BFBD465DF8047B70470000ED
:1023C00080B500AF024801F003F900BF80BD00BF37
:1023D0002088002080B500AF024801F0F9F800BF66
:1023E00080BD00BF8088002080B500AF024804F0A7
:1023F0002BFC00BF80BD00BFD086002080B500AFA1
:10240000024804F021FC00BF80BD00BF18870020F7
:1024100080B500AF024803F0E3FC00BF80BD00BF01
:102420001885002080B500AF024801F0D1F800BF48
:1024300080BD00BF6087002080B500AF024801F07A
:10244000C7F800BF80BD00BFC087002080B400AFC8
:1024500001231846BD465DF8047B704780B582B005
:1024600000AF7860396017F055FB034616221A60FA
:102470004FF0FF3318460837BD4680BD80B582B0A7
:1024800000AF78604FF0FF317868FFF7E7FF00BFDB
:10249000FDE780B586B000AFF860B9607A600023D0
:1024A0007B610AE0AFF300800146BB685A1CBA604A
:1024B000CAB21A707B6901337B617A697B689A4280
:1024C000F0DB7B6818461837BD4680BD80B586B006
:1024D00000AFF860B9607A6000237B6109E0BB68F7
:1024E0005A1CBA601B781846FEF7B8FF7B690133A7
:1024F0007B617A697B689A42F1DB7B681846183702
:10250000BD4680BD80B483B000AF78604FF0FF332C
:1025100018460C37BD465DF8047B704780B483B025
:1025200000AF786039603B684FF400525A60002376
:1025300018460C37BD465DF8047B704780B483B005
:1025400000AF7860012318460C37BD465DF8047B68
:10255000704780B485B000AFF860B9607A6000233E
:1025600018461437BD465DF8047B704780B586B0C9
:1025700000AF7860144A154BD31A7B617B693B61CD
:10258000134B1B68002B02D1114B124A1A60104BDF
:102590001A687B6813443A699A4207D217F0BAFA6C
:1025A00003460C221A604FF0FF3309E0084B1B680A
:1025B000FB60074B1A687B681344054A1360FB688D
:1025C00018461837BD4680BD0000022000040000F8
:1025D00064850020A845012080B400AF064BD3F8E5
:1025E0008830054A43F47003C2F8883000BFBD4606
:1025F0005DF8047B704700BF00ED00E080B592B04D
:1026000000AF07F1400300221A605A6007F124036B
:1026100000221A605A609A60DA601A615A619A61FF
:102620003B1D20220021184617F06FF9454B464A02
:102630001A60444B40F247325A60424B00229A6083
:10264000404B40F24732DA603E4B00221A613D4B6C
:1026500000225A613B4B80229A613A4803F074F998
:102660000346002B01D0FFF77DFC00233B640023D1
:102670007B6407F140031946324804F007F803462B
:10268000002B01D0FFF76EFC60237B620023BB624E
:102690000023FB6200233B6300237B630023BB63B7
:1026A0000023FB6307F1240300221946254803F0A9
:1026B00087FC0346002B01D0FFF754FC07F12403ED
:1026C000042219461F4803F07BFC0346002B01D06F
:1026D000FFF748FC07F1240308221946194803F0C4
:1026E0006FFC0346002B01D0FFF73CFC07F12403ED
:1026F0000C221946134803F063FC0346002B01D05B
:10270000FFF730FC00237B600023BB600023FB60ED
:1027100000233B6100237B614FF40053BB61002326
:102720003B623B1D1946074804F02CF80346002B7A
:1027300001D0FFF717FC034800F07CFA00BF4837D0
:10274000BD4680BD688500200000014080B58CB08A
:1027500000AF07F10C0324220021184617F0D5F82A
:102760003B1D00221A605A60214B4FF080421A60D4
:102770001F4B00225A601E4B00229A601C4B41F2F4
:102780007072DA601A4B00221A61194B80229A612A
:102790000123FB6000233B6101237B610023BB61BC
:1027A0000023FB6100233B6201237B620023BB62A9
:1027B0000023FB6207F10C0319460D4803F0DCF916
:1027C0000346002B01D0FFF7CDFB00237B600023E5
:1027D000BB603B1D1946064803F058FF0346002B1B
:1027E00001D0FFF7BFFB00BF3037BD4680BD00BF43
:1027F000B085002080B58CB000AF07F10C03242217
:102800000021184617F081F83B1D00221A605A601B
:10281000204B214A1A601F4B00225A601D4B002298
:102820009A601C4B41F27072DA601A4B00221A61F6
:10283000184B80229A610123FB6000233B61012336
:102840007B610023BB610023FB6100233B6201230A
:102850007B620023BB620023FB6207F10C03194675
:102860000C4803F089F90346002B01D0FFF77AFBEF
:1028700000237B600023BB603B1D1946054803F025
:1028800005FF0346002B01D0FFF76CFB00BF30377C
:10289000BD4680BDF88500200004004080B58CB0A6
:1028A00000AF07F10C0324220021184617F02DF881
:1028B0003B1D00221A605A60204B214A1A601F4BB0
:1028C00000225A601D4B00229A601C4B41F270722C
:1028D000DA601A4B00221A61184B80229A61012398
:1028E000FB6000233B6101237B610023BB6100236C
:1028F000FB6100233B6201237B620023BB62002358
:10290000FB6207F10C0319460C4803F035F9034646
:10291000002B01D0FFF726FB00237B600023BB6068
:102920003B1D1946054803F0B1FE0346002B01D0BC
:10293000FFF718FB00BF3037BD4680BD4086002042
:102940000008004080B58CB000AF07F10C032422D2
:102950000021184616F0D9FF3B1D00221A605A606C
:10296000204B214A1A601F4B00225A601D4B002247
:102970009A601C4B41F27072DA601A4B00221A61A5
:10298000184B80229A610123FB6000233B610123E5
:102990007B610023BB610023FB6100233B620123B9
:1029A0007B620023BB620023FB6207F10C03194624
:1029B0000C4803F0E1F80346002B01D0FFF7D2FAF0
:1029C00000237B600023BB603B1D1946054803F0D4
:1029D0005DFE0346002B01D0FFF7C4FA00BF30377D
:1029E000BD4680BD88860020000C004080B485B0C4
:1029F00000AF78607B681B680B4A93420DD10023BF
:102A0000FB600A4B5B6C094A43F001035364074BBC
:102A10005B6C03F00103FB60FB6800BF1437BD462D
:102A20005DF8047B704700BF0000014000380240A1
:102A300080B590B000AF786007F12C0300221A60D7
:102A40005A609A60DA601A617B681B68B3F1804F44
:102A50004BD10023BB62714B1B6C704A43F00103E6
:102A600013646E4B1B6C03F00103BB62BB6A002353
:102A70007B626A4B1B6B694A43F001031363674B2C
:102A80001B6B03F001037B627B6A00233B62634B99
:102A90001B6B624A43F002031363604B1B6B03F032
:102AA00002033B623B6A4FF40043FB6202233B6339
:102AB00000237B630023BB630123FB6307F12C032B
:102AC0001946574800F0EEFF0823FB6202233B63E0
:102AD00000237B630023BB630123FB6307F12C030B
:102AE0001946504800F0DEFF94E07B681B684E4AB0
:102AF00093422CD10023FB61484B1B6C474A43F0A7
:102B000002031364454B1B6C03F00203FB61FB697A
:102B10000023BB61414B1B6B404A43F0020313632C
:102B20003E4B1B6B03F00203BB61BB693023FB62AE
:102B300002233B6300237B630023BB630223FB630D
:102B400007F12C031946374800F0ACFF62E07B68C0
:102B50001B68364A93422CD100237B612F4B1B6CA0
:102B60002E4A43F0040313642C4B1B6C03F0040344
:102B70007B617B6900233B61284B1B6B274A43F039
:102B800002031363254B1B6B03F002033B613B699C
:102B9000C023FB6202233B6300237B630023BB63F0
:102BA0000223FB6307F12C0319461E4800F07AFF4D
:102BB00030E07B681B681E4A93422BD10023FB60E8
:102BC000164B1B6C154A43F008031364134B1B6C24
:102BD00003F00803FB60FB680023BB600F4B1B6B1B
:102BE0000E4A43F0010313630C4B1B6B03F001030C
:102BF000BB60BB680323FB6202233B6300237B6350
:102C00000023BB630223FB6307F12C03194604482E
:102C100000F048FF00BF4037BD4680BD003802408D
:102C20000000024000040240000400400008004090
:102C3000000C004080B588B000AF786007F10C034D
:102C400000221A605A609A60DA601A617B681B6819
:102C5000124A93421ED10023BB60114B1B6B104ADA
:102C600043F0100313630E4B1B6B03F01003BB60A8
:102C7000BB684FF4D443FB6002233B6100237B61BC
:102C80000023BB610123FB6107F10C0319460548D2
:102C900000F008FF00BF2037BD4680BD00000140A6
:102CA000003802400010024080B500AF114B124ABC
:102CB0001A60104B4FF4E1325A600E4B00229A60BA
:102CC0000C4B0022DA600B4B00221A61094B0C22DC
:102CD0005A61084B00229A61064B0022DA610548CE
:102CE00003F0B6FD0346002B01D0FFF73BF900BF10
:102CF00080BD00BFD08600200010014080B500AF2D
:102D0000114B124A1A60104B4FF4E1325A600E4BCD
:102D100000229A600C4B0022DA600B4B00221A61F1
:102D2000094B0C225A61084B00229A61064B002283
:102D3000DA61054803F08CFD0346002B01D0FFF754
:102D400011F900BF80BD00BF18870020004400407B
:102D500080B58CB000AF786007F11C0300221A60C8
:102D60005A609A60DA601A617B681B68994A9342DC
:102D700040F095800023BB61974B5B6C964A43F013
:102D800010035364944B5B6C03F01003BB61BB698D
:102D900000237B61904B1B6B8F4A43F0010313634D
:102DA0008D4B1B6B03F001037B617B694FF4C063A8
:102DB000FB6102233B6200237B620323BB62072388
:102DC000FB6207F11C031946844800F06BFE844B3C
:102DD000844A1A60824B4FF000625A60804B002296
:102DE0009A607F4B0022DA607D4B4FF480621A615B
:102DF0007B4B00225A617A4B00229A61784B4FF448
:102E00008072DA61764B4FF440321A62744B0022C2
:102E10005A62734800F044FA0346002B01D0FFF7D2
:102E2000A1F87B686E4ADA636D4A7B6893636E4BE8
:102E30006E4A1A606C4B4FF000625A606A4B402237
:102E40009A60694B0022DA60674B4FF480621A6126
:102E5000654B00225A61644B00229A61624B00224A
:102E6000DA61614B4FF440321A625F4B00225A62C2
:102E70005D4800F015FA0346002B01D0FFF772F809
:102E80007B68594A9A63584A7B68936300220521FC
:102E9000252000F0DBF9252000F0F4F996E07B68AE
:102EA0001B68534A934240F0918000233B614A4B98
:102EB0001B6C494A43F400331364474B1B6C03F407
:102EC00000333B613B690023FB60434B1B6B424A71
:102ED00043F001031363404B1B6B03F00103FB60E2
:102EE000FB680C23FB6102233B6200237B6203230C
:102EF000BB620723FB6207F11C031946374800F049
:102F0000D1FD3C4B3C4A1A603A4B4FF000625A608C
:102F1000384B00229A60374B0022DA60354B4FF471
:102F200080621A61334B00225A61324B00229A614F
:102F3000304B4FF48072DA612E4B00221A622D4B17
:102F400000225A622B4800F0ABF90346002B01D057
:102F5000FFF708F87B68274ADA63264A7B689363A1
:102F6000264B274A1A60254B4FF000625A60234BCC
:102F700040229A60214B0022DA60204B4FF480629D
:102F80001A611E4B00225A611C4B00229A611B4B96
:102F90000022DA61194B00221A62184B00225A6291
:102FA000164800F07DF90346002B01D0FEF7DAFF4A
:102FB0007B68124A9A63114A7B6893630022052159
:102FC000262000F043F9262000F05CF900BF3037DE
:102FD000BD4680BD001001400038024000000240A4
:102FE0006087002040640240C0870020B86402402F
:102FF0000044004020880020886002408088002033
:10300000A0600240DFF834D0FFF7E6FA0C480D4923
:103010000D4A002302E0D458C4500433C4188C4233
:10302000F9D30A4A0A4C002301E013600432A24299
:10303000FBD316F075FDFEF7F7FE70470000022087
:1030400000000020741C0020F8BF0108781C00203C
:10305000A8450120FEE7000080B500AF0E4B1B68BD
:103060000D4A43F4007313600B4B1B680A4A43F488
:1030700080631360084B1B68074A43F48073136036
:10308000032000F0D8F80F20FFF702F9FFF7D4F87B
:103090000023184680BD00BF003C024080B400AF52
:1030A000064B1B781A46064B1B681344044A1360F0
:1030B00000BFBD465DF8047B704700BF18000020CC
:1030C000E088002080B400AF034B1B681846BD4663
:1030D0005DF8047B704700BFE088002080B485B0B5
:1030E00000AF78607B6803F00703FB600C4BDB6884
:1030F000BB60BA684FF6FF031340BB60FB681A025F
:10310000BB68134343F0BF6343F40033BB60044A1E
:10311000BB68D36000BF1437BD465DF8047B7047C1
:1031200000ED00E080B400AF044BDB681B0A03F045
:1031300007031846BD465DF8047B704700ED00E0CC
:1031400080B483B000AF0346FB7197F90730002BC2
:103150000BDBFB7903F01F02074997F907305B0986
:10316000012000FA02F241F8232000BF0C37BD46CF
:103170005DF8047B704700BF00E100E080B483B0DD
:1031800000AF03463960FB7197F90730002B0ADB6B
:103190003B68DAB20C4997F907301201D2B20B44FE
:1031A00083F800230AE03B68DAB20849FB7903F0B0
:1031B0000F03043B1201D2B20B441A7600BF0C3746
:1031C000BD465DF8047B704700E100E000ED00E0E3
:1031D00080B489B000AFF860B9607A60FB6803F032
:1031E0000703FB61FB69C3F10703042B28BF04231A
:1031F000BB61FB690433062B02D9FB69033B00E08A
:1032000000237B614FF0FF32BB6902FA03F3DA431C
:10321000BB681A407B699A404FF0FF317B6901FA25
:1032200003F3D9437B680B40134318462437BD464C
:103230005DF8047B704780B582B000AF7860786835
:10324000FFF74CFF00BF0837BD4680BD80B586B094
:1032500000AF0346B9607A60FB7300237B61FFF720
:1032600061FF78617A68B9687869FFF7B1FF024653
:1032700097F90F3011461846FFF780FF00BF183747
:10328000BD4680BD80B582B000AF0346FB7197F9A3
:1032900007301846FFF754FF00BF0837BD4680BD12
:1032A00080B586B000AF786000237B61FFF70AFF2E
:1032B00038617B68002B01D1012399E07B680222F1
:1032C00083F835207B68002283F834207B681B68F4
:1032D0001A687B681B6822F001021A600FE0FFF792
:1032E000F1FE02463B69D31A052B08D97B682022E0
:1032F0005A657B68032283F83520032378E07B68D6
:103300001B681B6803F00103002BE8D17B681B6876
:103310001B687B617A69384B13407B617B685A6814
:103320007B689B681A437B68DB681A437B681B6970
:103330001A437B685B691A437B689B691A437B6805
:10334000DB691A437B681B6A13437A6913437B6109
:103350007B685B6A042B07D17B68DA6A7B681B6B2E
:1033600013437A6913437B617B681B687A691A602F
:103370007B681B685B697B617B6923F007037B616A
:103380007B685B6A7A6913437B617B685B6A042BA9
:1033900017D17B689B6A7A6913437B617B68DB6A20
:1033A000002B0ED0786800F001FB0346002B08D0FC
:1033B0007B6840225A657B68012283F8352001230F
:1033C00016E07B681B687A695A61786800F0B8FA81
:1033D0000346FB607B68DB6D3F229A40FB689A6086
:1033E0007B6800225A657B68012283F83520002320
:1033F00018461837BD4680BD3F8010F080B586B0B6
:1034000000AFF860B9607A603B600023FB75FB6831
:103410009B6D3B61FB6893F83430012B01D1022393
:1034200040E0FB68012283F83420FB6893F83530D4
:10343000DBB2012B2FD1FB68022283F83520FB6819
:1034400000225A653B687A68B968F86800F04AFA61
:10345000FB68DB6D3F229A403B699A60FB681B6802
:103460001A68FB681B6842F016021A60FB681B6C46
:10347000002B07D0FB681B681A68FB681B6842F0CA
:1034800008021A60FB681B681A68FB681B6842F038
:1034900001021A6005E0FB68002283F83420022351
:1034A000FB75FB7D18461837BD4680BD80B584B0DE
:1034B00000AF78607B689B6DFB60FFF703FEB86030
:1034C0007B6893F83530DBB2022B08D07B68802212
:1034D0005A657B68002283F83420012352E07B6820
:1034E0001B681A687B681B6822F016021A607B68EA
:1034F0001B685A697B681B6822F080025A617B68EE
:103500001B6C002B03D17B689B6C002B07D07B6866
:103510001B681A687B681B6822F008021A607B68C7
:103520001B681A687B681B6822F001021A6013E0AE
:10353000FFF7C8FD0246BB68D31A052B0CD97B6880
:1035400020225A657B68032283F835207B6800229D
:1035500083F83420032315E07B681B681B6803F0A5
:103560000103002BE4D17B68DB6D3F229A40FB68AE
:103570009A607B68012283F835207B68002283F8FB
:103580003420002318461037BD4680BD80B483B078
:1035900000AF78607B6893F83530DBB2022B04D043
:1035A0007B6880225A6501230CE07B68052283F842
:1035B00035207B681B681A687B681B6822F0010253
:1035C0001A60002318460C37BD465DF8047B70472F
:1035D00080B586B000AF78600023BB608E4B1B685F
:1035E0008E4AA2FB03239B0A7B617B689B6D3B6138
:1035F0003B691B68FB607B68DB6D08229A40FB68B7
:103600001340002B1AD07B681B681B6803F004036F
:10361000002B13D07B681B681A687B681B6822F03C
:1036200004021A607B68DB6D08229A403B699A604D
:103630007B685B6D43F001027B685A657B68DB6DDC
:1036400001229A40FB681340002B12D07B681B6854
:103650005B6903F08003002B0BD07B68DB6D0122DC
:103660009A403B699A607B685B6D43F002027B681D
:103670005A657B68DB6D04229A40FB681340002B7F
:1036800012D07B681B681B6803F00203002B0BD071
:103690007B68DB6D04229A403B699A607B685B6DB6
:1036A00043F004027B685A657B68DB6D10229A4008
:1036B000FB681340002B43D07B681B681B6803F03A
:1036C0000803002B3CD07B68DB6D10229A403B69DD
:1036D0009A607B681B681B6803F48023002B18D05A
:1036E0007B681B681B6803F40023002B08D17B68F0
:1036F0001B6C002B24D07B681B6C786898471FE0FC
:103700007B689B6C002B1BD07B689B6C7868984710
:1037100016E07B681B681B6803F48073002B07D1DD
:103720007B681B681A687B681B6822F008021A60B5
:103730007B681B6C002B03D07B681B6C78689847F8
:103740007B68DB6D20229A40FB681340002B00F061
:103750008F807B681B681B6803F01003002B00F050
:1037600087807B68DB6D20229A403B699A607B688A
:1037700093F83530DBB2052B36D17B681B681A68AD
:103780007B681B6822F016021A607B681B685A6906
:103790007B681B6822F080025A617B681B6C002BDF
:1037A00003D17B689B6C002B07D07B681B681A6871
:1037B0007B681B6822F008021A607B68DB6D3F2281
:1037C0009A403B699A607B68012283F835207B68C8
:1037D000002283F834207B681B6D002B7ED07B6831
:1037E0001B6D7868984779E07B681B681B6803F459
:1037F0008023002B1DD07B681B681B6803F400230B
:10380000002B0DD17B685B6C002B31D07B685B6C2F
:10381000786898472CE000BF10000020B5814E1B4F
:103820007B68DB6B002B23D07B68DB6B7868984769
:103830001EE07B681B681B6803F48073002B0FD1AC
:103840007B681B681A687B681B6822F010021A608C
:103850007B68012283F835207B68002283F83420BE
:103860007B68DB6B002B03D07B68DB6B7868984749
:103870007B685B6D002B32D07B685B6D03F00103CE
:10388000002B22D07B68052283F835207B681B68DB
:103890001A687B681B6822F001021A60BB6801335A
:1038A000BB607A699A4207D37B681B681B6803F088
:1038B0000103002BF2D100E000BF7B68012283F8F6
:1038C00035207B68002283F834207B68DB6C002B7A
:1038D00005D07B68DB6C7868984700E000BF18373C
:1038E000BD4680BD80B485B000AFF860B9607A6035
:1038F0003B60FB681B681A68FB681B6822F4802227
:103900001A60FB681B683A685A60FB689B68402B2A
:1039100008D1FB681B687A689A60FB681B68BA6804
:10392000DA6007E0FB681B68BA689A60FB681B688E
:103930007A68DA6000BF1437BD465DF8047B7047D3
:1039400080B485B000AF78607B681B68DBB2103B49
:10395000144AA2FB03231B09FB60134AFB681344B0
:103960001B781A467B68DA65FB68032B09D97B68EC
:103970001B6823F47F7323F003031A1D7B689A6589
:1039800007E07B681B6823F47F7323F003037A68E6
:1039900093657B689B6D18461437BD465DF8047BC4
:1039A000704700BFABAAAAAADCAA010880B485B000
:1039B00000AF78600023FB737B689B6ABB607B6809
:1039C0009B69002B1FD1BB68032B56D801A252F86C
:1039D00023F000BFE5390008F7390008E539000891
:1039E0007B3A00087B68DB6A03F08073002B46D0CB
:1039F0000123FB7343E07B68DB6AB3F1C07F40D1F6
:103A00000123FB733DE07B689B69B3F5005F21D127
:103A1000BB68032B37D801A252F823F02D3A0008D7
:103A2000333A00082D3A0008453A00080123FB7399
:103A300030E07B68DB6A03F08073002B25D0012324
:103A4000FB7322E07B68DB6AB3F1C07F1FD10123E7
:103A5000FB731CE0BB68022B03D9BB68032B03D0AC
:103A600018E00123FB7315E07B68DB6A03F08073C9
:103A7000002B0ED00123FB730BE000BF0AE000BF58
:103A800008E000BF06E000BF04E000BF02E000BFA6
:103A900000E000BFFB7B18461437BD465DF8047B91
:103AA000704700BF80B489B000AF786039600023F0
:103AB0007B6100233B610023BB610023FB616BE161
:103AC0000122FB6902FA03F37B613B681B687A6998
:103AD00013403B613A697B699A4240F05A813B68E6
:103AE0005B6803F00303012B05D03B685B6803F0C0
:103AF0000303022B30D17B689B68BB61FB695B00D1
:103B0000032202FA03F3DB43BA691340BB613B684B
:103B1000DA68FB695B0002FA03F3BA691343BB611D
:103B20007B68BA699A607B685B68BB610122FB694C
:103B300002FA03F3DB43BA691340BB613B685B687D
:103B40001B0903F00102FB6902FA03F3BA6913438C
:103B5000BB617B68BA695A603B685B6803F003032A
:103B6000032B17D07B68DB68BB61FB695B0003221A
:103B700002FA03F3DB43BA691340BB613B689A68FE
:103B8000FB695B0002FA03F3BA691343BB617B680C
:103B9000BA69DA603B685B6803F00303022B23D148
:103BA000FB69DA087B68083253F82230BB61FB6995
:103BB00003F007039B000F2202FA03F3DB43BA6909
:103BC0001340BB613B681A69FB6903F007039B0064
:103BD00002FA03F3BA691343BB61FB69DA087B6835
:103BE0000832B96943F822107B681B68BB61FB6926
:103BF0005B00032202FA03F3DB43BA691340BB61A3
:103C00003B685B6803F00302FB695B0002FA03F3A5
:103C1000BA691343BB617B68BA691A603B685B6829
:103C200003F44033002B00F0B4800023FB60604BB2
:103C30005B6C5F4A43F4804353645D4B5B6C03F4FD
:103C40008043FB60FB685B4AFB699B08023352F8C8
:103C50002330BB61FB6903F003039B000F2202FAD0
:103C600003F3DB43BA691340BB617B68524A93425A
:103C70002BD07B68514A934225D07B68504A9342AF
:103C80001FD07B684F4A934219D07B684E4A9342BB
:103C900013D07B684D4A93420DD07B684C4A9342C7
:103CA00007D07B684B4A934201D107230EE00823DB
:103CB0000CE006230AE0052308E0042306E00323C2
:103CC00004E0022302E0012300E00023FA6902F08D
:103CD000030292009340BA691343BB613549FB6903
:103CE0009B080233BA6941F823203B4B9B68BB61B8
:103CF0003B69DB43BA691340BB613B685B6803F413
:103D00008013002B03D0BA693B691343BB61324A6D
:103D1000BB699360304BDB68BB613B69DB43BA69CD
:103D20001340BB613B685B6803F40013002B03D0B6
:103D3000BA693B691343BB61274ABB69D360264B11
:103D40005B68BB613B69DB43BA691340BB613B689D
:103D50005B6803F40033002B03D0BA693B6913435B
:103D6000BB611D4ABB6953601B4B1B68BB613B6950
:103D7000DB43BA691340BB613B685B6803F4803383
:103D8000002B03D0BA693B691343BB61124ABB697C
:103D90001360FB690133FB61FB690F2B7FF690AE6B
:103DA00000BF00BF2437BD465DF8047B704700BFED
:103DB0000038024000380140000002400004024088
:103DC00000080240000C02400010024000140240B3
:103DD00000180240001C0240003C014080B584B045
:103DE00000AF78607B68002B01D101232BE17B6859
:103DF00093F83D30DBB2002B06D17B68002283F8BC
:103E00003C207868FDF7C8FF7B68242283F83D20BA
:103E10007B681B681A687B681B6822F001021A60C5
:103E20007B681B681A687B681B6842F400421A6052
:103E30007B681B681A687B681B6822F400421A6062
:103E400001F05EFCF8607B685B68814A934207D8AA
:103E5000FB68804A934294BF01230023DBB206E053
:103E6000FB687D4A934294BF01230023DBB2002B01
:103E700001D00123E7E0FB68784AA2FB03239B0CF7
:103E8000BB607B681B685B6823F03F017B681B6835
:103E9000BA680A435A607B681B681B6A23F03F01BB
:103EA0007B685B686A4A934202D8BB68013309E0C9
:103EB000BB684FF4967202FB03F3694AA2FB03232B
:103EC0009B0901337A6812680B4313627B681B6895
:103ED000DB6923F44F4222F0FF027B685B685C4998
:103EE0008B4219D8FB68591E7B685B685B00B1FB8D
:103EF000F3F3591C40F6FC730B40002B0AD0FB680F
:103F0000591E7B685B685B00B1FBF3F30133C3F3BD
:103F10000B0351E004234FE07B689B68002B11D119
:103F2000FB68581E7B6859680B465B000B44B0FB6E
:103F3000F3F30133C3F30B03002B0CBF0123002366
:103F4000DBB212E0FB68581E7B6859680B469B0089
:103F50000B4499000B44B0FBF3F30133C3F30B03A1
:103F6000002B0CBF01230023DBB2002B01D0012367
:103F700022E07B689B68002B0ED1FB68581E7B6893
:103F800059680B465B000B44B0FBF3F30133C3F3FA
:103F90000B0343F400430FE0FB68581E7B6859682D
:103FA0000B469B000B4499000B44B0FBF3F3013329
:103FB000C3F30B0343F44043796809681343CB61AF
:103FC0007B681B681B6823F0C0017B68DA697B682B
:103FD0001B6A1A437B681B680A431A607B681B686C
:103FE0009B6823F4034323F0FF037A6811697A681E
:103FF000D26811437A6812680B4393607B681B6830
:10400000DB6823F0FF017B685A697B689B691A4370
:104010007B681B680A43DA607B681B681A687B68E8
:104020001B6842F001021A607B6800221A647B68F8
:10403000202283F83D207B6800221A637B680022DF
:1040400083F83E20002318461037BD4680BD00BFD0
:10405000A08601007F841E00FF083D0083DE1B4315
:10406000D34D621080B588B002AFF86008461146A3
:104070001A4603467B810B463B811346FB80FFF7C4
:1040800021F87861FB6893F83D30DBB2202B40F0DB
:10409000D9807B690093192301226D49F86800F0EB
:1040A0008BFC0346002B01D00223CCE0FB6893F885
:1040B0003C30012B01D10223C5E0FB68012283F8CB
:1040C0003C20FB681B681B6803F00103012B07D031
:1040D000FB681B681A68FB681B6842F001021A60E3
:1040E000FB681B681A68FB681B6822F400621A6090
:1040F000FB68212283F83D20FB68402283F83E20A4
:10410000FB6800221A64FB683A6A5A62FB68BA8C40
:104110005A85FB685B8D9AB2FB681A85FB684D4A2D
:10412000DA62F8883A8979897B690193BB6A0093DE
:104130000346F86800F0C2FA0346002B52D0012370
:1041400081E07A69B96AF86800F050FD0346002BF7
:104150000DD0FB681B6C042B07D1FB681B681A6829
:10416000FB681B6842F400721A6001236BE0FB6875
:104170005B6A1A78FB681B681A61FB685B6A5A1CE9
:10418000FB685A62FB681B8D013B9AB2FB681A857B
:10419000FB685B8D9BB2013B9AB2FB685A85FB685A
:1041A0001B685B6903F00403042B1BD1FB681B8DA8
:1041B000002B17D0FB685B6A1A78FB681B681A61D2
:1041C000FB685B6A5A1CFB685A62FB681B8D013BEB
:1041D0009AB2FB681A85FB685B8D9BB2013B9AB271
:1041E000FB685A85FB681B8D002BAAD17A69B96AD6
:1041F000F86800F043FD0346002B0DD0FB681B6CF4
:10420000042B07D1FB681B681A68FB681B6842F423
:1042100000721A60012316E0FB681B681A68FB68CD
:104220001B6842F400721A60FB68202283F83D206C
:10423000FB68002283F83E20FB68002283F83C20C4
:10424000002300E0022318461837BD4680BD00BF9A
:10425000020010000000FFFF80B58CB002AFF860D4
:10426000084611461A4603467B810B463B8113469E
:10427000FB80FEF727FF7862FB6893F83D30DBB2E6
:10428000202B40F014827B6A0093192301227B4982
:10429000F86800F091FB0346002B01D0022307E2EF
:1042A000FB6893F83C30012B01D1022300E2FB684C
:1042B000012283F83C20FB681B681B6803F00103A4
:1042C000012B07D0FB681B681A68FB681B6842F06B
:1042D00001021A60FB681B681A68FB681B6822F4FD
:1042E00000621A60FB68222283F83D20FB684022AE
:1042F00083F83E20FB6800221A64FB683A6B5A621E
:10430000FB68BA8E5A85FB685B8D9AB2FB681A858A
:10431000FB685B4ADA62F8883A8979897B6A01939B
:10432000BB6B00930346F86800F05EFA0346002B6F
:1043300001D00123BCE1FB681B8D002B13D10023AE
:104340003B62FB681B685B693B62FB681B689B699F
:104350003B623B6AFB681B681A68FB681B6842F497
:1043600000721A6090E1FB681B8D012B1BD1FB686A
:104370001B681A68FB681B6822F480621A600023BD
:10438000FB61FB681B685B69FB61FB681B689B69E1
:10439000FB61FB69FB681B681A68FB681B6842F4D9
:1043A00000721A6070E1FB681B8D022B1BD1FB6849
:1043B0001B681A68FB681B6822F480621A60FB683D
:1043C0001B681A68FB681B6842F400621A600023CD
:1043D000BB61FB681B685B69BB61FB681B689B6911
:1043E000BB61BB6950E100237B61FB681B685B69B3
:1043F0007B61FB681B689B697B617B6944E1FB68AF
:104400001B8D032B00F2F180FB681B8D012B23D148
:104410007A6AB96BF86800F079FC0346002B01D08A
:10442000012345E1FB681B681A69FB685B6AD2B22D
:104430001A70FB685B6A5A1CFB685A62FB681B8D2A
:10444000013B9AB2FB681A85FB685B8D9BB2013B0E
:104450009AB2FB685A8517E1FB681B8D022B4ED17F
:104460007B6A0093BB6B00220649F86800F0A4FA4F
:104470000346002B08D001231AE100BF0200100000
:104480000000FFFF04000100FB681B681A68FB685E
:104490001B6842F400721A60FB681B681A69FB68AB
:1044A0005B6AD2B21A70FB685B6A5A1CFB685A627C
:1044B000FB681B8D013B9AB2FB681A85FB685B8D1C
:1044C0009BB2013B9AB2FB685A85FB681B681A696C
:1044D000FB685B6AD2B21A70FB685B6A5A1CFB68A5
:1044E0005A62FB681B8D013B9AB2FB681A85FB6818
:1044F0005B8D9BB2013B9AB2FB685A85C4E07B6A34
:104500000093BB6B00226C49F86800F055FA034633
:10451000002B01D00123CBE0FB681B681A68FB6805
:104520001B6822F480621A60FB681B681A69FB68CA
:104530005B6AD2B21A70FB685B6A5A1CFB685A62EB
:10454000FB681B8D013B9AB2FB681A85FB685B8D8B
:104550009BB2013B9AB2FB685A857B6A0093BB6BA6
:1045600000225549F86800F027FA0346002B01D0D5
:1045700001239DE0FB681B681A68FB681B6842F416
:1045800000721A60FB681B681A69FB685B6AD2B22A
:104590001A70FB685B6A5A1CFB685A62FB681B8DC9
:1045A000013B9AB2FB681A85FB685B8D9BB2013BAD
:1045B0009AB2FB685A85FB681B681A69FB685B6ADC
:1045C000D2B21A70FB685B6A5A1CFB685A62FB68BD
:1045D0001B8D013B9AB2FB681A85FB685B8D9BB211
:1045E000013B9AB2FB685A854EE07A6AB96BF8686B
:1045F00000F08CFB0346002B01D0012358E0FB6840
:104600001B681A69FB685B6AD2B21A70FB685B6A46
:104610005A1CFB685A62FB681B8D013B9AB2FB680F
:104620001A85FB685B8D9BB2013B9AB2FB685A8589
:10463000FB681B685B6903F00403042B24D1FB684F
:104640001B8D032B07D1FB681B681A68FB681B686E
:1046500022F480621A60FB681B681A69FB685B6A57
:10466000D2B21A70FB685B6A5A1CFB685A62FB681C
:104670001B8D013B9AB2FB681A85FB685B8D9BB270
:10468000013B9AB2FB685A85FB681B8D002B7FF4B7
:10469000B6AEFB68202283F83D20FB68002283F839
:1046A0003E20FB68002283F83C20002300E0022328
:1046B00018462837BD4680BD0400010080B588B08B
:1046C00002AFF860084611461A4603467B810B4646
:1046D0003B811346FB80FB681B681A68FB681B68FC
:1046E00042F480721A607B6A00933B6A00224FF0AA
:1046F0000111F86800F060F90346002B0DD0FB684B
:104700001B681B6803F48073B3F5807F03D1FB68DB
:104710004FF400721A6403235FE07B89DBB21A4610
:10472000FB681B6802F0FE021A617B6A3A6A2D4937
:10473000F86800F0BBF90346002B01D001234CE0E0
:1047400000237B61FB681B685B697B61FB681B68FE
:104750009B697B617B697A6A396AF86800F046FA7E
:104760000346002B0DD0FB681B6C042B07D1FB68A4
:104770001B681A68FB681B6842F400721A60012308
:104780002BE0FB88012B05D13B89DAB2FB681B6863
:104790001A6121E03B891B0A9BB2DAB2FB681B68F5
:1047A0001A617A6A396AF86800F020FA0346002B29
:1047B0000DD0FB681B6C042B07D1FB681B681A68C3
:1047C000FB681B6842F400721A60012305E03B8914
:1047D000DAB2FB681B681A61002318461837BD4619
:1047E00080BD00BF0200010080B588B002AFF86054
:1047F000084611461A4603467B810B463B81134609
:10480000FB80FB681B681A68FB681B6842F48062C7
:104810001A60FB681B681A68FB681B6842F48072A8
:104820001A607B6A00933B6A00224FF00111F8681E
:1048300000F0C2F80346002B0DD0FB681B681B6814
:1048400003F48073B3F5807F03D1FB684FF40072EB
:104850001A640323AAE07B89DBB21A46FB681B6853
:1048600002F0FE021A617B6A3A6A5249F86800F067
:104870001DF90346002B01D0012397E000237B6143
:10488000FB681B685B697B61FB681B689B697B61DC
:104890007B697A6A396AF86800F0A8F90346002B48
:1048A0000DD0FB681B6C042B07D1FB681B681A68D2
:1048B000FB681B6842F400721A60012376E0FB88F3
:1048C000012B05D13B89DAB2FB681B681A6121E034
:1048D0003B891B0A9BB2DAB2FB681B681A617A6AD1
:1048E000396AF86800F082F90346002B0DD0FB68A6
:1048F0001B6C042B07D1FB681B681A68FB681B68DC
:1049000042F400721A60012350E03B89DAB2FB687E
:104910001B681A617A6A396AF86800F067F9034619
:10492000002B0DD0FB681B6C042B07D1FB681B68A8
:104930001A68FB681B6842F400721A60012335E0B4
:10494000FB681B681A68FB681B6842F480721A6077
:104950007B6A00933B6A00224FF00111F86800F077
:104960002BF80346002B0DD0FB681B681B6803F473
:104970008073B3F5807F03D1FB684FF400721A6433
:10498000032313E07B89DBB243F00103DAB2FB6857
:104990001B681A617B6A3A6A0649F86800F086F873
:1049A0000346002B01D0012300E0002318461837EE
:1049B000BD4680BD0200010080B584B000AFF86044
:1049C000B9603B601346FB7148E03B68B3F1FF3FC1
:1049D00044D0FEF777FB0246BB69D31A3A689A4285
:1049E00002D33B68002B39D1BB681B0CDBB2012B17
:1049F0000DD1FB681B685B69DA43BB6813409BB24F
:104A0000002B0CBF01230023DBB21A460CE0FB682D
:104A10001B689B69DA43BB6813409BB2002B0CBF39
:104A200001230023DBB21A46FB799A4216D1FB68B8
:104A300000221A63FB68202283F83D20FB680022D5
:104A400083F83E20FB681B6C43F02002FB681A646D
:104A5000FB68002283F83C20012323E0BB681B0C89
:104A6000DBB2012B0DD1FB681B685B69DA43BB68C5
:104A700013409BB2002B0CBF01230023DBB21A466C
:104A80000CE0FB681B689B69DA43BB6813409BB270
:104A9000002B0CBF01230023DBB21A46FB799A429C
:104AA00093D0002318461037BD4680BD80B584B032
:104AB00000AFF860B9607A603B6071E0FB681B682A
:104AC0005B6903F48063B3F5806F23D1FB681B68D7
:104AD0001A68FB681B6842F400721A60FB681B6866
:104AE0006FF480625A61FB6800221A63FB6820221F
:104AF00083F83D20FB68002283F83E20FB681B6C96
:104B000043F00402FB681A64FB68002283F83C202F
:104B1000012367E07B68B3F1FF3F41D0FEF7D2FA93
:104B200002463B68D31A7A689A4202D37B68002B0C
:104B300036D1BB681B0CDBB2012B0CD1FB681B68A8
:104B40005B69DA43BB6813409BB2002B14BF01239F
:104B50000023DBB20BE0FB681B689B69DA43BB6890
:104B600013409BB2002B14BF01230023DBB2002BA8
:104B700016D0FB6800221A63FB68202283F83D20D0
:104B8000FB68002283F83E20FB681B6C43F0200288
:104B9000FB681A64FB68002283F83C20012321E0B3
:104BA000BB681B0CDBB2012B0CD1FB681B685B697B
:104BB000DA43BB6813409BB2002B14BF01230023D0
:104BC000DBB20BE0FB681B689B69DA43BB681340F0
:104BD0009BB2002B14BF01230023DBB2002B7FF418
:104BE0006DAF002318461037BD4680BD80B584B038
:104BF00000AFF860B9607A6034E0F86800F0E3F87C
:104C00000346002B01D0012334E0BB68B3F1FF3F22
:104C100028D0FEF757FA02467B68D31ABA689A4240
:104C200002D3BB68002B1DD1FB681B685B6903F0D6
:104C30008003802B16D0FB6800221A63FB682022B9
:104C400083F83D20FB68002283F83E20FB681B6C44
:104C500043F02002FB681A64FB68002283F83C20C2
:104C6000012307E0FB681B685B6903F08003802B6E
:104C7000C3D1002318461037BD4680BD80B584B02F
:104C800000AFF860B9607A6034E0F86800F09BF833
:104C90000346002B01D0012334E0BB68B3F1FF3F92
:104CA00028D0FEF70FFA02467B68D31ABA689A42F8
:104CB00002D3BB68002B1DD1FB681B685B6903F046
:104CC0000403042B16D0FB6800221A63FB68202221
:104CD00083F83D20FB68002283F83E20FB681B6CB4
:104CE00043F02002FB681A64FB68002283F83C2032
:104CF000012307E0FB681B685B6903F00403042BD6
:104D0000C3D1002318461037BD4680BD80B584B09E
:104D100000AFF860B9607A6049E0FB681B685B69C6
:104D200003F01003102B19D1FB681B686FF0100201
:104D30005A61FB6800221A63FB68202283F83D2039
:104D4000FB68002283F83E20FB681A6CFB681A643B
:104D5000FB68002283F83C20012330E0FEF7B2F923
:104D600002467B68D31ABA689A4202D3BB68002B0A
:104D70001DD1FB681B685B6903F04003402B16D014
:104D8000FB6800221A63FB68202283F83D20FB6841
:104D9000002283F83E20FB681B6C43F02002FB6876
:104DA0001A64FB68002283F83C20012307E0FB68BB
:104DB0001B685B6903F04003402BAED1002318460B
:104DC0001037BD4680BD80B483B000AF78607B688B
:104DD0001B685B6903F48063B3F5806F1BD17B684C
:104DE0001B686FF480625A617B6800221A637B68DB
:104DF000202283F83D207B68002283F83E207B68D8
:104E00001B6C43F004027B681A647B68002283F801
:104E10003C20012300E0002318460C37BD465DF816
:104E2000047B704780B586B000AF78607B68002B4C
:104E300001D1012367E27B681B6803F00103002BAB
:104E400075D0884B9B6803F00C03042B0CD0854B6A
:104E50009B6803F00C03082B12D1824B5B6803F4B0
:104E60008003B3F5800F0BD17E4B1B6803F4003336
:104E7000002B5BD07B685B68002B57D1012342E29B
:104E80007B685B68B3F5803F06D1764B1B68754A3B
:104E900043F4803313601DE07B685B68B3F5A02F9B
:104EA0000CD1704B1B686F4A43F4802313606D4B29
:104EB0001B686C4A43F4803313600BE0694B1B683A
:104EC000684A23F480331360664B1B68654A23F4F9
:104ED000802313607B685B68002B13D0FEF7F2F829
:104EE000386108E0FEF7EEF802463B69D31A642BFE
:104EF00001D9032307E25B4B1B6803F40033002B4B
:104F0000F0D014E0FEF7DEF8386108E0FEF7DAF8DA
:104F100002463B69D31A642B01D90323F3E1514BB9
:104F20001B6803F40033002BF0D100E000BF7B6866
:104F30001B6803F00203002B63D04A4B9B6803F00D
:104F40000C03002B0BD0474B9B6803F00C03082B82
:104F50001CD1444B5B6803F48003002B16D1414BFA
:104F60001B6803F00203002B05D07B68DB68012B74
:104F700001D00123C7E13B4B1B6823F0F8027B689B
:104F80001B69DB00374913430B603AE07B68DB6841
:104F9000002B20D0344B01221A60FEF793F83861C1
:104FA00008E0FEF78FF802463B69D31A022B01D9BD
:104FB0000323A8E12B4B1B6803F00203002BF0D066
:104FC000284B1B6823F0F8027B681B69DB0025492E
:104FD00013430B6015E0244B00221A60FEF772F8B1
:104FE000386108E0FEF76EF802463B69D31A022BDF
:104FF00001D9032387E11B4B1B6803F00203002B3D
:10500000F0D17B681B6803F00803002B36D07B6867
:105010005B69002B16D0154B01221A60FEF752F87F
:10502000386108E0FEF74EF802463B69D31A022BBE
:1050300001D9032367E10B4B5B6F03F00203002BE5
:10504000F0D01BE0094B00221A60FEF73BF83861F4
:105050000EE0FEF737F802463B69D31A022B07D958
:10506000032350E10038024000004742800E4742CF
:10507000884B5B6F03F00203002BEAD17B681B684F
:1050800003F00403002B00F097800023FB75814B95
:105090001B6C03F08053002B0FD10023BB607D4BB2
:1050A0001B6C7C4A43F0805313647A4B1B6C03F0F7
:1050B0008053BB60BB680123FB75774B1B6803F40F
:1050C0008073002B18D1744B1B68734A43F48073B0
:1050D0001360FDF7F7FF386108E0FDF7F3FF0246C4
:1050E0003B69D31A022B01D903230CE16A4B1B68DD
:1050F00003F48073002BF0D07B689B68012B06D1F2
:10510000644B1B6F634A43F0010313671CE07B6829
:105110009B68052B0CD15F4B1B6F5E4A43F0040369
:1051200013675C4B1B6F5B4A43F0010313670BE093
:10513000584B1B6F574A23F001031367554B1B6FE6
:10514000544A23F0040313677B689B68002B15D037
:10515000FDF7B8FF38610AE0FDF7B4FF02463B698E
:10516000D31A41F28832934201D90323CBE0494B51
:105170001B6F03F00203002BEED014E0FDF7A2FF3B
:1051800038610AE0FDF79EFF02463B69D31A41F2FF
:105190008832934201D90323B5E03E4B1B6F03F0E5
:1051A0000203002BEED1FB7D012B05D1394B1B6C8B
:1051B000384A23F0805313647B689B69002B00F00E
:1051C000A180344B9B6803F00C03082B5CD07B68F8
:1051D0009B69022B41D1314B00221A60FDF772FF0F
:1051E000386108E0FDF76EFF02463B69D31A022BD7
:1051F00001D9032387E0274B1B6803F00073002BC2
:10520000F0D17B68DA697B681B6A1A437B685B6A4A
:105210009B011A437B689B6A5B08013B1B041A4392
:105220007B68DB6A1B061B4913434B601B4B012247
:105230001A60FDF747FF386108E0FDF743FF0246BB
:105240003B69D31A022B01D903235CE0114B1B6885
:1052500003F00073002BF0D054E0104B00221A60D2
:10526000FDF730FF386108E0FDF72CFF02463B698F
:10527000D31A022B01D9032345E0064B1B6803F028
:105280000073002BF0D13DE07B689B69012B07D1B7
:10529000012338E0003802400070004060004742BF
:1052A0001B4B5B68FB607B689B69012B28D0FB680C
:1052B00003F480027B68DB699A4221D1FB6803F02A
:1052C0003F027B681B6A9A421AD1FA6847F6C0739C
:1052D00013407A68526A9201934211D1FB6803F439
:1052E00040327B689B6A5B08013B1B049A4207D1F2
:1052F000FB6803F070627B68DB6A1B069A4201D090
:10530000012300E0002318461837BD4680BD00BFCA
:105310000038024080B584B000AF786039607B68A7
:10532000002B01D10123CCE0684B1B6803F007037D
:105330003A689A420CD9654B3A68D2B21A70634BFC
:105340001B6803F007033A689A4201D00123B8E0D2
:105350007B681B6803F00203002B20D07B681B686E
:1053600003F00403002B05D0594B9B68584A43F4C3
:10537000E05393607B681B6803F00803002B05D0A3
:10538000534B9B68524A43F460439360504B9B6875
:1053900023F0F0027B689B684D4913438B607B6868
:1053A0001B6803F00103002B44D07B685B68012B72
:1053B00007D1474B1B6803F40033002B19D101239D
:1053C0007FE07B685B68022B03D07B685B68032B04
:1053D00007D13F4B1B6803F00073002B09D1012359
:1053E0006FE03B4B1B6803F00203002B01D101234C
:1053F00067E0374B9B6823F003027B685B683449A6
:1054000013438B60FDF75EFEF8600AE0FDF75AFE7D
:105410000246FB68D31A41F28832934201D9032332
:105420004FE02B4B9B6803F00C027B685B689B0092
:105430009A42EBD1254B1B6803F007033A689A4266
:105440000CD2224B3A68D2B21A70204B1B6803F080
:1054500007033A689A4201D0012332E07B681B6857
:1054600003F00403002B08D0194B9B6823F4E0528F
:105470007B68DB68164913438B607B681B6803F00D
:105480000803002B09D0124B9B6823F460427B6811
:105490001B69DB000E4913438B6000F021F80246C4
:1054A0000B4B9B681B0903F00F030A49CB5C22FAE4
:1054B00003F3094A1360094B1B681846FCF7E8FE22
:1054C000002318461037BD4680BD00BF003C024097
:1054D00000380240C4AA0108100000201400002077
:1054E0002DE9B04F94B000AF00237B640023FB6430
:1054F00000233B640023BB64794B9B6803F00C03DF
:10550000082B0DD0082B00F2E180002B02D0042BD9
:1055100003D0DBE0734BBB64DBE0724BBB64D8E0D1
:105520006F4B5B6803F03F037B646D4B5B6803F478
:105530008003002B63D06A4B5B689B090022BB632E
:10554000FA63BB6BC3F308033B6300237B63D7E9B8
:105550000C4522462B464FF000004FF00001590148
:1055600041EAD261500102460B462146511A396187
:10557000294663EB01037B614FF000024FF000030B
:10558000D7E904AB59468B01514643EA9163514632
:105590008A015146B2EB0108594663EB01094FF00D
:1055A00000024FF000034FEAC90343EA58734FEA81
:1055B000C80290469946234618EB0303BB602B466E
:1055C00049EB0303FB604FF000024FF00003D7E903
:1055D000024529468B02214643EA915321468A021D
:1055E000104619467B6C0022BB62FA62D7E90A2397
:1055F000FBF704FA02460B461346FB6458E0384BAF
:105600005B689B09002218461146C0F308033B6201
:1056100000237B62D7E9088942464B464FF00000E1
:105620004FF00001590141EAD261500102460B4698
:105630004146B2EB010A494663EB010B4FF0000211
:105640004FF000034FEA8B1343EA9A634FEA8A1242
:10565000B2EB0A0463EB0B054FF000024FF00003BE
:10566000EB0043EA5473E20014461D464346E31838
:105670003B604B4645EB03037B604FF000024FF06D
:105680000003D7E9004529468B02214643EA91539E
:1056900021468A02104619467B6C0022BB61FA61E2
:1056A000D7E90623FBF7AAF902460B461346FB642B
:1056B0000B4B5B681B0C03F0030301335B003B6483
:1056C000FA6C3B6CB2FBF3F3BB6402E0054BBB64CA
:1056D00000BFBB6C18465037BD46BDE8B08F00BF59
:1056E000003802400024F40080B400AF034B1B6874
:1056F0001846BD465DF8047B704700BF10000020CF
:1057000080B500AFFFF7F0FF0246054B9B689B0A90
:1057100003F007030349CB5C22FA03F3184680BD6C
:1057200000380240D4AA010880B500AFFFF7DCFFC3
:105730000246054B9B685B0B03F007030349CB5CF8
:1057400022FA03F3184680BD00380240D4AA0108AB
:1057500080B483B000AF786039607B680F221A6034
:10576000124B9B6803F003027B685A600F4B9B68E7
:1057700003F0F0027B689A600C4B9B6803F4E052E4
:105780007B68DA60094B9B68DB0803F4E0527B68B6
:105790001A61074B1B6803F007023B681A6000BFE1
:1057A0000C37BD465DF8047B704700BF00380240EF
:1057B000003C024080B582B000AF78607B68002B6F
:1057C00001D1012341E07B6893F83D30DBB2002B2F
:1057D00006D17B68002283F83C20786800F039F815
:1057E0007B68022283F83D207B681A687B6804335B
:1057F0001946104600F0CEFC7B68012283F8462053
:105800007B68012283F83E207B68012283F83F20D9
:105810007B68012283F840207B68012283F84120C5
:105820007B68012283F842207B68012283F84320B1
:105830007B68012283F844207B68012283F845209D
:105840007B68012283F83D20002318460837BD46B7
:1058500080BD80B483B000AF786000BF0C37BD4618
:105860005DF8047B7047000080B485B000AF7860BD
:105870007B6893F83D30DBB2012B01D001234EE071
:105880007B68022283F83D207B681B68DA687B68AE
:105890001B6842F00102DA607B681B68234A93426E
:1058A00022D07B681B68B3F1804F1DD07B681B68DA
:1058B0001F4A934218D07B681B681E4A934213D03C
:1058C0007B681B681C4A93420ED07B681B681B4A8E
:1058D000934209D07B681B68194A934204D07B68C5
:1058E0001B68184A934211D17B681B689B6803F0C0
:1058F0000703FB60FB68062B10D07B681B681A68E7
:105900007B681B6842F001021A6007E07B681B6835
:105910001A687B681B6842F001021A60002318466F
:105920001437BD465DF8047B704700BF000001409E
:105930000004004000080040000C0040000401404A
:10594000004001400018004080B582B000AF786090
:105950007B68002B01D1012341E07B6893F83D3047
:10596000DBB2002B06D17B68002283F83C207868EC
:10597000FDF73CF87B68022283F83D207B681A68BB
:105980007B6804331946104600F004FC7B68012252
:1059900083F846207B68012283F83E207B68012241
:1059A00083F83F207B68012283F840207B68012236
:1059B00083F841207B68012283F842207B68012222
:1059C00083F843207B68012283F844207B6801220E
:1059D00083F845207B68012283F83D200023184688
:1059E0000837BD4680BD000080B584B000AF786048
:1059F00039603B68002B09D17B6893F83E30DBB2FD
:105A0000012B14BF01230023DBB222E03B68042BEF
:105A100009D17B6893F83F30DBB2012B14BF01231F
:105A20000023DBB215E03B68082B09D17B6893F8B3
:105A30004030DBB2012B14BF01230023DBB208E0AE
:105A40007B6893F84130DBB2012B14BF01230023A4
:105A5000DBB2002B01D001237CE03B68002B04D19A
:105A60007B68022283F83E2013E03B68042B04D1BC
:105A70007B68022283F83F200BE03B68082B04D1AF
:105A80007B68022283F8402003E07B68022283F8CF
:105A900041207B681B6801223968184600F0D0FD60
:105AA0007B681B682D4A934204D07B681B682C4A94
:105AB000934201D1012300E00023002B07D07B6833
:105AC0001B685A6C7B681B6842F400425A647B680E
:105AD0001B68224A934222D07B681B68B3F1804F37
:105AE0001DD07B681B681F4A934218D07B681B68D7
:105AF0001D4A934213D07B681B681C4A93420ED008
:105B00007B681B68164A934209D07B681B68184A59
:105B1000934204D07B681B68164A934211D17B687C
:105B20001B689B6803F00703FB60FB68062B10D023
:105B30007B681B681A687B681B6842F001021A6068
:105B400007E07B681B681A687B681B6842F00102EB
:105B50001A60002318461037BD4680BD0000014082
:105B6000000401400004004000080040000C004018
:105B7000004001400018004080B586B000AF78605A
:105B800039607B68002B01D1012397E07B6893F893
:105B90003D30DBB2002B06D17B68002283F83C202D
:105BA0007868FCF745FF7B68022283F83D207B681C
:105BB0001B689B687A68126823F4804323F007030C
:105BC00093607B681A687B6804331946104600F0BE
:105BD000E1FA7B681B689B687B617B681B689B693B
:105BE0003B617B681B681B6AFB603B681B687A69CA
:105BF00013437B613B6923F4407323F003033B6150
:105C00003B689A683B689B691B0213433A691343DC
:105C10003B613B6923F4406323F00C033B613B6928
:105C200023F4704323F0F0033B613B68DA683B6880
:105C3000DB691B0213433A6913433B613B681B69F1
:105C40001A013B681B6A1B0313433A6913433B6108
:105C5000FB6823F02203FB60FB6823F08803FB60F2
:105C60003B685A683B685B691B011343FA6813433E
:105C7000FB607B681B687A699A607B681B683A697D
:105C80009A617B681B68FA681A627B68012283F854
:105C900046207B68012283F83E207B68012283F83E
:105CA0003F207B68012283F842207B68012283F831
:105CB00043207B68012283F83D20002318461837D3
:105CC000BD4680BD80B584B000AF786039607B6828
:105CD00093F83E30FB737B6893F83F30BB737B686F
:105CE00093F842307B737B6893F843303B733B6897
:105CF000002B10D1FB7B012B02D17B7B012B01D030
:105D0000012369E07B68022283F83E207B6802223F
:105D100083F8422031E03B68042B10D1BB7B012B80
:105D200002D13B7B012B01D0012355E07B6802228D
:105D300083F83F207B68022283F843201DE0FB7B31
:105D4000012B08D1BB7B012B05D17B7B012B02D121
:105D50003B7B012B01D001233EE07B68022283F8CC
:105D60003E207B68022283F83F207B68022283F872
:105D700042207B68022283F843203B68002B03D03B
:105D80003B68042B08D00FE07B681B6801220021D0
:105D9000184600F055FC16E07B681B6801220421C0
:105DA000184600F04DFC0EE07B681B6801220021C4
:105DB000184600F045FC7B681B6801220421184648
:105DC00000F03EFC00BF7B681B681A687B681B689C
:105DD00042F001021A60002318461037BD4680BD0C
:105DE00080B584B000AF78607B681B68DB68FB60BF
:105DF0007B681B681B69BB60BB6803F00203002B58
:105E000020D0FB6803F00203002B1BD07B681B68CB
:105E10006FF002021A617B6801221A777B681B68A7
:105E20009B6903F00303002B03D0786800F094F91A
:105E300005E0786800F086F9786800F097F97B68EB
:105E400000221A77BB6803F00403002B20D0FB6804
:105E500003F00403002B1BD07B681B686FF0040267
:105E60001A617B6802221A777B681B689B6903F4BE
:105E70004073002B03D0786800F06EF905E0786875
:105E800000F060F9786800F071F97B6800221A77F9
:105E9000BB6803F00803002B20D0FB6803F0080365
:105EA000002B1BD07B681B686FF008021A617B68AF
:105EB00004221A777B681B68DB6903F00303002B5D
:105EC00003D0786800F048F905E0786800F03AF906
:105ED000786800F04BF97B6800221A77BB6803F002
:105EE0001003002B20D0FB6803F01003002B1BD005
:105EF0007B681B686FF010021A617B6808221A77B2
:105F00007B681B68DB6903F44073002B03D078685F
:105F100000F022F905E0786800F014F9786800F0E4
:105F200025F97B6800221A77BB6803F00103002B78
:105F30000CD0FB6803F00103002B07D07B681B68C3
:105F40006FF001021A617868FBF7FAFFBB6803F093
:105F50008003002B0CD0FB6803F08003002B07D0DC
:105F60007B681B686FF080021A61786800F066FC3D
:105F7000BB6803F04003002B0CD0FB6803F0400328
:105F8000002B07D07B681B686FF040021A617868AD
:105F900000F0F6F8BB6803F02003002B0CD0FB6880
:105FA00003F02003002B07D07B681B686FF02002F2
:105FB0001A61786800F038FC00BF1037BD4680BD1C
:105FC00080B586B000AFF860B9607A600023FB75D9
:105FD000FB6893F83C30012B01D10223AEE0FB6853
:105FE000012283F83C207B680C2B00F29F8001A2E9
:105FF00052F823F0296000082D6100082D61000887
:106000002D610008696000082D6100082D610008FD
:106010002D610008AB6000082D6100082D610008AB
:106020002D610008EB600008FB681B68B968184622
:1060300000F056F9FB681B689A69FB681B6842F020
:1060400008029A61FB681B689A69FB681B6822F06A
:1060500004029A61FB681B689969BB681A69FB684E
:106060001B680A439A6164E0FB681B68B9681846BC
:1060700000F0A6F9FB681B689A69FB681B6842F48C
:1060800000629A61FB681B689A69FB681B6822F4CE
:1060900080629A61FB681B689969BB681B691A0278
:1060A000FB681B680A439A6143E0FB681B68B96898
:1060B000184600F0FBF9FB681B68DA69FB681B688F
:1060C00042F00802DA61FB681B68DA69FB681B684A
:1060D00022F00402DA61FB681B68D969BB681A699F
:1060E000FB681B680A43DA6123E0FB681B68B96838
:1060F000184600F04FFAFB681B68DA69FB681B68FA
:1061000042F40062DA61FB681B68DA69FB681B68AD
:1061100022F48062DA61FB681B68D969BB681B697D
:106120001A02FB681B680A43DA6102E00123FB756F
:1061300000BFFB68002283F83C20FB7D184618371F
:10614000BD4680BD80B483B000AF786000BF0C371F
:10615000BD465DF8047B704780B483B000AF7860C3
:1061600000BF0C37BD465DF8047B704780B483B038
:1061700000AF786000BF0C37BD465DF8047B704708
:1061800080B483B000AF786000BF0C37BD465DF8C7
:10619000047B704780B485B000AF786039607B685D
:1061A0001B68FB607B68434A934213D07B68B3F162
:1061B000804F0FD07B68404A93420BD07B683F4AA8
:1061C000934207D07B683E4A934203D07B683D4AA6
:1061D000934208D1FB6823F07003FB603B685B6867
:1061E000FA681343FB607B68324A93422BD07B688A
:1061F000B3F1804F27D07B682F4A934223D07B682E
:106200002E4A93421FD07B682D4A93421BD07B6855
:106210002C4A934217D07B682B4A934213D07B6859
:106220002A4A93420FD07B68294A93420BD07B685D
:10623000284A934207D07B68274A934203D07B6861
:10624000264A934208D1FB6823F44073FB603B6805
:10625000DB68FA681343FB60FB6823F080023B684D
:106260005B691343FB603B689A687B68DA623B6852
:106270001A687B689A627B680E4A934203D07B68F7
:10628000104A934203D13B681A697B681A637B68A2
:106290001B6843F004027B681A607B6801225A6124
:1062A0007B68FA681A6000BF1437BD465DF8047B4E
:1062B000704700BF0000014000040040000800409B
:1062C000000C004000040140004001400044014037
:1062D0000048014000180040001C00400020004021
:1062E00080B487B000AF786039607B681B6A7B61DF
:1062F0007B681B6A23F001027B681A627B685B681B
:106300003B617B689B69FB60FB6823F07003FB606B
:10631000FB6823F00303FB603B681B68FA681343C8
:10632000FB607B6923F002037B613B689B687A69B1
:1063300013437B617B68204A934203D07B681F4AEA
:1063400093420CD17B6923F008037B613B68DB68D7
:106350007A6913437B617B6923F004037B617B686B
:10636000154A934203D07B68144A934211D13B698A
:1063700023F480733B613B6923F400733B613B680A
:106380005B693A6913433B613B689B693A69134314
:106390003B617B683A695A607B68FA689A613B683E
:1063A0005A687B685A637B687A691A6200BF1C3737
:1063B000BD465DF8047B70470000014000040140C9
:1063C00080B487B000AF786039607B681B6A7B61FE
:1063D0007B681B6A23F010027B681A627B685B682B
:1063E0003B617B689B69FB60FB6823F4E043FB60D7
:1063F000FB6823F44073FB603B681B681B02FA6870
:106400001343FB607B6923F020037B613B689B683F
:106410001B017A6913437B617B68224A934203D054
:106420007B68214A93420DD17B6923F080037B6115
:106430003B68DB681B017A6913437B617B6923F04E
:1064400040037B617B68174A934203D07B68164AFE
:10645000934213D13B6923F480633B613B6923F48E
:1064600000633B613B685B699B003A6913433B6196
:106470003B689B699B003A6913433B617B683A69BF
:106480005A607B68FA689A613B685A687B689A63CD
:106490007B687A691A6200BF1C37BD465DF8047BD1
:1064A000704700BF000001400004014080B487B085
:1064B00000AF786039607B681B6A7B617B681B6A10
:1064C00023F480727B681A627B685B683B617B683F
:1064D000DB69FB60FB6823F07003FB60FB6823F063
:1064E0000303FB603B681B68FA681343FB607B692E
:1064F00023F400737B613B689B681B027A6913433A
:106500007B617B68214A934203D07B68204A934297
:106510000DD17B6923F400637B613B68DB681B0260
:106520007A6913437B617B6923F480637B617B68B9
:10653000164A934203D07B68154A934213D13B69B4
:1065400023F480533B613B6923F400533B613B6878
:106550005B691B013A6913433B613B689B691B0103
:106560003A6913433B617B683A695A607B68FA6811
:10657000DA613B685A687B68DA637B687A691A6219
:1065800000BF1C37BD465DF8047B7047000001402A
:106590000004014080B487B000AF786039607B6848
:1065A0001B6A3B617B681B6A23F480527B681A621A
:1065B0007B685B687B617B68DB69FB60FB6823F45D
:1065C000E043FB60FB6823F44073FB603B681B689F
:1065D0001B02FA681343FB603B6923F400533B61E1
:1065E0003B689B681B033A6913433B617B68124A13
:1065F000934203D07B68114A934209D17B6923F40B
:1066000080437B613B685B699B017A6913437B61D3
:106610007B687A695A607B68FA68DA613B685A6815
:106620007B681A647B683A691A6200BF1C37BD46F2
:106630005DF8047B704700BF00000140000401408A
:1066400080B487B000AFF860B9607A60BB6803F0CF
:106650001F03012202FA03F37B61FB681A6A7B695C
:10666000DB431A40FB681A62FB681A6ABB6803F0D6
:106670001F03796801FA03F31A43FB681A6200BF2B
:106680001C37BD465DF8047B7047000080B485B0C0
:1066900000AF786039607B6893F83C30012B01D102
:1066A00002235AE07B68012283F83C207B680222A7
:1066B00083F83D207B681B685B68FB607B681B6818
:1066C0009B68BB60FB6823F07003FB603B681B6842
:1066D000FA681343FB607B681B68FA685A607B6842
:1066E0001B68214A934222D07B681B68B3F1804F1C
:1066F0001DD07B681B681D4A934218D07B681B68BD
:106700001B4A934213D07B681B681A4A93420ED0EF
:106710007B681B68184A934209D07B681B68174A3C
:10672000934204D07B681B68154A93420CD1BB6826
:1067300023F08003BB603B685B68BA681343BB60AF
:106740007B681B68BA689A607B68012283F83D20E9
:106750007B68002283F83C20002318461437BD468E
:106760005DF8047B704700BF00000140000400405A
:1067700000080040000C00400004014000400140BF
:106780000018004080B485B000AF78603960002305
:10679000FB607B6893F83C30012B01D102233DE084
:1067A0007B68012283F83C20FB6823F0FF023B68F2
:1067B000DB681343FB60FB6823F440723B689B6813
:1067C0001343FB60FB6823F480623B685B68134300
:1067D000FB60FB6823F400623B681B681343FB60AB
:1067E000FB6823F480523B681B691343FB60FB6822
:1067F00023F400523B685B691343FB60FB6823F49E
:1068000080423B68DB691343FB607B681B68FA6866
:106810005A647B68002283F83C2000231846143712
:10682000BD465DF8047B704780B483B000AF7860EC
:1068300000BF0C37BD465DF8047B704780B483B061
:1068400000AF786000BF0C37BD465DF8047B704731
:1068500080B582B000AF78607B68002B01D1012346
:1068600042E07B6893F84130DBB2002B06D17B68B5
:10687000002283F840207868FCF76AFA7B682422BB
:1068800083F841207B681B68DA687B681B6822F408
:106890000052DA60786801F0D9F87B681B681A69E1
:1068A0007B681B6822F490421A617B681B685A69F6
:1068B0007B681B6822F02A025A617B681B68DA68D1
:1068C0007B681B6842F40052DA607B6800225A64DD
:1068D0007B68202283F841207B68202283F84220B5
:1068E0007B6800225A63002318460837BD4680BDE6
:1068F00080B58AB002AFF860B9603B601346FB8098
:1069000000237B61FB6893F84130DBB2202B75D10B
:10691000BB68002B02D0FB88002B01D101236EE065
:10692000FB6800225A64FB68212283F84120FCF7AF
:10693000C9FB7861FB68FA889A84FB68FA88DA8474
:10694000FB689B68B3F5805F08D1FB681B69002B6F
:1069500004D10023FB61BB68BB6103E0BB68FB6142
:106960000023BB612EE03B6800937B6900228021FD
:10697000F86800F0AAFD0346002B05D0FB68202232
:1069800083F8412003233AE0FB69002B0BD1BB695C
:106990001B881A46FB681B68C2F308025A60BB6971
:1069A0000233BB6107E0FB691A78FB681B685A6019
:1069B000FB690133FB61FB68DB8C9BB2013B9AB244
:1069C000FB68DA84FB68DB8C9BB2002BCBD13B6885
:1069D00000937B6900224021F86800F076FD0346B1
:1069E000002B05D0FB68202283F84120032306E01A
:1069F000FB68202283F84120002300E00223184690
:106A00002037BD4680BD000080B58CB000AFF86077
:106A1000B9601346FB80FB6893F84130DBB2202B52
:106A200062D1BB68002B02D0FB88002B01D101236F
:106A30005BE0BA68FB681A62FB68FA889A84FB68B4
:106A4000FA88DA84FB6800225A64FB68212283F802
:106A50004120FB689B6B274ADA63FB689B6B264AE5
:106A60001A64FB689B6B254ADA64FB689B6B002207
:106A70001A6507F10803FB62FB68986BFB6A1968EB
:106A8000FB681B6804331A46FB88FCF7B7FC034617
:106A9000002B08D0FB6810225A64FB68202283F880
:106AA0004120012321E0FB681B686FF040021A605F
:106AB000FB681B681433BB61BB6953E8003F7B6113
:106AC0007B6943F08003BB62FB681B681433BA6ABE
:106AD0007A623B62396A7A6A41E80023FB61FB69AA
:106AE000002BE5D1002300E0022318463037BD46D5
:106AF00080BD00BF19720008B37200083774000827
:106B000080B584B000AFF860B9601346FB80FB68C5
:106B100093F84230DBB2202B12D1BB68002B02D09D
:106B2000FB88002B01D101230BE0FB6800221A63D4
:106B3000FB881A46B968F86800F020FD034600E0BB
:106B4000022318461037BD4680BD80B590B000AF17
:106B500078600023FB637B681B685B6903F080033C
:106B6000802B0CBF01230023DBB2FB637B6893F80F
:106B70004130DBB2212B28D1FB6B002B25D07B6869
:106B80001B6814337B627B6A53E8003F3B623B6ABD
:106B900023F08003BB637B681B681433BA6B3A63D2
:106BA000FB62F96A3A6B41E80023BB62BB6A002BC7
:106BB000E5D17B689B6B002B04D07B689B6B1846F0
:106BC000FCF774FC786800F07FFD7B681B685B69EC
:106BD00003F04003402B0CBF01230023DBB2FB6317
:106BE0007B6893F84230DBB2222B28D1FB6B002B61
:106BF00025D07B681B6814333B613B6953E8003F39
:106C0000FB60FB6823F040037B637B681B681433E5
:106C10007A6BFA61BB61B969FA6941E800237B616B
:106C20007B69002BE5D17B68DB6B002B04D07B6894
:106C3000DB6B1846FCF73AFC786800F06DFD00232A
:106C400018464037BD4680BD80B5BAB000AF786009
:106C50007B681B681B68C7F8E4307B681B68DB68CF
:106C6000C7F8E0307B681B685B69C7F8DC3000233D
:106C7000C7F8D8300023C7F8D430D7F8E43003F091
:106C80000F03C7F8D830D7F8D830002B0FD1D7F87A
:106C9000E43003F02003002B09D0D7F8E03003F0F4
:106CA0002003002B03D0786800F012FE73E2D7F8BF
:106CB000D830002B00F0DE80D7F8DC3003F0010381
:106CC000002B06D1D7F8E03003F49073002B00F0CE
:106CD000D180D7F8E43003F00103002B0BD0D7F8B4
:106CE000E03003F48073002B05D07B685B6C43F0CD
:106CF00001027B685A64D7F8E43003F00403002BE8
:106D00000BD0D7F8DC3003F00103002B05D07B68F3
:106D10005B6C43F002027B685A64D7F8E43003F0FE
:106D20000203002B0BD0D7F8DC3003F00103002B5B
:106D300005D07B685B6C43F004027B685A64D7F82B
:106D4000E43003F00803002B11D0D7F8E03003F053
:106D50002003002B05D1D7F8DC3003F00103002B12
:106D600005D07B685B6C43F008027B685A647B68E3
:106D70005B6C002B00F00A82D7F8E43003F02003AC
:106D8000002B08D0D7F8E03003F02003002B02D00E
:106D9000786800F09DFD7B681B685B6903F0400329
:106DA000402B0CBF01230023DBB2C7F8D4307B6833
:106DB0005B6C03F00803002B03D1D7F8D430002B11
:106DC0004FD0786800F0A8FC7B681B685B6903F013
:106DD0004003402B41D17B681B681433C7F89C30BB
:106DE000D7F89C3053E8003FC7F89830D7F8983070
:106DF00023F04003C7F8D0307B681B681433D7F802
:106E0000D020C7F8A820C7F8A430D7F8A410D7F826
:106E1000A82041E80023C7F8A030D7F8A030002B05
:106E2000D9D17B68DB6B002B13D07B68DB6B8A4A84
:106E30001A657B68DB6B1846FCF7A8FB0346002B42
:106E400016D07B68DB6B1B6D7A68D26B1046984757
:106E50000EE0786800F0CAF90AE0786800F0C6F938
:106E600006E0786800F0C2F97B6800225A648DE180
:106E700000BF8BE17B681B6B012B40F06781D7F86B
:106E8000E43003F01003002B00F06081D7F8E0300D
:106E900003F01003002B00F059810023BB607B68D6
:106EA0001B681B68BB607B681B685B68BB60BB685A
:106EB0007B681B685B6903F04003402B40F0CE8089
:106EC0007B68DB6B1B685B68A7F8BE30B7F8BE3029
:106ED000002B00F0A9807B689B8DB7F8BE209A42FA
:106EE00080F0A2807B68B7F8BE20DA857B68DB6B18
:106EF000DB69B3F5807F00F088807B681B680C330A
:106F0000C7F88830D7F8883053E8003FC7F8843096
:106F1000D7F8843023F48073C7F8B8307B681B68D7
:106F20000C33D7F8B820C7F89420C7F89030D7F8BA
:106F30009010D7F8942041E80023C7F88C30D7F898
:106F40008C30002BD9D17B681B6814337B677B6F37
:106F500053E8003F3B673B6F23F00103C7F8B430B1
:106F60007B681B681433D7F8B420C7F88020FB6710
:106F7000F96FD7F8802041E80023BB67BB6F002B77
:106F8000E1D17B681B6814333B663B6E53E8003FDE
:106F9000FB65FB6D23F04003C7F8B0307B681B68CE
:106FA0001433D7F8B020FA66BB66B96EFA6E41E8C2
:106FB00000237B667B6E002BE3D17B68202283F865
:106FC00042207B6800221A637B681B680C33FB64D9
:106FD000FB6C53E8003FBB64BB6C23F01003C7F8A5
:106FE000AC307B681B680C33D7F8AC20BA657B6586
:106FF000796DBA6D41E800233B653B6D002BE3D111
:107000007B68DB6B1846FCF751FA7B6802225A63F7
:107010007B689A8D7B68DB8D9BB2D31A9BB2194635
:10702000786800F0EDF8B3E07B689B8DB7F8BE2080
:107030009A4240F0AD807B68DB6BDB69B3F5807F03
:1070400040F0A6807B6802225A637B689B8D1946BC
:10705000786800F0D5F89BE0DF7700087B689A8DB0
:107060007B68DB8D9BB2D31AA7F8CE307B68DB8DB3
:107070009BB2002B00F08E80B7F8CE30002B00F0D2
:1070800089807B681B680C33BB63BB6B53E8003F94
:107090007B637B6B23F49073C7F8C8307B681B68F5
:1070A0000C33D7F8C8207A643B64396C7A6C41E8B9
:1070B0000023FB63FB6B002BE3D17B681B6814335D
:1070C0007B627B6A53E8003F3B623B6A23F001032B
:1070D000C7F8C4307B681B681433D7F8C4203A6300
:1070E000FB62F96A3A6B41E80023BB62BB6A002B82
:1070F000E3D17B68202283F842207B6800221A6358
:107100007B681B680C333B613B6953E8003FFB60C5
:10711000FB6823F01003C7F8C0307B681B680C3392
:10712000D7F8C020FA61BB61B969FA6941E8002368
:107130007B617B69002BE3D17B6802225A63B7F83D
:10714000CE301946786800F05BF823E0D7F8E430D9
:1071500003F08003002B09D0D7F8E03003F0800360
:10716000002B03D0786800F04BFB14E0D7F8E43034
:1071700003F04003002B0ED0D7F8E03003F04003BB
:10718000002B08D0786800F08BFB04E000BF02E021
:1071900000BF00E000BFE837BD4680BD80B483B0CB
:1071A00000AF786000BF0C37BD465DF8047B7047C8
:1071B00080B483B000AF786000BF0C37BD465DF887
:1071C000047B704780B483B000AF786000BF0C3799
:1071D000BD465DF8047B704780B483B000AF786033
:1071E00000BF0C37BD465DF8047B704780B483B0A8
:1071F00000AF786000BF0C37BD465DF8047B704778
:1072000080B483B000AF78600B467B8000BF0C3742
:10721000BD465DF8047B704780B590B000AF7860E4
:107220007B689B6BFB637B681B681B6803F4807344
:10723000002B37D1FB6B0022DA84FB6B1B68143305
:107240007B627B6A53E8003F3B623B6A23F080032A
:10725000BB63FB6B1B681433BA6B3A63FB62F96A5E
:107260003A6B41E80023BB62BB6A002BE5D1FB6BA4
:107270001B680C333B613B6953E8003FFB60FB68D4
:1072800043F040037B63FB6B1B680C337A6BFA6142
:10729000BB61B969FA6941E800237B617B69002B16
:1072A000E5D102E0F86BFFF779FF00BF4037BD463C
:1072B00080BD80B584B000AF78607B689B6BFB605D
:1072C000F868FFF775FF00BF1037BD4680BD80B579
:1072D0009CB000AF78607B689B6BFB667B681B682B
:1072E0001B6803F48073002B72D1FB6E0022DA85D9
:1072F000FB6E1B680C33FB64FB6C53E8003FBB6404
:10730000BB6C23F48073BB66FB6E1B680C33BA6ED8
:10731000BA657B65796DBA6D41E800233B653B6DCD
:10732000002BE5D1FB6E1B681433BB63BB6B53E8CA
:10733000003F7B637B6B23F001037B66FB6E1B6866
:1073400014337A6E7A643B64396C7A6C41E80023BA
:10735000FB63FB6B002BE5D1FB6E1B6814337B6278
:107360007B6A53E8003F3B623B6A23F040033B6685
:10737000FB6E1B6814333A6E3A63FB62F96A3A6B30
:1073800041E80023BB62BB6A002BE5D1FB6E2022E3
:1073900083F84220FB6E1B6B012B19D1FB6E1B681F
:1073A0000C333B613B6953E8003FFB60FB6823F013
:1073B0001003FB65FB6E1B680C33FA6DFA61BB6151
:1073C000B969FA6941E800237B617B69002BE5D14B
:1073D000FB6E00225A63FB6E1B6B012B06D1FB6E0A
:1073E0009B8D1946F86EFFF70BFF02E0F86EFFF772
:1073F000E9FE00BF7037BD4680BD80B584B000AFE8
:1074000078607B689B6BFB60FB6801225A63FB68BA
:107410001B6B012B08D1FB689B8D5B089BB2194647
:10742000F868FFF7EDFE02E0F868FFF7D5FE00BF51
:107430001037BD4680BD80B584B000AF78600023B2
:10744000FB607B689B6BBB60BB681B685B6903F080
:107450008003802B0CBF01230023DBB2FB60BB68E1
:1074600093F84130DBB2212B08D1FB68002B05D00B
:10747000BB680022DA84B86800F026F9BB681B6894
:107480005B6903F04003402B0CBF01230023DBB2F8
:10749000FB60BB6893F84230DBB2222B08D1FB685B
:1074A000002B05D0BB680022DA85B86800F034F9FB
:1074B000BB685B6C43F01002BB685A64B868FFF7A6
:1074C00095FE00BF1037BD4680BD80B586B000AFC9
:1074D000F860B9603B601346FB713BE03B6AB3F177
:1074E000FF3F37D0FBF7EEFD02463B68D31A3A6AFE
:1074F0009A4202D33B6A002B01D103233AE0FB6896
:107500001B68DB6803F00403002B23D0BB68802BCF
:1075100020D0BB68402B1DD0FB681B681B6803F0A4
:107520000803082B16D100237B61FB681B681B68CE
:107530007B61FB681B685B687B617B69F86800F0B6
:10754000EBF8FB6808225A64FB68002283F84020AD
:1075500001230FE0FB681B681A68BB681340BA6818
:107560009A420CBF01230023DBB21A46FB799A42F0
:10757000B4D0002318461837BD4680BD80B598B0FA
:1075800000AFF860B9601346FB80BA68FB689A6286
:10759000FB68FA889A85FB6800225A64FB682222FD
:1075A00083F84220FB68DB6B444ADA63FB68DB6BE1
:1075B000434A1A64FB68DB6B424ADA64FB68DB6BA4
:1075C00000221A6507F10803FB65FB68D86BFB68AE
:1075D0001B6804331946FB6D1A68FB88FBF70EFF26
:1075E0000346002B08D0FB6810225A64FB68202257
:1075F00083F8422001235DE000233B61FB681B68A8
:107600001B683B61FB681B685B683B613B69FB680F
:107610001B69002B19D0FB681B680C333B643B6C67
:1076200053E8003FFB63FB6B43F48073BB65FB686F
:107630001B680C33BA6DFA64BB64B96CFA6C41E830
:1076400000237B647B6C002BE5D1FB681B68143343
:10765000FB62FB6A53E8003FBB62BB6A43F0010375
:107660007B65FB681B6814337A6DBA637B63796B47
:10767000BA6B41E800233B633B6B002BE5D1FB6811
:107680001B681433BB61BB6953E8003F7B617B69B6
:1076900043F040033B65FB681B6814333A6D7A6224
:1076A0003B62396A7A6A41E80023FB61FB69002B7F
:1076B000E5D1002318466037BD4680BDCF72000873
:1076C000FB7300083774000880B489B000AF78609D
:1076D0007B681B680C33FB60FB6853E8003FBB60B2
:1076E000BB6823F0C003FB617B681B680C33FA693D
:1076F000BA617B617969BA6941E800233B613B6902
:10770000002BE5D17B68202283F8412000BF24377D
:10771000BD465DF8047B704780B495B000AF7860DB
:107720007B681B680C337B637B6B53E8003F3B63D8
:107730003B6B23F49073FB647B681B680C33FA6C1F
:107740003A64FB63F96B3A6C41E80023BB63BB6BA3
:10775000002BE5D17B681B6814333B623B6A53E81E
:10776000003FFB61FB6923F00103BB647B681B687E
:107770001433BA6CFA62BB62B96AFA6A41E8002350
:107780007B627B6A002BE5D17B681B6B012B19D1D7
:107790007B681B680C33FB60FB6853E8003FBB60F1
:1077A000BB6823F010037B647B681B680C337A6C26
:1077B000BA617B617969BA6941E800233B613B6941
:1077C000002BE5D17B68202283F842207B680022D1
:1077D0001A6300BF5437BD465DF8047B704780B51F
:1077E00084B000AF78607B689B6BFB60FB68002215
:1077F000DA85F868FFF7FAFC00BF1037BD4680BD98
:1078000080B485B000AF78607B6893F84130DBB21C
:10781000212B3ED17B689B68B3F5805F14D17B68D8
:107820001B69002B10D17B681B6AFB60FB681B88FF
:107830001A467B681B68C2F308025A607B681B6AA1
:107840009A1C7B681A6208E07B681B6A591C7A687C
:1078500011621A787B681B685A607B68DB8C9BB26C
:10786000013B9BB27A681946D184002B0FD17B680B
:107870001B68DA687B681B6822F08002DA607B682C
:107880001B68DA687B681B6842F04002DA600023FC
:1078900000E0022318461437BD465DF8047B7047AC
:1078A00080B582B000AF78607B681B68DA687B685F
:1078B0001B6822F04002DA607B68202283F84120B6
:1078C0007868FFF76BFC002318460837BD4680BD7B
:1078D00080B58CB000AF78600023FB620023BB62F0
:1078E0007B6893F84230DBB2222B40F0AA807B68A1
:1078F0009B68B3F5805F15D17B681B69002B11D1A4
:107900007B689B6ABB627B681B685B689BB2C3F346
:1079100008039AB2BB6A1A807B689B6A9A1C7B68D0
:107920009A6224E07B689B6AFB627B689B68B3F584
:10793000805F07D07B689B68002B0AD17B681B693E
:10794000002B06D17B681B685B68DAB2FB6A1A7091
:1079500008E07B681B685B68DBB203F07F03DAB288
:10796000FB6A1A707B689B6A5A1C7B689A627B6808
:10797000DB8D9BB2013B9BB27A681946D185002B07
:107980005DD17B681B68DA687B681B6822F0200287
:10799000DA607B681B68DA687B681B6822F4807297
:1079A000DA607B681B685A697B681B6822F00102F9
:1079B0005A617B68202283F842207B6800225A6348
:1079C0007B681B6B012B35D17B6800221A637B68B7
:1079D0001B680C337B617B6953E8003F3B613B696B
:1079E00023F010037B627B681B680C337A6A3A626F
:1079F000FB61F9693A6A41E80023BB61BB69002B6E
:107A0000E5D17B681B681B6803F01003102B0AD1BB
:107A10000023FB607B681B681B68FB607B681B683E
:107A20005B68FB60FB687B689B8D19467868FFF795
:107A3000E7FB02E07868FFF7C5FB002302E00023C4
:107A400000E0022318463037BD4680BD2DE9B04F17
:107A5000C0B000AFC7F8F400D7F8F4301B681B695A
:107A600023F44050D7F8F430D968D7F8F4301A68C6
:107A700040EA01031361D7F8F4309A68D7F8F4307C
:107A80001B691A43D7F8F4305B691A43D7F8F4300E
:107A9000DB691343C7F8F830D7F8F4301B68DB68AC
:107AA00023F4164121F00C01D7F8F4301A68D7F806
:107AB000F8300B43D360D7F8F4301B685B6923F4CC
:107AC0004070D7F8F4309969D7F8F4301A6840EA72
:107AD00001035361D7F8F4301A688F4B9A4205D0EE
:107AE000D7F8F4301A688D4B9A4204D1FDF71CFE8A
:107AF000C7F8FC0003E0FDF703FEC7F8FC00D7F869
:107B0000F430DB69B3F5004F40F00C81D7F8FC305E
:107B10000022C7F8E830C7F8EC20D7E93A452246FA
:107B20002B469118B9655B41FB65D7E916232146C1
:107B300012EB0108294643EB01094FF000024FF018
:107B400000034FEAC90343EA58734FEAC80290465C
:107B50009946234618EB0303C7F8E0302B4649EB60
:107B60000303C7F8E430D7F8F4305B680022C7F8A5
:107B7000D830C7F8DC20D7E936120B46DB183B6556
:107B8000134642EB03037B65D7E91423D7E9380199
:107B9000F8F734FF02460B46614BA3FB02235B0957
:107BA0001C01D7F8FC300022C7F8D030C7F8D42029
:107BB000D7E9348942464B469118B9645B41FB646E
:107BC000D7E91223414612EB010A494643EB010B68
:107BD0004FF000024FF000034FEACB0343EA5A7321
:107BE0004FEACA0292469B4643461AEB0303C7F884
:107BF000C8304B464BEB0303C7F8CC30D7F8F43012
:107C00005B680022C7F8C030C7F8C420D7E930123B
:107C10000B46DB183B64134642EB03037B64D7E956
:107C20001023D7E93201F8F7E9FE02460B46114668
:107C30003B4BA3FB01235B09642202FB03F3CB1A3A
:107C4000DB0003F13202364BA3FB02235B095B002E
:107C500003F4F8731C44D7F8FC300022C7F8B8309E
:107C6000C7F8BC20D7E92E8942464B469118B96324
:107C70005B41FB63D7E90E234146511839634946FE
:107C80004B417B634FF000024FF00003D7E90CAB90
:107C90005946CB00514643EA51735146CA0010463B
:107CA0001946034642469B18C7F8B0304B460A4671
:107CB00042EB0303C7F8B430D7F8F4305B68002216
:107CC000C7F8A830C7F8AC20D7E92A120B46DB1852
:107CD000BB62134642EB0303FB62D7E90A23D7E9F1
:107CE0002C01F8F78BFE02460B460D4BA3FB02134B
:107CF0005B09642101FB03F3D31ADB003233084A2A
:107D0000A2FB03235B0903F00702D7F8F4301B68DA
:107D100022449A6006E100BF0010014000140140B7
:107D20001F85EB51D7F8FC300022C7F8A030C7F808
:107D3000A420D7E9288942464B46911839625B4115
:107D40007B62D7E9082341465418494643EB0105B5
:107D50004FF000024FF00003EB0043EA5473E200DF
:107D600014461D464346E318C7F898304B4645EB8A
:107D70000303C7F89C30D7F8F4305B680022C7F8DB
:107D80009030C7F894204FF000024FF00003D7E97D
:107D9000244529468B00214643EA917321468A00F7
:107DA000D7E92601F8F72AFE02460B46604BA3FBF3
:107DB00002235B091C01D7F8FC300022C7F8883089
:107DC000C7F88C20D7E9228942464B469118B96101
:107DD0005B41FB61D7E906234146511839614946A9
:107DE0004B417B614FF000024FF00003D7E904AB39
:107DF0005946CB00514643EA51735146CA001046DA
:107E00001946034642469B18C7F880304B460A463F
:107E100042EB0303C7F88430D7F8F4305B680022E4
:107E2000BB67FA674FF000024FF00003D7E91E89E5
:107E300049468B00414643EA917341468A00D7E99F
:107E40002001F8F7DBFD02460B461146384BA3FB39
:107E500001235B09642202FB03F3CB1A1B013233BB
:107E6000334AA2FB03235B0903F0F0031C44D7F859
:107E7000FC3000223B677A67D7E91C8942464B46B3
:107E80009118B9605B41FB60D7E902234146511864
:107E9000396049464B417B604FF000024FF00003D0
:107EA000D7E900AB5946CB00514643EA51735146DE
:107EB000CA0010461946034642469B18BB664B460D
:107EC0000A4642EB0303FB66D7F8F4305B680022F6
:107ED0003B667A664FF000024FF00003D7E918893D
:107EE00049468B00414643EA917341468A00D7E9EF
:107EF0001A01F8F783FD02460B460D4BA3FB021354
:107F00005B09642101FB03F3D31A1B013233084AD6
:107F1000A2FB03235B0903F00F02D7F8F4301B68C0
:107F200022449A6000BF07F58077BD46BDE8B08F58
:107F30001F85EB5180B483B000AF03463960FB71FD
:107F400097F90730002B0ADB3B68DAB20C4997F946
:107F500007301201D2B20B4483F800230AE03B68D9
:107F6000DAB20849FB7903F00F03043B1201D2B2E5
:107F70000B441A7600BF0C37BD465DF8047B704792
:107F800000E100E000ED00E080B500AF054B1B68AC
:107F900001F092FD0346012B01D002F08DFB00BFE2
:107FA00080BD00BF10E000E080B500AF00216FF0A1
:107FB0000400FFF7BFFF00BF80BD000080B483B0A6
:107FC00000AFEFF305833B603B68002B03D06FF0FD
:107FD00005037B600CE00A4B1B68002B05D1084BA6
:107FE00001221A6000237B6002E04FF0FF337B60C8
:107FF0007B6818460C37BD465DF8047B704700BFB0
:10800000E488002080B582B000AFEFF305833B60C9
:108010003B68002B03D06FF005037B6010E00B4B37
:108020001B68012B09D1FFF7BFFF084B02221A6022
:1080300001F092F800237B6002E04FF0FF337B6099
:108040007B6818460837BD4680BD00BFE488002025
:1080500080B58EB004AFF860B9607A6000233B61F0
:10806000EFF305837B617B69002B7ED1FB68002BDE
:108070007BD080233B621823FB6100237B624FF09F
:10808000FF33BB617B68002B45D07B681B68002BEE
:1080900002D07B681B687B627B689B69002B02D0E7
:1080A0007B689B69FB61FB69002B08D0FB69382B5F
:1080B00005D87B685B6803F00103002B01D0002327
:1080C00054E07B685B69002B03D07B685B699B088D
:1080D0003B627B689B68002B0ED07B68DB68A72B1C
:1080E0000AD97B681B69002B06D07B685B69002B73
:1080F00002D00123BB6110E07B689B68002B0CD190
:108100007B68DB68002B08D17B681B69002B04D1DE
:108110000023BB6101E00023BB61BB69012B10D1CF
:108120007B681B697A68926802920193FB690093ED
:10813000BB683A6A796AF86800F01AFE03463B6148
:1081400013E0BB69002B10D13B6A9AB207F1100310
:108150000193FB690093BB68796AF86800F068FED8
:108160000346012B01D000233B613B6918462837A9
:10817000BD4680BD80B584B000AF7860EFF3058365
:10818000BB60BB68002B03D06FF00503FB6007E00A
:108190000023FB607B68002B02D0786800F0A6FF0C
:1081A000FB6818461037BD4680BD000080B485B01E
:1081B00000AFF860B9607A60FB68074A1A60BB6874
:1081C000064A1A607B6880221A6000BF1437BD46D9
:1081D0005DF8047B704700BFE8880020908900208C
:1081E00080B485B000AFF860B9607A60FB68074A78
:1081F0001A60BB68064A1A607B684FF480721A6086
:1082000000BF1437BD465DF8047B7047908B00209B
:10821000388C002080B483B000AF78607B6803F1B5
:1082200008027B685A607B684FF0FF329A607B6877
:1082300003F108027B68DA607B6803F108027B685F
:108240001A617B6800221A6000BF0C37BD465DF8DA
:10825000047B704780B483B000AF78607B680022F5
:108260001A6100BF0C37BD465DF8047B704780B4CF
:1082700085B000AF786039607B685B68FB603B6805
:10828000FA685A60FB689A683B689A60FB689B686A
:108290003A685A60FB683A689A603B687A681A6183
:1082A0007B681B685A1C7B681A6000BF1437BD4688
:1082B0005DF8047B704780B485B000AF78603960AA
:1082C0003B681B68BB60BB68B3F1FF3F03D17B68B1
:1082D0001B69FB600CE07B680833FB6002E0FB6815
:1082E0005B68FB60FB685B681B68BA689A42F6D201
:1082F000FB685A683B685A603B685B683A689A60FA
:108300003B68FA689A60FB683A685A603B687A682A
:108310001A617B681B685A1C7B681A6000BF14379F
:10832000BD465DF8047B704780B485B000AF7860CF
:108330007B681B69FB607B685B687A6892689A60FF
:108340007B689B687A6852685A60FB685B687A68E9
:108350009A4203D17B689A68FB685A607B68002266
:108360001A61FB681B685A1EFB681A60FB681B6871
:1083700018461437BD465DF8047B704780B584B05D
:1083800000AF786039607B68FB60FB68002B0BD125
:108390004FF0500383F31188BFF36F8FBFF34F8FFC
:1083A000BB6000BF00BFFDE702F0F6F8FB681A688B
:1083B000FB68DB6BF968096C01FB03F31A44FB688B
:1083C0009A60FB6800229A63FB681A68FB685A602F
:1083D000FB681A68FB68DB6B013BF968096C01FB01
:1083E00003F31A44FB68DA60FB68FF2283F8442039
:1083F000FB68FF2283F845203B68002B14D1FB6803
:108400001B69002B1AD0FB681033184601F066F97F
:108410000346002B12D00D4B4FF080521A60BFF371
:108420004F8FBFF36F8F09E0FB6810331846FFF7DB
:10843000F1FEFB6824331846FFF7ECFE02F0DEF88D
:10844000012318461037BD4680BD00BF04ED00E093
:1084500080B58EB002AFF860B9607A603B60FB68AF
:10846000002B0BD14FF0500383F31188BFF36F8FB4
:10847000BFF34F8FBB6200BF00BFFDE73B68002B1F
:108480000BD14FF0500383F31188BFF36F8FBFF30D
:108490004F8F7B6200BF00BFFDE77B68002B02D0DF
:1084A000BB68002B01D0012300E00023002B0BD17F
:1084B0004FF0500383F31188BFF36F8FBFF34F8FDB
:1084C0003B6200BF00BFFDE77B68002B02D1BB68A9
:1084D000002B01D1012300E00023002B0BD14FF032
:1084E000500383F31188BFF36F8FBFF34F8FFB618E
:1084F00000BF00BFFDE750237B617B69502B0BD091
:108500004FF0500383F31188BFF36F8FBFF34F8F8A
:10851000BB6100BF00BFFDE77B693B68FB62FB6A94
:10852000002B0DD0FB6A012283F8462097F83820F3
:10853000FB6A009313467A68B968F86800F005F89A
:10854000FB6A18463037BD4680BD80B584B000AFA9
:10855000F860B9607A60FB70BB68002B03D1BB691F
:10856000BA691A6002E0BB697A681A60BB69FA6886
:10857000DA63BB69BA681A640121B869FFF7FEFEC5
:10858000BB69FA7883F84C2000BF1037BD4680BD28
:1085900080B58EB000AFF860B9607A603B600023B0
:1085A0007B63FB683B633B6B002B0BD14FF05003AD
:1085B00083F31188BFF36F8FBFF34F8FBB6200BF90
:1085C00000BFFDE7BB68002B03D13B6B1B6C002B8E
:1085D00001D1012300E00023002B0BD14FF0500309
:1085E00083F31188BFF36F8FBFF34F8F7B6200BFA0
:1085F00000BFFDE73B68022B03D13B6BDB6B012B1C
:1086000001D1012300E00023002B0BD14FF05003D8
:1086100083F31188BFF36F8FBFF34F8F3B6200BFAF
:1086200000BFFDE701F048FA0346002B02D17B684A
:10863000002B01D1012300E00023002B0BD14FF0D0
:10864000500383F31188BFF36F8FBFF34F8FFB612C
:1086500000BF00BFFDE701F09FFF3B6B9A6B3B6BD8
:10866000DB6B9A4202D33B68022B29D13A68B96886
:10867000386B00F00FFAF8623B6B5B6A002B10D08E
:108680003B6B2433184601F029F80346002B13D026
:108690003F4B4FF080521A60BFF34F8FBFF36F8F85
:1086A0000AE0FB6A002B07D0394B4FF080521A606A
:1086B000BFF34F8FBFF36F8F01F0A0FF012363E083
:1086C0007B68002B03D101F099FF00235CE07B6BFA
:1086D000002B06D107F11403184601F08BF8012393
:1086E0007B6301F08BFF00F0A7FD01F055FF3B6BB2
:1086F00093F844305BB2B3F1FF3F03D13B6B0022F0
:1087000083F844203B6B93F845305BB2B3F1FF3FF5
:1087100003D13B6B002283F8452001F06FFF3A1D27
:1087200007F114031146184601F07AF80346002BAE
:1087300024D1386B00F0A6FA0346002B18D03B6B0F
:1087400010337A681146184600F076FF386B00F057
:1087500031FA00F07FFD0346002B7FF47CAF0C4B19
:108760004FF080521A60BFF34F8FBFF36F8F72E7E5
:10877000386B00F01FFA00F06DFD6CE7386B00F00D
:1087800019FA00F067FD002318463837BD4680BD52
:1087900004ED00E080B590B000AFF860B9607A6099
:1087A0003B60FB68BB63BB6B002B0BD14FF05003EE
:1087B00083F31188BFF36F8FBFF34F8FBB6200BF8E
:1087C00000BFFDE7BB68002B03D1BB6B1B6C002B0C
:1087D00001D1012300E00023002B0BD14FF0500307
:1087E00083F31188BFF36F8FBFF34F8F7B6200BF9E
:1087F00000BFFDE73B68022B03D1BB6BDB6B012B9A
:1088000001D1012300E00023002B0BD14FF05003D6
:1088100083F31188BFF36F8FBFF34F8F3B6200BFAD
:1088200000BFFDE701F098FFEFF311824FF0500316
:1088300083F31188BFF36F8FBFF34F8FFA61BB6172
:10884000FB697B63BB6B9A6BBB6BDB6B9A4202D39E
:108850003B68022B2FD1BB6B93F8453087F8333040
:10886000BB6B9B6BFB623A68B968B86B00F012F99E
:1088700097F93330B3F1FF3F12D1BB6B5B6A002B2A
:1088800016D0BB6B2433184600F028FF0346002B9C
:108890000ED07B68002B0BD07B6801221A6007E0AA
:1088A00097F833300133DBB25AB2BB6B83F8452003
:1088B0000123FB6301E00023FB637B6B7B617B692E
:1088C00083F3118800BFFB6B18464037BD4680BD5F
:1088D00080B58CB000AFF860B9607A600023FB62AD
:1088E000FB68BB62BB6A002B0BD14FF0500383F3D4
:1088F0001188BFF36F8FBFF34F8F3B6200BF00BF84
:10890000FDE7BB68002B03D1BB6A1B6C002B01D1B8
:10891000012300E00023002B0BD14FF0500383F321
:108920001188BFF36F8FBFF34F8FFB6100BF00BF94
:10893000FDE701F0C1F80346002B02D17B68002B54
:1089400001D1012300E00023002B0BD14FF0500395
:1089500083F31188BFF36F8FBFF34F8FBB6100BFED
:1089600000BFFDE701F018FEBB6A9B6B7B627B6A70
:10897000002B1FD0B968B86A00F0F6F87B6A5A1E5F
:10898000BB6A9A63BB6A1B69002B0FD0BB6A1033AA
:10899000184600F0A3FE0346002B07D03C4B4FF0D7
:1089A00080521A60BFF34F8FBFF36F8F01F026FE26
:1089B000012369E07B68002B03D101F01FFE002337
:1089C00062E0FB6A002B06D107F11003184600F0A5
:1089D00011FF0123FB6201F011FE00F02DFC01F0FC
:1089E000DBFDBB6A93F844305BB2B3F1FF3F03D1C8
:1089F000BB6A002283F84420BB6A93F845305BB21F
:108A0000B3F1FF3F03D1BB6A002283F8452001F098
:108A1000F5FD3A1D07F110031146184600F000FF5E
:108A20000346002B23D1B86A00F016F90346002B49
:108A300017D0BB6A24337A681146184600F0FCFD53
:108A4000B86A00F0B7F800F005FC0346002B89D1A6
:108A50000F4B4FF080521A60BFF34F8FBFF36F8FF1
:108A600080E7B86A00F0A6F800F0F4FB7AE7B86A8D
:108A700000F0A0F800F0EEFBB86A00F0EDF8034655
:108A8000002B3FF46FAF002318463037BD4680BD42
:108A900004ED00E080B586B000AFF860B9607A60A0
:108AA00000237B61FB689B6B3B61FB681B6C002BAD
:108AB0000DD1FB681B68002B4DD1FB689B681846E5
:108AC00001F018F87861FB6800229A6043E07B6847
:108AD000002B19D1FB685868FB681B6C1A46B968F3
:108AE00011F04DF8FB685A68FB681B6C1A44FB6870
:108AF0005A60FB685A68FB689B689A422BD3FB68F4
:108B00001A68FB685A6026E0FB68D868FB681B6C33
:108B10001A46B96811F033F8FB68DA68FB681B6C19
:108B20005B421A44FB68DA60FB68DA68FB681B6822
:108B30009A4207D2FB689A68FB681B6C5B421A4436
:108B4000FB68DA607B68022B05D13B69002B02D001
:108B50003B69013B3B613B695A1CFB689A637B693B
:108B600018461837BD4680BD80B582B000AF78602A
:108B700039607B681B6C002B18D07B68DA687B68D7
:108B80001B6C1A447B68DA607B68DA687B689B68D8
:108B90009A4203D37B681A687B68DA607B68D9687D
:108BA0007B681B6C1A46386810F0E9FF00BF083775
:108BB000BD4680BD80B584B000AF786001F0ECFCAC
:108BC0007B6893F84530FB7311E07B685B6A002B90
:108BD00012D07B682433184600F080FD0346002B3A
:108BE00001D000F081FEFB7B013BDBB2FB7397F908
:108BF0000F30002BE9DC00E000BF7B68FF2283F828
:108C0000452001F0FBFC01F0C7FC7B6893F8443081
:108C1000BB7311E07B681B69002B12D07B6810339B
:108C2000184600F05BFD0346002B01D000F05CFE0F
:108C3000BB7B013BDBB2BB7397F90E30002BE9DC49
:108C400000E000BF7B68FF2283F8442001F0D6FCDF
:108C500000BF1037BD4680BD80B584B000AF7860DE
:108C600001F09AFC7B689B6B002B02D10123FB6017
:108C700001E00023FB6001F0C1FCFB6818461037DF
:108C8000BD4680BD80B584B000AF786001F084FC43
:108C90007B689A6B7B68DB6B9A4202D10123FB6095
:108CA00001E00023FB6001F0A9FCFB6818461037C7
:108CB000BD4680BD80B485B000AF786039600023C8
:108CC000FB6014E00F4AFB6852F83330002B0BD1E5
:108CD0000C49FB683A6841F833200A4AFB68DB001C
:108CE00013447A685A6006E0FB680133FB60FB6856
:108CF000072BE7D900BF00BF1437BD465DF8047BE2
:108D0000704700BF3890002080B586B000AFF86093
:108D1000B9607A60FB687B6101F03EFC7B6993F887
:108D200044305BB2B3F1FF3F03D17B69002283F88B
:108D300044207B6993F845305BB2B3F1FF3F03D128
:108D40007B69002283F8452001F058FC7B699B6B0E
:108D5000002B06D17B6924337A68B968184600F085
:108D600091FC7869FFF726FF00BF1837BD4680BD2C
:108D700080B58EB004AFF860B9607A603B607B6B01
:108D8000002B0BD14FF0500383F31188BFF36F8F8B
:108D9000BFF34F8F3B6200BF00BFFDE7BB6B002BF3
:108DA0000BD14FF0500383F31188BFF36F8FBFF3E4
:108DB0004F8FFB6100BF00BFFDE7A8233B613B690C
:108DC000A82B0BD04FF0500383F31188BFF36F8FA4
:108DD000BFF34F8FBB6100BF00BFFDE73B69BB6BBB
:108DE000002B1ED07B6B002B1BD0BB6B7B627B6A86
:108DF0007A6B1A637B6A022283F8A520002303930F
:108E00007B6A029307F1140301933B6B00933B6869
:108E10007A68B968F86800F051F8786A00F0F6F8F6
:108E200001E000237B617B6918462837BD4680BD81
:108E300080B58CB004AFF860B9603B601346FB802E
:108E4000FB889B00184601F0C9FC78617B69002B08
:108E50000ED0A82001F0C2FCF861FB69002B03D002
:108E6000FB697A691A6305E0786901F085FD01E024
:108E70000023FB61FB69002B17D0FB69002283F8FC
:108E8000A520FA8800230393FB690293FB6A0193F0
:108E9000BB6A00933B68B968F86800F00FF8F8699E
:108EA00000F0B4F80123BB6102E04FF0FF33BB6177
:108EB000BB6918462037BD4680BD000080B588B02C
:108EC00000AFF860B9607A603B603B6B186B7B6801
:108ED0009B001A46A52110F018FD3B6B1A6B7B68AE
:108EE00003F18043013B9B001344BB61BB6923F04A
:108EF0000703BB61BB6903F00703002B0BD04FF0E6
:108F0000500383F31188BFF36F8FBFF34F8F7B61E3
:108F100000BF00BFFDE7BB68002B1FD00023FB6133
:108F200012E0BA68FB69134419783A6BFB69134481
:108F300034330A461A70BA68FB6913441B78002B55
:108F400006D0FB690133FB61FB690F2BE9D900E017
:108F500000BF3B6B002283F8432003E03B6B002201
:108F600083F83420BB6A372B01D93723BB623B6BB4
:108F7000BA6ADA623B6BBA6ADA643B6B00221A6542
:108F80003B6B04331846FFF765F93B6B1833184603
:108F9000FFF760F93B6B3A6B1A61BB6AC3F13802A9
:108FA0003B6B9A613B6B3A6B5A623B6B0022C3F896
:108FB000A0203B6B002283F8A4203B6B54334C224F
:108FC0000021184610F0A1FC3B6B0D4A9A653B6BE3
:108FD0000C4ADA653B6B0C4A1A663A68F968B8695C
:108FE00001F0A6F902463B6B1A60FB6A002B02D027
:108FF000FB6A3A6B1A6000BF2037BD4680BD00BFD8
:1090000064440120CC4401203445012080B582B065
:1090100000AF786001F0C0FA2D4B1B6801332C4A79
:1090200013602C4B1B68002B09D12A4A7B68136004
:10903000274B1B68012B10D100F07AFC0DE0264B6A
:109040001B68002B09D1234B1B68DA6A7B68DB6A3B
:109050009A4202D81F4A7B681360204B1B68013379
:109060001E4A13601D4B1A687B685A647B68DA6A73
:109070001B4B1B689A4203D97B68DB6A184A136052
:109080007B68DA6A13469B0013449B00154A1A4416
:109090007B68043319461046FFF7E9F801F0AEFA91
:1090A0000D4B1B68002B0ED00A4B1B68DA6A7B68DD
:1090B000DB6A9A4207D20C4B4FF080521A60BFF322
:1090C0004F8FBFF36F8F00BF0837BD4680BD00BF15
:1090D0004C9500207890002058950020689500203D
:1090E000549500207C90002004ED00E080B584B011
:1090F00000AF78600023FB607B68002B18D0144B16
:109100001B68002B0BD04FF0500383F31188BFF383
:109110006F8FBFF34F8FBB6000BF00BFFDE700F054
:109120008BF80021786800F055FD00F093F8F860A6
:10913000FB68002B07D1074B4FF080521A60BFF33A
:109140004F8FBFF36F8F00BF1037BD4680BD00BF8C
:109150007495002004ED00E080B58AB004AF0023D0
:10916000BB6000237B603A46391D07F108031846AF
:10917000FFF71CF839687B68BA68029201930023F4
:10918000009300230A4624492448FFF7F1FD0346D3
:10919000234A1360224B1B68002B02D001237B6102
:1091A00001E000237B617B69012B02D100F066FDA9
:1091B00078617B69012B1BD14FF0500383F3118839
:1091C000BFF36F8FBFF34F8F3B6100BF154B1B6821
:1091D0005433154A1360154B4FF0FF321A60144B8D
:1091E00001221A60134B00221A6001F031F90FE0DE
:1091F0007B69B3F1FF3F0BD14FF0500383F311882C
:10920000BFF36F8FBFF34F8FFB6000BF00BFFDE761
:1092100000BF1837BD4680BD2CAA0108019900087F
:109220007095002078900020241C00206C95002070
:10923000589500205095002080B400AF044B1B6867
:109240000133034A136000BFBD465DF8047B7047DD
:109250007495002080B584B000AF0023FB6000232C
:10926000BB60424B1B68002B0BD14FF0500383F3C4
:109270001188BFF36F8FBFF34F8F3B6000BF00BFFC
:10928000FDE701F089F9394B1B68013B374A136050
:10929000364B1B68002B62D1354B1B68002B5ED010
:1092A0002FE0344BDB68DB68FB60FB681833184643
:1092B000FFF73AF8FB6804331846FFF735F8FB6808
:1092C000DA6A2D4B1B689A4203D9FB68DB6A2A4A8B
:1092D0001360FB68DA6A13469B0013449B00274A1D
:1092E0001A44FB68043319461046FEF7C0FFFB68BA
:1092F000DA6A234B1B68DB6A9A4202D3214B0122B4
:109300001A601C4B1B68002BCBD1FB68002B01D0D3
:1093100000F0B2FB1C4B1B687B607B68002B10D0FD
:1093200000F046F80346002B02D0164B01221A60CB
:109330007B68013B7B607B68002BF1D1124B0022E4
:109340001A60104B1B68002B09D00123BB600F4B28
:109350004FF080521A60BFF34F8FBFF36F8F01F051
:109360004DF9BB6818461037BD4680BD7495002086
:109370004C9500200C950020549500207C900020F6
:1093800078900020609500205C95002004ED00E0BE
:1093900080B483B000AF054B1B687B607B681846C8
:1093A0000C37BD465DF8047B704700BF5095002028
:1093B00080B586B000AF00237B614F4B1B68002B4C
:1093C00040F090804D4B1B6801333B614B4A3B6939
:1093D00013603B69002B21D1494B1B681B68002B94
:1093E0000BD04FF0500383F31188BFF36F8FBFF39F
:1093F0004F8F3B6000BF00BFFDE7414B1B68FB6028
:10940000404B1B683E4A13603E4AFB6813603E4B6C
:109410001B6801333C4A136000F02EFB3B4B1B687A
:109420003A699A4249D3364B1B681B68002B04D11A
:10943000364B4FF0FF321A603FE0314B1B68DB6860
:10944000DB68BB60BB685B687B603A697B689A429B
:1094500003D22E4A7B6813602FE0BB6804331846A2
:10946000FEF762FFBB689B6A002B04D0BB68183311
:109470001846FEF759FFBB68DA6A254B1B689A420B
:1094800003D9BB68DB6A224A1360BB68DA6A1346F9
:109490009B0013449B001F4A1A44BB6804331946BF
:1094A0001046FEF7E4FEBB68DA6A1B4B1B68DB6AFA
:1094B0009A42B8D301237B61B5E7174B1B68DA6A80
:1094C000144913469B0013449B000B441B68012B5B
:1094D00001D901237B61114B1B68002B07D00123AD
:1094E0007B6104E00E4B1B6801330D4A13607B69FE
:1094F00018461837BD4680BD749500205095002051
:109500000495002008950020649500206C950020AB
:10951000549500207C9000207890002060950020D9
:109520005C95002080B586B000AF3D4B1B68002BDA
:1095300003D03C4B01221A606EE03A4B00221A60C5
:10954000394B1B681B6B3B614FF0A533FB603B69DC
:109550001B68FA689A4211D13B6904331B68FA68A8
:109560009A420BD13B6908331B68FA689A4205D1CD
:109570003B690C331B68FA689A4208D02A4B1A6878
:10958000294B1B68343319461046F7F779FF274BF0
:109590001B687B6111E07B69002B0BD14FF05003FE
:1095A00083F31188BFF36F8FBFF34F8F7B6000BFD2
:1095B00000BFFDE77B69013B7B611D497A6913466A
:1095C0009B0013449B000B441B68002BE3D07A697B
:1095D00013469B0013449B00154A1344BB60BB68B1
:1095E0005B685A68BB685A60BB685A68BB680833D6
:1095F0009A4204D1BB685B685A68BB685A60BB6812
:109600005B68DB68084A1360084A7B691360064B95
:109610001B685433074A136000BF1837BD4680BD2E
:1096200074950020609500207890002054950020CB
:109630007C900020241C002080B584B000AF7860AE
:1096400039607B68002B0BD14FF0500383F31188F6
:10965000BFF36F8FBFF34F8FFB6000BF00BFFDE70D
:10966000074B1B68183319467868FEF724FE012162
:10967000386800F0AFFA00BF1037BD4680BD00BFAC
:109680007890002080B586B000AFF860B9607A604D
:10969000FB68002B0BD14FF0500383F31188BFF30D
:1096A0006F8FBFF34F8F7B6100BF00BFFDE70A4B99
:1096B0001B6818331946F868FEF7D9FD7B68002B44
:1096C00002D04FF0FF33BB607968B86800F082FACF
:1096D00000BF1837BD4680BD7890002080B586B0A9
:1096E00000AF78607B68DB68DB683B613B69002B1F
:1096F0000BD14FF0500383F31188BFF36F8FBFF38B
:109700004F8FFB6000BF00BFFDE73B691833184671
:10971000FEF70AFE1D4B1B68002B1DD13B6904336D
:109720001846FEF701FE3B69DA6A194B1B689A423C
:1097300003D93B69DB6A164A13603B69DA6A134650
:109740009B0013449B00134A1A443B690433194697
:109750001046FEF78CFD05E03B69183319460E48AC
:10976000FEF785FD3B69DA6A0C4B1B68DB6A9A429F
:1097700005D901237B610A4B01221A6001E0002315
:109780007B617B6918461837BD4680BD7495002003
:10979000549500207C9000200C95002078900020AB
:1097A0006095002080B584B000AF78607B68002BA6
:1097B0000BD14FF0500383F31188BFF36F8FBFF3CA
:1097C0004F8FFB6000BF00BFFDE700F0E5FE074BD9
:1097D0001A687B681A60064B1A687B685A6000F04A
:1097E0000DFF00BF1037BD4680BD00BF649500204F
:1097F0005095002080B483B000AF7860064B1A68A3
:109800007B681A60054B1A687B685A6000BF0C378A
:10981000BD465DF8047B704764950020509500209C
:1098200080B588B000AF786039607B68002B0BD1C1
:109830004FF0500383F31188BFF36F8FBFF34F8F47
:109840003B6100BF00BFFDE73B68002B0BD14FF031
:10985000500383F31188BFF36F8FBFF34F8FFB600B
:1098600000BF00BFFDE700F097FE1D4B1B68BB610A
:109870007B685B68BA69D31A7B613B681B68B3F18C
:10988000FF3F02D10023FB6123E07B681A68154B80
:109890001B689A4207D07B685B68BA699A4202D318
:1098A0000123FB6115E03B681B687A699A420BD281
:1098B0003B681A687B69D21A3B681A607868FFF7C0
:1098C00099FF0023FB6104E03B6800221A6001233A
:1098D000FB6100F093FEFB6918462037BD4680BD52
:1098E000509500206495002080B400AF034B012206
:1098F0001A6000BFBD465DF8047B7047609500208C
:1099000080B582B000AF786000F052F8064B1B685B
:10991000012BF9D9054B4FF080521A60BFF34F8FDE
:10992000BFF36F8FF0E700BF7C90002004ED00E0F4
:1099300080B582B000AF00237B600CE07A681346EC
:109940009B0013449B00124A13441846FEF762FC26
:109950007B6801337B607B68372BEFD90D48FEF7BE
:1099600059FC0D48FEF756FC0C48FEF753FC0C481A
:10997000FEF750FC0B48FEF74DFC0B4B054A1A60F6
:109980000A4B054A1A6000BF0837BD4680BD00BFBC
:109990007C900020DC940020F09400200C950020A6
:1099A000209500203895002004950020089500207F
:1099B00080B582B000AF19E000F0EEFD104BDB681F
:1099C000DB687B607B6804331846FEF7ADFC0D4B0B
:1099D0001B68013B0B4A13600B4B1B68013B0A4A97
:1099E000136000F00BFE786800F010F8064B1B685F
:1099F000002BE1D100BF00BF0837BD4680BD00BFCE
:109A0000209500204C9500203495002080B584B02E
:109A100000AF78607B68543318460FF0D7FF7B683F
:109A200093F8A530002B08D17B681B6B184600F01B
:109A3000A3FF786800F0A0FF19E07B6893F8A530D9
:109A4000012B03D1786800F097FF10E07B6893F852
:109A5000A530022B0BD04FF0500383F31188BFF3D6
:109A60006F8FBFF34F8FFB6000BF00BFFDE700BFEC
:109A70001037BD4680BD000080B483B000AF0C4BF2
:109A80001B681B68002B04D10A4B4FF0FF321A6091
:109A900008E0074B1B68DB68DB687B607B685B6802
:109AA000044A136000BF0C37BD465DF8047B704765
:109AB000049500206C95002080B483B000AF0B4B60
:109AC0001B68002B02D101237B6008E0084B1B6858
:109AD000002B02D102237B6001E000237B607B68C6
:109AE00018460C37BD465DF8047B7047589500203A
:109AF0007495002080B586B000AF78607B683B61CC
:109B000000237B617B68002B58D02F4B1B683A6980
:109B10009A420BD04FF0500383F31188BFF36F8F3D
:109B2000BFF34F8FFB6000BF00BFFDE73B691B6DBC
:109B3000002B0BD14FF0500383F31188BFF36F8FCD
:109B4000BFF34F8FBB6000BF00BFFDE73B691B6DDC
:109B50005A1E3B691A653B69DA6A3B69DB6C9A42BB
:109B60002CD03B691B6D002B28D13B690433184670
:109B7000FEF7DAFB3B69DA6C3B69DA623B69DB6A68
:109B8000C3F138023B699A613B69DA6A0F4B1B6883
:109B90009A4203D93B69DB6A0C4A13603B69DA6A73
:109BA00013469B0013449B00094A1A443B69043343
:109BB00019461046FEF75BFB01237B617B69184663
:109BC0001837BD4680BD00BF789000205495002016
:109BD0007C90002080B584B000AF78603960214B64
:109BE0001B68FB60204B1B6804331846FEF79CFB88
:109BF0007B68B3F1FF3F0AD13B68002B07D01A4BBB
:109C00001B68043319461948FEF731FB26E0FA6851
:109C10007B681344BB60144B1B68BA685A60BA680F
:109C2000FB689A4209D2124B1A680F4B1B68043327
:109C300019461046FEF73FFB10E00E4B1A680A4B20
:109C40001B68043319461046FEF735FB0A4B1B68A8
:109C5000BA689A4202D2084ABB68136000BF103744
:109C6000BD4680BD5095002078900020389500209A
:109C700008950020049500206C95002080B58AB0DE
:109C800004AF00237B6100F013FB1D4B1B68002B0E
:109C900021D00023FB600023BB603A1D07F10801BF
:109CA00007F10C031846FEF79BFA7968BB68FA685F
:109CB000029201930223009300230A46114912489D
:109CC000FFF756F80346114A1360104B1B68002B30
:109CD00001D001237B617B69002B0BD14FF0500336
:109CE00083F31188BFF36F8FBFF34F8F3B6100BFCA
:109CF00000BFFDE77B6918461837BD4680BD00BF31
:109D0000A895002034AA0108499E0008AC950020BF
:109D100080B58AB000AFF860B9607A603B6000231C
:109D20007B62FB68002B0BD14FF0500383F311884B
:109D3000BFF36F8FBFF34F8F3B6200BF00BFFDE7E4
:109D4000194B1B68002B2AD0BB683B617B687B6189
:109D5000FB68BB61BB68052B18DCFFF7ADFE034653
:109D6000022B09D1104B186807F1100100233A6B40
:109D7000FEF70EFC786212E00B4B186807F1100139
:109D800000230022FEF704FC786208E0064B186806
:109D900007F1100100233A68FEF7FCFC78627B6A49
:109DA00018462837BD4680BDA895002080B588B0EC
:109DB00002AF78603960234B1B68DB68DB687B612E
:109DC0007B6904331846FEF7AFFA7B6993F82830B5
:109DD00003F00403002B23D07B699A697B68D118B8
:109DE0007B683A68786900F0D5F80346002B20D0EC
:109DF0000023009300237A6800217869FFF788FF29
:109E000038613B69002B14D14FF0500383F3118864
:109E1000BFF36F8FBFF34F8FFB6000BF00BFFDE745
:109E20007B6993F8283023F00103DAB27B6983F869
:109E300028207B691B6A7869984700BF1837BD46A0
:109E400080BD00BFA095002080B584B000AF7860D1
:109E500007F10803184600F059F8F860BB68194686
:109E6000F86800F005F800F0D7F800BFF0E7000050
:109E700080B584B000AF78603960FFF7DDF907F195
:109E80000803184600F066F8F860BB68002B30D174
:109E90003B68002B0AD17A68FB689A4206D8FFF724
:109EA000D9F9F9687868FFF781FF24E03B68002B57
:109EB00008D0134B1B681B68002B01D1012300E065
:109EC00000233B600F4B18687A68FB68D31A3A6826
:109ED0001946FEF719FFFFF7BDF90346002B0AD11B
:109EE000094B4FF080521A60BFF34F8FBFF36F8F53
:109EF00001E0FFF7AFF900BF1037BD4680BD00BFDE
:109F0000A4950020A895002004ED00E080B485B061
:109F100000AF78600E4B1B681B68002B01D101223B
:109F200000E000227B681A607B681B68002B05D16B
:109F3000074B1B68DB681B68FB6001E00023FB60CC
:109F4000FB6818461437BD465DF8047B704700BFB8
:109F5000A095002080B584B000AF7860FFF718FAB4
:109F6000F8600B4B1B68FA689A4205D200F03AF988
:109F70007B6801221A6002E07B6800221A60044AB2
:109F8000FB681360FB6818461037BD4680BD00BFF4
:109F9000B095002080B586B000AFF860B9607A60F7
:109FA0003B6000237B61FB68BA685A60FB68FA6813
:109FB0001A61BA687B689A4212D87A683B68D21AEA
:109FC000FB689B699A4202D301237B611BE0104B23
:109FD0001A68FB68043319461046FEF76CF912E064
:109FE0007A683B689A4206D2BA683B689A4202D3C2
:109FF00001237B6107E0074B1A68FB6804331946AD
:10A000001046FEF758F97B6918461837BD4680BDE3
:10A01000A4950020A095002080B58EB002AFCEE0C0
:10A020007B68002B19DA3B1D0433FB62FB6A002BB3
:10A030000BD14FF0500383F31188BFF36F8FBFF341
:10A040004F8FFB6100BF00BFFDE7FB6A1B68FA6A28
:10A050005068FA6A9268114698477B68002BC0F2F4
:10A06000AE80FB68BB62BB6A5B69002B04D0BB6A35
:10A0700004331846FEF758F93B461846FFF76AFFC7
:10A0800078627B68092B00F2978001A252F823F0D6
:10A09000B9A00008B9A00008B9A000082FA10008C5
:10A0A00043A100088FA10008B9A00008B9A00008CA
:10A0B0002FA1000843A10008BB6A93F8283043F0A1
:10A0C0000103DAB2BB6A83F82820BA68BB6A9B69CD
:10A0D000D118BB687A6AB86AFFF75CFF0346002BA9
:10A0E0006CD0BB6A1B6AB86A9847BB6A93F8283081
:10A0F00003F00403002B61D0BA68BB6A9B691A4461
:10A100000023009300230021B86AFFF701FE3862A4
:10A110003B6A002B52D14FF0500383F31188BFF3F9
:10A120006F8FBFF34F8FBB6100BF00BFFDE7BB6AFE
:10A1300093F8283023F00103DAB2BB6A83F82820B1
:10A140003DE0BB6A93F8283043F00103DAB2BB6A02
:10A1500083F82820BA68BB6A9A61BB6A9B69002BA6
:10A160000BD14FF0500383F31188BFF36F8FBFF310
:10A170004F8F7B6100BF00BFFDE7BB6A9A697B6AB6
:10A18000D1187B6A7A6AB86AFFF704FF17E0BB6AE6
:10A1900093F8283003F00203002B03D1B86A00F0D3
:10A1A000EBFB0CE0BB6A93F8283023F00103DAB232
:10A1B000BB6A83F8282002E000BF00E000BF084B24
:10A1C0001B68391D00221846FEF782FB0346002B50
:10A1D0007FF426AF00BF00BF3037BD4680BD00BF53
:10A1E000A895002080B588B002AF49E02E4B1B68CF
:10A1F000DB681B683B612C4B1B68DB68DB68FB6022
:10A20000FB6804331846FEF78FF8FB681B6AF86892
:10A210009847FB6893F8283003F00403002B2FD0F5
:10A22000FB689B693A691344BB60BA683B699A4210
:10A230000ED9FB68BA685A60FB68FA681A611A4B53
:10A240001A68FB68043319461046FEF734F817E025
:10A250000023009300233A690021F868FFF758FDB6
:10A2600078607B68002B0BD14FF0500383F311888B
:10A27000BFF36F8FBFF34F8F3B6000BF00BFFDE7A1
:10A28000094B1B681B68002BB0D1074B1B687B6117
:10A29000064B1B68044A1360044A7B69136000BFC5
:10A2A0001837BD4680BD00BFA0950020A4950020B2
:10A2B00080B582B002AF00F06FF9154B1B68002B20
:10A2C00020D11448FDF7A6FF1348FDF7A3FF134B59
:10A2D000104A1A60124B104A1A6000230093114B67
:10A2E000114A10210A20FEF7B3F80346084A13600A
:10A2F000074B1B68002B05D0054B1B680B49184604
:10A30000FEF7D8FC00F07AF900BFBD4680BD00BF63
:10A31000A8950020789500208C950020A09500201D
:10A32000A495002054960020B49500203CAA010872
:10A3300080B485B000AFF860B9607A60FB68043B18
:10A34000FB60FB684FF080721A60FB68043BFB60A7
:10A35000BB6823F00102FB681A60FB68043BFB60EA
:10A360000C4AFB681A60FB68143BFB607A68FB6868
:10A370001A60FB68043BFB60FB686FF002021A6026
:10A38000FB68203BFB60FB6818461437BD465DF850
:10A39000047B704799A3000880B485B000AF002308
:10A3A0007B60134B1B68B3F1FF3F0BD04FF05003A2
:10A3B00083F31188BFF36F8FBFF34F8FFB6000BF34
:10A3C00000BFFDE74FF0500383F31188BFF36F8F99
:10A3D000BFF34F8FBB6000BF00BF7B68002BFCD07A
:10A3E00000BF00BF1437BD465DF8047B704700BF57
:10A3F0001C00002000000000000000000000000021
:10A40000074B19680868B0E8F04F80F30988BFF37C
:10A410006F8F4FF0000080F311887047AFF300801A
:10A420007890002000BF00BF08480068006880F3F3
:10A4300008884FF0000080F3148862B661B6BFF35D
:10A440004F8FBFF36F8F00DF00BF00BF08ED00E04C
:10A4500080B586B000AF474B1B68474A93420BD18B
:10A460004FF0500383F31188BFF36F8FBFF34F8F0B
:10A47000FB6000BF00BFFDE73E4B1B683F4A9342B5
:10A480000BD14FF0500383F31188BFF36F8FBFF3ED
:10A490004F8F3B6100BF00BFFDE7394B7B617B699C
:10A4A0001B78DBB27B607B69FF221A707B691B78AB
:10A4B000DBB2FB70FB78DBB203F05003DAB2314B56
:10A4C0001A70314B07221A6009E02F4B1B68013BC1
:10A4D0002D4A1360FB78DBB25B00DBB2FB70FB78CC
:10A4E000DBB203F08003802BEFD0274B1B68C3F156
:10A4F0000703042B0BD04FF0500383F31188BFF3F5
:10A500006F8FBFF34F8FBB6000BF00BFFDE71E4BD7
:10A510001B681B021C4A13601B4B1B6803F4E0639F
:10A52000194A13607B68DAB27B691A70174B1B6893
:10A53000164A43F470031360144B1B68134A43F02C
:10A540007043136000F0DAF8114B00221A6000F03B
:10A55000F9F8104B1B680F4A43F040431360FFF7B4
:10A5600063FFFEF7DFFFFFF717FF002318461837DA
:10A57000BD4680BD00ED00E071C20F4170C20F41C9
:10A5800000E400E0A4960020A896002020ED00E062
:10A590001C00002034EF00E080B483B000AF4FF027
:10A5A000500383F31188BFF36F8FBFF34F8F7B602E
:10A5B00000BF104B1B6801330E4A13600D4B1B6824
:10A5C000012B10D10C4B1B68DBB2002B0BD04FF0D2
:10A5D000500383F31188BFF36F8FBFF34F8F3B603E
:10A5E00000BF00BFFDE700BF0C37BD465DF8047B30
:10A5F000704700BF1C00002004ED00E080B483B071
:10A6000000AF124B1B68002B0BD14FF0500383F3AC
:10A610001188BFF36F8FBFF34F8F7B6000BF00BF08
:10A62000FDE70A4B1B68013B084A1360074B1B6898
:10A63000002B05D100233B603B6883F3118800BFEA
:10A6400000BF0C37BD465DF8047B70471C0000203E
:10A65000EFF30980BFF36F8F154B1A681EF0100FD0
:10A6600008BF20ED108A20E9F04F106009B44FF0C8
:10A67000500080F31188BFF34F8FBFF36F8FFEF749
:10A6800051FF4FF0000080F3118809BC1968086879
:10A69000B0E8F04F1EF0100F08BFB0EC108A80F346
:10A6A0000988BFF36F8F7047AFF30080AFF300806E
:10A6B0007890002000BF00BF80B582B000AF4FF09F
:10A6C000500383F31188BFF36F8FBFF34F8F7B600D
:10A6D00000BFFEF76DFE0346002B03D0064B4FF084
:10A6E00080521A6000233B603B6883F3118800BFEF
:10A6F00000BF0837BD4680BD04ED00E080B400AF68
:10A700000B4B00221A600B4B00221A600A4B1B688D
:10A710000A4AA2FB03239B09094A013B1360044B2D
:10A7200007221A6000BFBD465DF8047B704700BF7A
:10A7300010E000E018E000E010000020D34D6210AF
:10A7400014E000E0DFF80C00016841F470010160E2
:10A75000704700BF88ED00E080B485B000AFEFF334
:10A760000583FB60FB680F2B15D9184AFB6813445F
:10A770001B78FB72164B1B78FA7A9A420BD24FF079
:10A78000500383F31188BFF36F8FBFF34F8F7B604C
:10A7900000BF00BFFDE70F4B1B6803F4E0620E4BE8
:10A7A0001B689A420BD94FF0500383F31188BFF313
:10A7B0006F8FBFF34F8F3B6000BF00BFFDE700BF4F
:10A7C0001437BD465DF8047B704700BFF0E300E03E
:10A7D000A49600200CED00E0A896002080B58AB079
:10A7E00000AF78600023FB61FEF726FD5C4B1B6821
:10A7F000002B01D100F024F95A4B1A687B681340F2
:10A80000002B40F095807B68002B1ED008227B68CF
:10A8100013447B607B6803F00703002B15D07B6833
:10A8200023F0070308337B607B6803F00703002BEA
:10A830000BD04FF0500383F31188BFF36F8FBFF33A
:10A840004F8F7B6100BF00BFFDE77B68002B6FD09F
:10A85000454B1B687A689A426AD8444B3B62434B2B
:10A860001B687B6204E07B6A3B627B6A1B687B62DD
:10A870007B6A5B687A689A4203D97B6A1B68002B03
:10A88000F1D1374B1B687A6A9A4251D03B6A1B68F8
:10A8900008221344FB617B6A1A683B6A1A607B6A70
:10A8A0005A687B68D21A08235B009A4220D97A6AD8
:10A8B0007B681344BB61BB6903F00703002B0BD01B
:10A8C0004FF0500383F31188BFF36F8FBFF34F8FA7
:10A8D0003B6100BF00BFFDE77B6A5A687B68D21A04
:10A8E000BB695A607B6A7A685A60B86900F00AF9F5
:10A8F0001D4B1A687B6A5B68D31A1B4A13601A4B9C
:10A900001A681B4B1B689A4203D2174B1B68184AE4
:10A9100013607B6A5A68134B1B681A437B6A5A6040
:10A920007B6A00221A60134B1B680133114A1360C3
:10A93000FEF790FCFB6903F00703002B0BD04FF0F0
:10A94000500383F31188BFF36F8FBFF34F8FFB600A
:10A9500000BF00BFFDE7FB6918462837BD4680BD34
:10A96000B4F60020C8F60020B8F60020ACF60020AF
:10A97000BCF60020C0F6002080B586B000AF78603D
:10A980007B687B617B68002B4FD008235B427A6930
:10A9900013447B617B693B613B695A68254B1B68AB
:10A9A0001340002B0BD14FF0500383F31188BFF3FA
:10A9B0006F8FBFF34F8FFB6000BF00BFFDE73B69A8
:10A9C0001B68002B0BD04FF0500383F31188BFF3AB
:10A9D0006F8FBFF34F8FBB6000BF00BFFDE73B69C8
:10A9E0005A68144B1B681340002B1ED03B691B6830
:10A9F000002B1AD13B695A680E4B1B68DB431A4087
:10AA00003B695A60FEF718FC3B695A680A4B1B68A1
:10AA10001344094A1360386900F074F8074B1B6847
:10AA20000133064A1360FEF715FC00BF1837BD4618
:10AA300080BD00BFC8F60020B8F60020C4F6002094
:10AA400080B485B000AF4FF4C043BB60274BFB60C0
:10AA5000FB6803F00703002B0CD0FB680733FB6097
:10AA6000FB6823F00703FB60BA68FB68D31A1F4A30
:10AA70001344BB60FB687B601D4A7B6813601C4B02
:10AA800000225A607B68BA681344FB600822FB68A6
:10AA90009B1AFB60FB6823F00703FB60FB68154A09
:10AAA0001360144B1B6800225A60124B1B68002273
:10AAB0001A607B683B603B68FA68D21A3B685A6050
:10AAC0000C4B1A683B681A603B685B680A4A136063
:10AAD0003B685B68094A1360094B4FF000421A60FB
:10AAE00000BF1437BD465DF8047B7047AC9600206C
:10AAF000ACF60020B4F60020BCF60020B8F600202A
:10AB0000C8F6002080B485B000AF7860284BFB60A9
:10AB100002E0FB681B68FB60FB681B687A689A426E
:10AB2000F7D8FB68BB60FB685B68BA6813447A6857
:10AB30009A4208D1FB685A687B685B681A44FB68D4
:10AB40005A60FB687B607B68BB607B685B68BA6847
:10AB50001A44FB681B689A4218D1FB681A68154BA7
:10AB60001B689A420DD07B685A68FB681B685B685B
:10AB70001A447B685A60FB681B681A687B681A6015
:10AB800008E00C4B1A687B681A6003E0FB681A68DF
:10AB90007B681A60FA687B689A4202D0FB687A6820
:10ABA0001A6000BF1437BD465DF8047B704700BFD4
:10ABB000ACF60020B4F60020044B1A680AB1034832
:10ABC0007047034A014812681A607047200000204D
:10ABD00018020020024A034B12681A60704700BF37
:10ABE000180200202000002003F0DABE03F0F8BEB7
:10ABF00010B500F019F8074CE06000F015F8064BAE
:10AC0000A0641A680AB1044810BD044A02481268D8
:10AC10001A6010BD58000020400000201C020020D7
:10AC200003F01ABF03F01CBF044B1A680AB10348B3
:10AC30007047034A014812681A607047D00000202C
:10AC40001C02002070B5044648B10D4600F05CF8C7
:10AC50000646291804F1180000F056F8304470BD7B
:10AC600070B50C4689B1054600F0DAF84368214614
:10AC7000DB682846984700F0D3F8436804F11801D0
:10AC80002846DB68BDE870401847084670BD00BF25
:10AC900098B170B50D46044600F0C2F843682946E5
:10ACA0009B682046984700F0BBF84368294604F1AA
:10ACB00018009B68BDE870401847704738B50446D7
:10ACC00048B1002100F020F80546014604F11800C3
:10ACD00000F01AF8284438BD10B582B001230021D5
:10ACE0000DF107008DF8073000F080F804460146AA
:10ACF0000DF1070000F07AF8204402B010BD00BF4B
:10AD0000004870479C010020B8B170B50D46284638
:10AD1000082101F0A3FC08216E180644304601F01A
:10AD20009DFC00F1080434440821204601F096FC03
:10AD3000C5F108050544281970BD704738B50C46A3
:10AD400071B1054601F0ACFA04F10801284601F0A2
:10AD5000A7FA04F110012846BDE8384001F0A0BA76
:10AD6000084638BD98B138B590ED000B0D46044645
:10AD7000084601F005F994ED020B284601F000F9B0
:10AD800094ED040B2846BDE8384001F0F9B870474F
:10AD9000A0B138B50821002001F060FC00F10805E1
:10ADA0000821284601F05AFC00F108042C4408212F
:10ADB000204601F053FC0830204438BD704700BFE6
:10ADC00038B50821002001F049FC00F108050821F0
:10ADD000284601F043FC00F108042C4408212046D9
:10ADE00001F03CFC0830204438BD00BF70B50123A1
:10ADF0000C4603700821204601F030FC082163183E
:10AE0000C618304601F02AFC00F108053544082137
:10AE1000284601F023FCC4F108042044284470BDF6
:10AE200000487047D001002038B50D460121044686
:10AE300001F0C8FB48B1A3681D70A2682369012115
:10AE40000A440B44A26023616175A07D80F001007B
:10AE500038BD00BF38B50D460121044601F0B2FBF4
:10AE600060B1A268236912F8011B003918BF0121E3
:10AE7000297001330121A26023616175A07D80F0FA
:10AE8000010038BD38B50D460121044601F09AFB9A
:10AE900048B1A3681D70A268236901210A440B44CC
:10AEA000A26023616175A07D80F0010038BD00BF04
:10AEB00038B50D460121044601F084FB50B1A3686A
:10AEC0001B782B70A268236901210A440B44A260FD
:10AED00023616175A07D80F0010038BD2DE9F0414E
:10AEE00082B00B4602210446ADF8063001F0BEFBED
:10AEF00001462046677D01F0FDFB0221204601F05E
:10AF000055FBC0B1227DA368012A4ED09DF80720D1
:10AF10001A70A3689DF806205A70A268236902324D
:10AF200002330221A26023616175A07D80F00100DF
:10AF300002B0BDE8F081D4E90135AB4223D95E1BF4
:10AF4000A3602369C6F102083344236141462046C9
:10AF500001F038FB68B3237D012B3BD09DF807300F
:10AF60002B709DF806306B702369A268A07D0233B8
:10AF700042449B1B022180F00100A26023616175A5
:10AF800002B0BDE8F0810221204601F01BFB002841
:10AF9000CBD0237DA268012B18D09DF80730137009
:10AFA000A3689DF806205A70B7E7BDF806201A80FE
:10AFB000B3E7A2682369A07D6775921B9B1B80F095
:10AFC0000100A260236102B0BDE8F081BDF8063047
:10AFD0001380A2E728460DF10605324629460EF0F9
:10AFE000CEFDA0684246A9190EF0C9FDBCE700BF1E
:10AFF0002DE9F04383B00D4602210446ADF806204A
:10B0000001F034FB0146204694F8158001F072FBF4
:10B010000221204601F0CAFA60BBD4E90167BE42B2
:10B0200023D92369A660F61B3344C6F102092361C4
:10B030004946204601F0C6FA002837D0012D43D0FA
:10B040009DF807303B709DF806307B702369A2683D
:10B05000A07D02334A449B1B022180F00100A260C4
:10B060002361617503B0BDE8F0830221204601F041
:10B07000A9FA88B1012DA36814D09DF807201A7091
:10B08000A3689DF806205A70A26823690232023331
:10B090000221A26023616175A07D80F0010003B0F0
:10B0A000BDE8F083BDF806201A80EDE7A2682369A9
:10B0B000A07D84F81580921B9B1B80F00100A2608C
:10B0C000236103B0BDE8F0830DF106053246294641
:10B0D00038460EF054FDA0684A46A9190EF04FFDFF
:10B0E000B4E700BF2DE9F8430D460221044601F004
:10B0F000BDFA0146204694F8158001F0FBFA0221C2
:10B10000204601F053FAA8B1227DA368012A46D057
:10B110005B782B70A3681B786B70A268236902327E
:10B1200002330221A26023616175A07D80F00100DD
:10B13000BDE8F883D4E90167BE4220D92369A6603F
:10B14000F61B3344C6F1020923614946204601F04B
:10B1500039FA38B3237D012B34D07B782B703B78C0
:10B160006B702369A268A07D022102334A449B1BB5
:10B170006175A260236180F00100BDE8F8830221BF
:10B18000204601F01FFA0028CFD0237DA268012BB2
:10B1900015D053782B70A3681B786B70BDE71B88A4
:10B1A0002B80BAE7A2682369A07D84F81580921BE2
:10B1B0009B1BA260236180F00100BDE8F883138827
:10B1C0002B80AAE73946324628460EF0D8FCA16803
:10B1D0004A46A8190EF0D3FCC3E700BF2DE9F0479B
:10B1E0000E4602210446154601F040FA014620466B
:10B1F00094F8159001F07EFA0221204601F0D6F96C
:10B2000060BBD4E90178474523D92369A760A7EB40
:10B2100008073B44C7F1020A23615146204601F06A
:10B22000D1F9002832D0012E3DD098F801302B7092
:10B2300098F800306B702369A268A07D0221023368
:10B240005244DB1B6175A260236180F00100BDE800
:10B25000F0870221204601F0B5F978B1012EA368EC
:10B2600011D05B782B70A3681B786B70A268236980
:10B27000023202330221A26023616175A07D80F059
:10B280000100BDE8F0871B882B80EFE7A2682369E7
:10B29000A07D84F81590D21BDB1BA260236180F097
:10B2A0000100BDE8F08741463A4628460EF067FCAB
:10B2B000A1685246E8190EF062FCBCE72DE9F041A6
:10B2C00082B004460191042101F0D0F901462046E4
:10B2D000677D01F00FFA0421204601F067F900B301
:10B2E000227DA368012A5DD09DF807201A70A3680B
:10B2F0009DF806205A70A3689DF805209A70A368EF
:10B300009DF80420DA70A268236904320433042112
:10B31000A26023616175A07D80F0010002B0BDE8EC
:10B32000F081D4E90135AB422ED95E1BA3602369BD
:10B33000C6F10408334423614146204601F042F936
:10B3400098B3237D012B46D09DF807302B70012E3A
:10B350009DF806306B7035D09DF80530AB70022E2D
:10B3600034D003359DF804302B702369A268A07D8A
:10B37000043342449B1B042180F00100A26023613E
:10B38000617502B0BDE8F0810421204601F01AF990
:10B390000028C0D0237DA268012B19D09DF807306A
:10B3A0001370A4E7019A1A60ADE7A2682369A07D33
:10B3B0006775921B9B1B80F00100A260236102B0A5
:10B3C000BDE8F081A3689DF805201A70A568C9E75B
:10B3D000019B136097E7284601AD324629460EF0DF
:10B3E000CEFBA0684246A9190EF0C9FBBDE700BF1D
:10B3F0002DE9F04383B00D4604210446019201F08B
:10B4000035F90146204694F8158001F073F90421BE
:10B41000204601F0CBF8002837D1D4E90176B742B5
:10B420002ED92369A760BF1B3B44C7F104092361E0
:10B430004946204601F0C6F8002849D0012D5BD0CE
:10B440009DF807303370012F9DF8063073704DD092
:10B450009DF80530B370022F4CD003369DF80430B0
:10B4600033702369A268A07D04334A44DB1B0421A6
:10B4700080F00100A2602361617503B0BDE8F08334
:10B480000421204601F09EF8C8B1012DA3681CD00C
:10B490009DF807201A70A3689DF806205A70A368CB
:10B4A0009DF805209A70A3689DF80420DA70A268C0
:10B4B0002369043204330421A26023616175A07DF5
:10B4C00080F0010003B0BDE8F083019A1A60EEE756
:10B4D000A2682369A07D84F81580D21BDB1B80F055
:10B4E0000100A260236103B0BDE8F083A3689DF86A
:10B4F00005201A70A668B1E701AD3A4629463046E4
:10B500000EF03DFBA0684A46E9190EF038FBA8E7AB
:10B510002DE9F8430D460421044601F0A7F8014641
:10B52000204694F8158001F0E5F80421204601F04A
:10B530003DF8D8B1227DA368012A52D0DB782B7068
:10B54000A3689B786B70A3685B78AB70A3681B786B
:10B55000EB70A2682369043204330421A2602361E2
:10B560006175A07D80F00100BDE8F883D4E9017623
:10B57000B7422AD92369A760BF1B3B44C7F104091E
:10B5800023614946204601F01DF868B3237D012B55
:10B5900040D0F3782B70B3786B70012F31D0737873
:10B5A000AB70022F05F103052FD033782B70236980
:10B5B000A268A07D042104334A44DB1B6175A260AC
:10B5C000236180F00100BDE8F8830421204600F0EB
:10B5D000F9FF0028C5D0237DA268012B17D0D378AE
:10B5E000ADE71B682B60B4E7A2682369A07D84F8EF
:10B5F0001580D21BDB1BA260236180F00100BDE837
:10B60000F883A3685B78AB700335A668CDE7136851
:10B610002B609EE731463A4628460EF0B0FAA16804
:10B620004A46E8190EF0ABFAC1E700BF2DE9F04732
:10B630000E4604210446154601F018F8014620463E
:10B6400094F8159001F056F80421204600F0AEFF62
:10B65000002837D1D4E90137BB422ED9A3EB070824
:10B66000A3602369C8F1040A43442361514620467C
:10B6700000F0A8FF002843D0012E56D0FB782B7095
:10B68000BB786B70B8F1010F49D07B78AB70B8F123
:10B69000020F05F1030546D03B782B702369A268A1
:10B6A000A07D042104335244A3EB08036175A2601A
:10B6B000236180F00100BDE8F0870421204600F0FE
:10B6C00081FFA8B1012EA36817D0DB782B70A36887
:10B6D0009B786B70A3685B78AB70A3681B78EB708A
:10B6E000A2682369043204330421A26023616175D6
:10B6F000A07D80F00100BDE8F0871B682B60EFE7BC
:10B70000A2682369A07D84F81590A2EB0802A3EB40
:10B710000803A260236180F00100BDE8F087A36800
:10B720005B78AB700335A768B6E7394642462846D2
:10B730000EF025FAA168524605EB08000EF01FFA3C
:10B74000ACE700BF2DE9F041082182B00446CDE905
:10B75000002300F08BFF01462046677D00F0CAFF02
:10B760000821204600F022FF00284DD1D4E9013500
:10B77000AB4244D95E1BA3602369C6F10808334479
:10B7800023614146204600F01DFF002872D0237D32
:10B79000012B00F092809DF807302B70012E9DF850
:10B7A00006306B7073D09DF80530AB70022E72D0EE
:10B7B0009DF80430EB70032E71D09DF803302B718F
:10B7C000042E70D09DF802306B71052E6FD09DF85D
:10B7D0000130AB71062E6ED007359DF800302B700E
:10B7E0002369A268A07D083342449B1B082180F096
:10B7F0000100A2602361617502B0BDE8F0810821FB
:10B80000204600F0DFFE50B3227DA368012A2CD031
:10B810009DF807201A70A3689DF806205A70A36847
:10B820009DF805209A70A3689DF80420DA70A3683B
:10B830009DF803201A71A3689DF802205A71A3682D
:10B840009DF801209A71A3689DF80020DA71A26822
:10B850002369083208330821A26023616175A07D45
:10B8600080F0010002B0BDE8F081DDE9001219604E
:10B870005A60ECE7A2682369A07D6775921B9B1B49
:10B8800080F00100A260236102B0BDE8F081A368EE
:10B890009DF805201A70A3689DF804201A70A3680B
:10B8A0009DF803201A70A3689DF802201A70A368FF
:10B8B0009DF801201A70A5688FE728466D4632462C
:10B8C00029460EF05CF9A0684246A9190EF057F916
:10B8D00086E700BF2DE9F04182B00B460221044605
:10B8E000ADF8063000F0C2FE01462046677D00F04C
:10B8F00001FF0221204600F059FEC0B1227DA3685D
:10B90000012A4ED09DF807201A70A3689DF80620E2
:10B910005A70A2682369023202330221A2602361B5
:10B920006175A07D80F0010002B0BDE8F081D4E92E
:10B930000135AB4223D95E1BA3602369C6F102081F
:10B94000334423614146204600F03CFE68B3237D2A
:10B95000012B3BD09DF807302B709DF806306B70A3
:10B960002369A268A07D023342449B1B022180F020
:10B970000100A2602361617502B0BDE8F08102217F
:10B98000204600F01FFE0028CBD0237DA268012BAB
:10B9900018D09DF807301370A3689DF806205A70E0
:10B9A000B7E7BDF806201A80B3E7A2682369A07D37
:10B9B0006775921B9B1B80F00100A260236102B09F
:10B9C000BDE8F081BDF806301380A2E728460DF1EE
:10B9D0000605324629460EF0D2F8A0684246A9195B
:10B9E0000EF0CDF8BCE700BF2DE9F8430D4602216B
:10B9F000044600F03BFE0146204694F8158000F016
:10BA000079FE0221204600F0D1FDA8B1227DA36875
:10BA1000012A46D05B782B70A3681B786B70A268F4
:10BA20002369023202330221A26023616175A07D85
:10BA300080F00100BDE8F883D4E90167BE4220D957
:10BA40002369A660F61B3344C6F102092361494607
:10BA5000204600F0B7FD38B3237D012B34D07B782E
:10BA60002B703B786B702369A268A07D02210233A2
:10BA70004A449B1B6175A260236180F00100BDE810
:10BA8000F8830221204600F09DFD0028CFD0237DC1
:10BA9000A268012B15D053782B70A3681B786B70AC
:10BAA000BDE71B882B80BAE7A2682369A07D84F8D4
:10BAB0001580921B9B1BA260236180F00100BDE8F2
:10BAC000F88313882B80AAE73946324628460EF0C1
:10BAD00056F8A1684A46A8190EF051F8C3E700BF0E
:10BAE0002DE9F04182B004460191042100F0BEFD31
:10BAF00001462046677D00F0FDFD0421204600F050
:10BB000055FD00B3227DA368012A5DD09DF8072072
:10BB10001A70A3689DF806205A70A3689DF8052046
:10BB20009A70A3689DF80420DA70A2682369043231
:10BB300004330421A26023616175A07D80F00100BF
:10BB400002B0BDE8F081D4E90135AB422ED95E1BCD
:10BB5000A3602369C6F104083344236141462046AB
:10BB600000F030FD98B3237D012B46D09DF80730BF
:10BB70002B70012E9DF806306B7035D09DF8053086
:10BB8000AB70022E34D003359DF804302B7023693E
:10BB9000A268A07D043342449B1B042180F0010075
:10BBA000A2602361617502B0BDE8F08104212046E6
:10BBB00000F008FD0028C0D0237DA268012B19D019
:10BBC0009DF807301370A4E7019A1A60ADE7A268E8
:10BBD0002369A07D6775921B9B1B80F00100A2600A
:10BBE000236102B0BDE8F081A3689DF805201A70BA
:10BBF000A568C9E7019B136097E7284601AD324667
:10BC000029460DF0BCFFA0684246A9190DF0B7FF08
:10BC1000BDE700BF2DE9F8430D460421044600F0BE
:10BC200025FD0146204694F8158000F063FD0421AF
:10BC3000204600F0BBFCD8B1227DA368012A52D077
:10BC4000DB782B70A3689B786B70A3685B78AB7014
:10BC5000A3681B78EB70A2682369043204330421C3
:10BC6000A26023616175A07D80F00100BDE8F883CA
:10BC7000D4E90176B7422AD92369A760BF1B3B44A8
:10BC8000C7F1040923614946204600F09BFC68B3D4
:10BC9000237D012B40D0F3782B70B3786B70012F8C
:10BCA00031D07378AB70022F05F103052FD03378B4
:10BCB0002B702369A268A07D042104334A44DB1B56
:10BCC0006175A260236180F00100BDE8F883042162
:10BCD000204600F077FC0028C5D0237DA268012B08
:10BCE00017D0D378ADE71B682B60B4E7A26823694F
:10BCF000A07D84F81580D21BDB1BA260236180F03D
:10BD00000100BDE8F883A3685B78AB700335A668D3
:10BD1000CDE713682B609EE731463A4628460DF082
:10BD20002EFFA1684A46E8190DF029FFC1E700BFC0
:10BD30002DE9F041042182B004468DED010A00F0A6
:10BD400095FC01462046677D00F0D4FC0421204686
:10BD500000F02CFC00B3227DA368012A5DD09DF881
:10BD600007201A70A3689DF806205A70A3689DF8F2
:10BD700005209A70A3689DF80420DA70A2682369F0
:10BD8000043204330421A26023616175A07D80F038
:10BD9000010002B0BDE8F081D4E90135AB422ED9F3
:10BDA0005E1BA3602369C6F1040833442361414646
:10BDB000204600F007FC98B3237D012B46D09DF868
:10BDC00007302B70012E9DF806306B7035D09DF832
:10BDD0000530AB70022E34D003359DF804302B7043
:10BDE0002369A268A07D043342449B1B042180F098
:10BDF0000100A2602361617502B0BDE8F0810421F9
:10BE0000204600F0DFFB0028C0D0237DA268012B74
:10BE100019D09DF807301370A4E7019A1A60ADE7B6
:10BE2000A2682369A07D6775921B9B1B80F00100AF
:10BE3000A260236102B0BDE8F081A3689DF80520EF
:10BE40001A70A568C9E7019B136097E7284601AD02
:10BE5000324629460DF093FEA0684246A9190DF01E
:10BE60008EFEBDE72DE9F8430D460421044600F09F
:10BE7000FDFB0146204694F8158000F03BFC0421B0
:10BE8000204600F093FBD8B1227DA368012A52D04E
:10BE9000DB782B70A3689B786B70A3685B78AB70C2
:10BEA000A3681B78EB70A268236904320433042171
:10BEB000A26023616175A07D80F00100BDE8F88378
:10BEC000D4E90176B7422AD92369A760BF1B3B4456
:10BED000C7F1040923614946204600F073FB68B3AB
:10BEE000237D012B40D0F3782B70B3786B70012F3A
:10BEF00031D07378AB70022F05F103052FD0337862
:10BF00002B702369A268A07D042104334A44DB1B03
:10BF10006175A260236180F00100BDE8F88304210F
:10BF2000204600F04FFB0028C5D0237DA268012BDE
:10BF300017D0D378ADE71B682B60B4E7A2682369FC
:10BF4000A07D84F81580D21BDB1BA260236180F0EA
:10BF50000100BDE8F883A3685B78AB700335A66881
:10BF6000CDE713682B609EE731463A4628460DF030
:10BF700006FEA1684A46E8190DF001FEC1E700BFC0
:10BF80002DE9F041082182B004468DED000B00F050
:10BF90006DFB01462046677D00F0ACFB0821204682
:10BFA00000F004FB00284DD1D4E90135AB4244D95F
:10BFB0005E1BA3602369C6F1080833442361414630
:10BFC000204600F0FFFA002872D0237D012B00F0FC
:10BFD00092809DF807302B70012E9DF806306B7013
:10BFE00073D09DF80530AB70022E72D09DF80430EE
:10BFF000EB70032E71D09DF803302B71042E70D09E
:10C000009DF802306B71052E6FD09DF80130AB7139
:10C01000062E6ED007359DF800302B702369A2687C
:10C02000A07D083342449B1B082180F00100A260E0
:10C030002361617502B0BDE8F0810821204600F05F
:10C04000C1FA50B3227DA368012A2CD09DF80720A5
:10C050001A70A3689DF806205A70A3689DF8052001
:10C060009A70A3689DF80420DA70A3689DF80320F5
:10C070001A71A3689DF802205A71A3689DF80120E7
:10C080009A71A3689DF80020DA71A26823690832CA
:10C0900008330821A26023616175A07D80F0010052
:10C0A00002B0BDE8F081DDE9001219605A60ECE7EA
:10C0B000A2682369A07D6775921B9B1B80F001001D
:10C0C000A260236102B0BDE8F081A3689DF805205D
:10C0D0001A70A3689DF804201A70A3689DF80320C5
:10C0E0001A70A3689DF802201A70A3689DF80120B9
:10C0F0001A70A5688FE728466D46324629460DF02E
:10C100003EFDA0684246A9190DF039FD86E700BF43
:10C110002DE9F0430E4683B0082104468DED000B57
:10C1200000F0A4FA0146204694F8158000F0E2FAE7
:10C130000821204600F03AFA00284CD1D4E90157F2
:10C14000BD4243D92369A560ED1B2B44C5F1080905
:10C1500023614946204600F035FA002870D0012EB0
:10C1600000F092809DF807303B70012D9DF806305D
:10C170007B7073D09DF80530BB70022D72D09DF896
:10C180000430FB70032D71D09DF803303B71042DFA
:10C1900070D09DF802307B71052D6FD09DF8013075
:10C1A000BB71062D6ED007379DF800303B702369B8
:10C1B000A268A07D08334A445B1B082180F001007F
:10C1C000A2602361617503B0BDE8F08308212046B9
:10C1D00000F0F8F948B3012EA3682CD09DF8072091
:10C1E0001A70A3689DF806205A70A3689DF8052070
:10C1F0009A70A3689DF80420DA70A3689DF8032064
:10C200001A71A3689DF802205A71A3689DF8012055
:10C210009A71A3689DF80020DA71A2682369083238
:10C2200008330821A26023616175A07D80F00100C0
:10C2300003B0BDE8F083DDE9001219605A60ECE755
:10C24000A2682369A07D84F81580521B5B1B80F0D7
:10C250000100A260236103B0BDE8F083A3689DF8EC
:10C2600005201A70A3689DF804201A70A3689DF831
:10C2700003201A70A3689DF802201A70A3689DF825
:10C2800001201A70A7688FE76E462A463146384665
:10C290000DF075FCA0684A4671190DF070FC86E738
:10C2A0002DE9F8430D460821044600F0DFF9014668
:10C2B000204694F8158000F01DFA0821204600F071
:10C2C00075F9002847D1D4E90167BE423ED92369F8
:10C2D000A660F61B3344C6F108092361494620468F
:10C2E00000F070F9002863D0237D012B00F08380DB
:10C2F000FB792B70BB796B70012E66D07B79AB70AC
:10C30000022E00F089803B79EB70032E00F08280D2
:10C31000FB782B71042E7BD0BB786B71052E75D00A
:10C320007B78AB71062E05F1070562D03B782B7048
:10C330002369A268A07D082108334A449B1B6175CC
:10C34000A260236180F00100BDE8F8830821204647
:10C3500000F038F910B3227DA368012A23D0DB79DD
:10C360002B70A3689B796B70A3685B79AB70A36833
:10C370001B79EB70A368DB782B71A3689B786B71DA
:10C38000A3685B78AB71A3681B78EB71A268236923
:10C39000083208330821A26023616175A07D80F016
:10C3A0000100BDE8F8831A685B686B602A60EDE7FE
:10C3B000A2682369A07D84F81580921B9B1BA26054
:10C3C000236180F00100BDE8F883A3685B79AB705E
:10C3D0000335A3681B7905F8013BA368DB7805F8F2
:10C3E000013BA3689B7805F8013BA3685B7805F8DF
:10C3F000013BA7689AE73946324628460DF0BFFB55
:10C40000A1684A46A8190DF0BAFB91E70635ECE79A
:10C410000535E6E70435E0E70335DAE72DE9F047CF
:10C420000F4608210446154600F020F90146204633
:10C4300094F8159000F05EF90821204600F0B6F857
:10C4400000284FD1D4E90168464546D92369A66042
:10C45000A6EB08063344C6F1080A2361514620467C
:10C4600000F0B0F8002869D0012F00F08B8098F818
:10C4700007302B7098F806306B70012E6BD098F84F
:10C480000530AB70022E00F08E8098F80430EB700F
:10C49000032E00F0868098F803302B71042E7ED096
:10C4A00098F802306B71052E77D098F80130AB7197
:10C4B000062E05F1070562D098F800302B7023692D
:10C4C000A268A07D0821083352449B1B6175A260BD
:10C4D000236180F00100BDE8F0870821204600F0CC
:10C4E00071F808B3012FA36823D0DB792B70A36800
:10C4F0009B796B70A3685B79AB70A3681B79EB7059
:10C50000A368DB782B71A3689B786B71A3685B7859
:10C51000AB71A3681B78EB71A268236908320833FA
:10C520000821A26023616175A07D80F00100BDE853
:10C53000F0871A685B686B602A60EDE7A268236980
:10C54000A07D84F81590921B9B1BA260236180F054
:10C550000100BDE8F087A3685B79AB700335A36881
:10C560001B7905F8013BA368DB7805F8013BA3685C
:10C570009B7805F8013BA3685B7805F8013BD4F88C
:10C58000088099E74146324628460DF0F8FAA1683E
:10C590005246A8190DF0F3FA91E70635EBE7053599
:10C5A000E5E70435DFE70335D9E700BF837D3BB915
:10C5B000D0E901030B44984234BF002001207047AA
:10C5C00000207047837D43B9D0E90121914210B525
:10C5D000044605D20123184610BD002318467047B3
:10C5E00082693AB1C169904780F00103DBB2A0755E
:10C5F000184610BD0120A075FAE700BFC0E9061279
:10C60000704700BF10B4019C01600A4442600A19DF
:10C610001C44C0E9033482609DF808300375002291
:10C62000C0E906225DF8044B42758275704700BF71
:10C6300010B582B0049C009401240194FFF7E2FF3E
:10C6400002B010BD10B582B000240094FFF7F0FFD7
:10C6500002B010BD0023FFF7F5BF00BFB0FBF1F340
:10C6600003FB1100081A013908407047437D8B42D3
:10C6700008D20069B0FBF1F301FB1300081A01397D
:10C68000084070470020704738B504460D46FFF754
:10C69000EDFFA36861682269657503448B4228BF7A
:10C6A0000B460244A360226138BD00BF8268006867
:10C6B000101A7047D0E90120101A704738B5837DF1
:10C6C00063B9D0E901329A4204460D4608D339B124
:10C6D000836963B1C1699847A07508B1002038BD6E
:10C6E0002046FFF7E7FFA84228BF284638BD0123B0
:10C6F0008375F3E738B504460D46FFF757FF78B169
:10C700002369A2682B44236101232A446375A26034
:10C7100038BDA2682369024403442D1AA260236134
:10C72000012229462046FFF7C9FF0028F1D1012345
:10C73000637538BD014B1868704700BF8CB50108A0
:10C740002DE9F04788B0109D002D6AD005F1500901
:10C75000044648460E4690461F4600F0EDFF00286E
:10C760005FD0002C5DD0D4F800A0BAF1000F04D047
:10C770006427384608B0BDE8F087304605F026FF4C
:10C78000002853D0B8F1000F4BD0002F49D0CDE98D
:10C7900003AA07AA059205F1580393E807008DE85C
:10C7A0000700CDF81CA0394699E80C00304605F08A
:10C7B0009DFF0746002850D1D5E91732C821012036
:10C7C0009847206000284ED0304605F021FF05F143
:10C7D00064030093079A27682B46414601F0BEF890
:10C7E0002368C7F8C400D3F8C40070B303F1700124
:10C7F00001F090F923680746D0B995F8482083F8EE
:10C80000B8202946702218460DF0B9F93268C0F8F0
:10C81000C02007986B6D296E9847384608B0BDE870
:10C82000F0870B27384608B0BDE8F087C827A0E797
:10C830008BB1D3F8C42042B1304605F0E9FE23683D
:10C84000D3F8C41001F074F923686A6D296E184694
:10C850009047002323600127DBE76728D9D06928A8
:10C8600003D00A28F7D10A27D3E76727D1E700BF0B
:10C87000F0B51949194C8BB05022054618480DF0F7
:10C880007EF902A800F02CFF0DF1080CBCE80F00A7
:10C890000FC46F46DCF8003044F8043B384600F023
:10C8A000DFFF97E80300002684E803000DF127006E
:10C8B0008DF8276005F0B2FE58B99DF82760084949
:10C8C0007022284681F86C600DF059F928460BB0AB
:10C8D000F0BD00F055FFF2E790B5010820F7002009
:10C8E000D0F60020F8B1036870B50446B3B116461F
:10C8F000D3F8C42092B1D3F8C0000D4605F07EFAFB
:10C9000060B12368D3F8C40040B155B1324629461E
:10C9100000F0C4FF003818BF012070BD4FF49670BE
:10C9200070BD0B2070BD4FF496707047A0B10368C6
:10C9300010B5044673B1D3F8C4205AB1D3F8C0007F
:10C9400005F05CFA30B12368D3F8C400003818BF92
:10C95000012010BD002010BD0020704730B10068DC
:10C9600020B1D0F8C400003818BF0120704700BFC4
:10C97000002846D010B5027884B003460A2A42D86F
:10C98000DFE802F012121814140606061A2E16001A
:10C990000A6A596B52F82120003A18BF012283F825
:10C9A0003920002004B010BD0A68F2E78A69F0E778
:10C9B0008A68EEE70A69ECE75C68084604F144021D
:10C9C00004F1430104F14203CDE90121009304F194
:10C9D000400204F1410304F1100107F01DFBE1E7FF
:10C9E0005C6804F1230204F12203CDE90032084619
:10C9F00004F1210304F1200204F1100107F012FDFB
:10CA0000D0E70B2070470120CCE700BFF0B599B00C
:10CA1000002800F08280037804460A2B00F25D8132
:10CA2000DFE803F01F1F533131060606554553005A
:10CA3000426B0B6A53F82230002B46D0D0E901023A
:10CA400004F1100105F000FF054600283DD040F23A
:10CA50005923984228D1002384F83930284619B048
:10CA6000F0BD426B0B6853F8223073B3D0E901017B
:10CA700000230AAA06F0D8F8054630B340F2911315
:10CA80009842E8D010E0426B8B6953F82230E3B152
:10CA9000D0E9010204F1100105F01AF90546A0B130
:10CAA00040F2F5139842D9D000F06AFED6E740680C
:10CAB00090F82030002B5FD190F82230002B79D1F4
:10CAC00090F82130002B40F096800025C6E74068A2
:10CAD00090F84230002B38D1C36913B190F8403040
:10CAE000FBB990F84430002B40F0A88090F8433018
:10CAF000002BEAD0C26A0AA9103007F071F9054686
:10CB00000028D1D1DDE90E23606807F0B1FD0028CF
:10CB1000DBD0012380F82330D7E70B25284619B056
:10CB2000F0BD816A103007F0D7F905460028BBD167
:10CB30006068816A07F05AFD0346002800F0C4804F
:10CB40000122606883F82220CBE704AA0AA91030EA
:10CB500007F0D6F805460028A6D1DDE90E23606867
:10CB600007F074FD30B19DF8103080F821300122BB
:10CB700080F820206068AFE707F012FD0646606885
:10CB8000002E99D07060F26906F12801103007F08C
:10CB9000D3FA0546002840F09980F7690FCF357227
:10CBA000C6F80900C6F80D106068C6F81120C6F86E
:10CBB000153081E704AA10300AA907F02DFB0546BD
:10CBC00000287FF471AF606804A907F00FFD0746E5
:10CBD00060B10AAD00F140060FCD0FC695E8030025
:10CBE0004FF0020C86E8030087F808C06068002355
:10CBF00080F8223064E704AE0AAA1030314607F00C
:10CC000049FB054600287FF44FAF60680AA907F08A
:10CC1000EDFC054600284CD090F90800012107F0F2
:10CC20006DFC0328074639D10FCE05F158040FC417
:10CC300096E8030084E803002F7246E700F1300213
:10CC40000AA9103007F00AF9054600287FF42CAF36
:10CC5000DDE90E23606807F01DFD06466068002EC2
:10CC60003FF444AF836B0127B784002B3FF43EAF02
:10CC7000436B05EB450103EBC10107F0B7FC38B18D
:10CC80006068836B86F825700135AB42F0D82DE7DC
:10CC90006068836B0135AB42EAD827E706AB0FCB60
:10CCA0008DE80F00032196E80C00606807F068FD2E
:10CCB0000BE706AB0FCB8DE80F00022196E80C00C6
:10CCC000606807F05DFD00E760680AE7606831466C
:10CCD00007F076FC00F054FDC0E60125BEE600BF7B
:10CCE000034670B379B390F83800002250B330B4E3
:10CCF00093F800C0BCF1080F17D0BCF1090F0DD09C
:10CD000093F8390040B90132914203F1400303D056
:10CD100093F838000028EBD130BC70475C68256A76
:10CD2000002DF9D194F82400ECE75C68256C35F00F
:10CD30007F45F1D194F844000028EDD194F84300E8
:10CD4000E0E7704770470846704700BF002800F0D2
:10CD5000DA80F0B5437887B0044623B1012B1CD0AC
:10CD6000002007B0F0BD0378082B00F09E80092B4F
:10CD700024D090F839000028F2D00A2B00F2588114
:10CD8000DFE813F071008C007E007100750059001F
:10CD900059005900560156017B0003780A2B00F216
:10CDA0004781DFE813F0F70079006D006000640050
:10CDB000480048004800FE0000016A004068026A1E
:10CDC00090F82430002A40F0F180002BC8D003E016
:10CDD000586807F0F5FB606807F02CFC0346014635
:10CDE0000028F5D1606880F8243090F82030002BBE
:10CDF00000F0E98040F63406012707E0284607F0F6
:10CE000073FC6068294607F0DBFB6068002107F0CF
:10CE100005FC0546002800F0D3806368E16A9B6941
:10CE20009847B0424FF00001E8D10121284607F0B1
:10CE30005BFC2F72E9E7062BA068A16A266B00F065
:10CE4000B980072B00F0EF80B04704F11005A26A0B
:10CE50006068294605F048FD002882D0059000F062
:10CE60008FFC05987DE7236BA068984778E7236BD4
:10CE7000A06804F11001984772E7236B98476FE7A9
:10CE8000606805F0F5FF40F2213398423FF468AF47
:10CE900000283FF466AFE1E790F83900D4E90B13BE
:10CEA0000028E8D0A06898475AE74068036C33F040
:10CEB0007F4307D190F8443023B990F84330002BDA
:10CEC0003FF44EAF90F8423003B30026012704E050
:10CED00007F040FB90B92F72606807F0EDFB054644
:10CEE00098B16368E26A9B6995F8211085F8206023
:10CEF000984795F821302846002BE9D160682946EB
:10CF000007F05EFBE8E70B207047606890F8403060
:10CF10008BB1C5682DB3002695F8223043B1C369A3
:10CF200085F8226023B1816AE26A284698476068E2
:10CF30002D68002DF0D190F8443093B1C56885B1CB
:10CF4000002695F824304BB1436A85F824602BB154
:10CF50002846E26A95F82510984760682D68002DEC
:10CF6000EFD190F84330002B3FF4FAAE00270BE0EE
:10CF70006368E26AD96A1E6A85F82370B047606800
:10CF8000294607F01DFB606807F0A2FB0546002854
:10CF9000EED1E5E690F83900236B00283FF465AF49
:10CFA00062E740688EE7406890F82430002B3FF439
:10CFB0001CAF11E704F110050A462946B04746E7C1
:10CFC000606880F8205090F82130002B3FF4C8AE04
:10CFD000C56825B3022601E02D6805B395F9083030
:10CFE000032BF9D1C369E16A28469847034605F146
:10CFF0006002284685F825301BB107F095FB606874
:10D00000EAE70FCA8DE80F0005F15807D7E90023BA
:10D010006068012107F0B4FB2E726068DCE7002332
:10D0200080F821309CE6E26AB04704F110050EE773
:10D03000012096E60000000000285AD02DE9F041BA
:10D040000D46B2B0002950D00446184616461F4679
:10D0500000F072FB002848D0002E46D02A499022CA
:10D060000EA80CF08CFD0EA9902220460CF087FD36
:10D0700065606846E6606D4605F0ECFF0FCD04F193
:10D08000180CD7F80080ACE80F000FCDACE80F000B
:10D090000FCDACE80F009FED1A7B2B68CCF8003069
:10D0A0003969676184ED1C7BB001C047A06010B393
:10D0B000002500E0A06800EB85103146013500F046
:10D0C000FBF9AE42F6D104F14C0000F0EBF90F4948
:10D0D000A2680023C4E920132AB162691AB1E26888
:10D0E0000AB184F88830002000E00B2032B0BDE89F
:10D0F000F0810B2070470A20F8E700BFAFF30080F3
:10D1000000CA9A3B00000000E0B50108E1CC00082D
:10D11000F8B59DF818E038B331B32AB323B3044609
:10D12000D0E90350A84201D30120F8BDA6688701C9
:10D1300006EB801C0025F5550130CCF83030CCF8DA
:10D140002C50012304F11805CCE901128CF801E000
:10D15000ACF838302061284605F090FF30B9E36C18
:10D1600001330020E364F8BD0B20F8BD284605F02C
:10D170008BFF0028F3D0F8BD002844D0F0B500F1B3
:10D1800018059BB00446284605F078FF10B1002032
:10D190001BB0F0BD284605F077FF002830D10CA861
:10D1A00005F058FF0DF1300CBCE80F00AE46676982
:10D1B000AEE80F00BCE80F00AEE80F00BCE80F00BF
:10D1C000AEE80F00DCF80030CEF800300FCF04AE30
:10D1D0000FC63B6862683360A36EA16DCDE9023271
:10D1E000D4E91432CDE900212846626EE16C06F0E4
:10D1F00067FA0028CCD00B9000F0C2FA0B98C7E772
:10D2000000F0BEFACBE70B20704700BF2DE9F04FCE
:10D2100083B0002800F0918004464068904699460B
:10D2200004F0ECFD002837D0204604F11807FFF782
:10D23000A3FF384605F0F8FF0646002877D1E368DB
:10D240000546EBB1A16801EB851CAA019CF83830BA
:10D25000B3B18B5C0A2B1FD8DFE803F034343E25D2
:10D26000250606065D524800DCF804100CF1340275
:10D27000384606F039FBF8B9E3680135AB42E1D82E
:10D2800042464B46384606F05BFB94F88850002D2A
:10D2900000F0AB80012D55D000F072FA0126304627
:10D2A00003B0BDE8F08FDCF804100CF1340238460E
:10D2B00006F0EEFA0028DFD0019000F061FA019844
:10D2C0000646ECE7DCF804100CF13402384605F0B1
:10D2D0007FFF0028D0D0EFE7DCF804100CF1340217
:10D2E000384606F0A5FA0028C6D0E5E7DCF80410B9
:10D2F0000CF13402384606F06FFA0028BCD0DBE7A8
:10D30000DCF804100CF134021031384607F036F81E
:10D310000028B1D0D0E7DCF8041000230CF134026F
:10D320001031384606F018FE0028A5D0C4E700F0FA
:10D3300027FA304603B0BDE8F08F0B26304603B025
:10D34000BDE8F08FD4E902C263461546CAB1002594
:10D35000A84640F291190CE0FFF70AFB08F101081A
:10D36000054608B148453ED1E268904580F08B8083
:10D37000A36803EB88109C4690F838303946002BA0
:10D38000EAD111466046D4E92032984758B3E368A1
:10D390004BB34FF0000840F291190AE0FFF736FB5B
:10D3A00008F10108054608B148451CD1E3689845D5
:10D3B0006FD2A36803EB8810394690F83820002A12
:10D3C000ECD1002709E0FFF7C1FC0137054650B951
:10D3D000E3689F42BFF463AFA36803EB871090F844
:10D3E0003830002BEFD12E4659E7D4E902C263460C
:10D3F000002A54D0A84640F291190BE0FFF7B8FA82
:10D4000008F10108054608B14845ECD1E2689045AD
:10D410003CD2A36803EB88109C4690F8383039461C
:10D42000002BEBD111466046D4E920329847002802
:10D43000D9D0E368002BD6D04FF0000A40F2911803
:10D4400040F2592913E0FFF7E1FA18B1404501D045
:10D45000484522D1A0685844FFF778FC0AF1010A38
:10D4600005460028BFD1E3689A45BFF418AFA0680D
:10D4700000EB8A10394690F838304FEA8A1B002BAF
:10D48000E1D12E460BE7D4F808C07AE7D4F808C0FB
:10D49000C8E7002BA7D0A36893E70646FFE615462A
:10D4A000C0E700BF30B108B5202200210CF02DFAF2
:10D4B000002008BD0B20704758B100230B22C0E9A3
:10D4C0000133C0E90A33C0E90C31028003871846F2
:10D4D00070470B20704700BF2DE9F04186B0B8B30C
:10D4E0001C46ABB30F469046064604F009FE04F115
:10D4F0000C03059093E803008DE8030005A894E869
:10D500000E0004F0FFFD0546E0B902AD284604F028
:10D510006BFC95E80300334686E8030005AA414604
:10D52000384604F0D1FC0546B8B9B460224606F18D
:10D530000C01032005F004FC054670B905A804F0B1
:10D540003DFE08B100F01CF9284606B0BDE8F081A8
:10D550000B25284606B0BDE8F08100F011F905A8BA
:10D5600004F02CFE0028EFD0ECE700BFB8B32DE9A3
:10D57000F0430D46A1B029B316461AB31F460BB3AC
:10D580000DF110080446404604F0C0FE98E8030080
:10D590000DF1180984E80300484605F05FF840469D
:10D5A00004F0B4FECDF8009098E803003B4684E810
:10D5B000030032462946204604F0B2FE30B921B0BD
:10D5C000BDE8F0830B2021B0BDE8F083039000F0AC
:10D5D000D7F800F0D5F8039821B0BDE8F0830B2010
:10D5E000704700BF68B32DE9F0410D46A0B021B3EC
:10D5F000164612B31F4603B30446FFF79BF80DF11E
:10D60000100820604046FFF733F90F49502240468A
:10D610000CF0B5FACDF800803B463246294620464C
:10D62000FFF78EF810B920B0BDE8F081039000F04C
:10D63000A7F8039820B0BDE8F0810B2020B0BDE82A
:10D64000F0810B20704700BF70B6010868B32DE968
:10D65000F0410D46A2B021B3164612B31F4603B3E4
:10D66000044605F005FA0DF110082060404605F06B
:10D67000ADFA0F49502240460CF081FACDF80080F7
:10D680003B4632462946204605F0F8F910B922B04B
:10D69000BDE8F081039000F073F8039822B0BDE874
:10D6A000F0810B2022B0BDE8F0810B20704700BF55
:10D6B000C0B601080BF0DCBB0BF07ABD0BF056BC1A
:10D6C0000BF04CBC10B5054C864684460FCCACE83C
:10D6D0000F002368CCF80030704610BD10B7010869
:10D6E00010B5054C864684460FCCACE80F00236885
:10D6F000CCF80030704610BD04020020A8B10268CA
:10D70000A2B14168A1B110B4C46864B1806838B1F5
:10D71000084B1A600022C3E90342C3E9011001204B
:10D720005DF8044B70472046FAE770471046704793
:10D73000084670470402002058B1036843B14368AB
:10D7400033B1C36823B18068003818BF0120704727
:10D7500018467047064B1B783BB1064B1A780AB93E
:10D7600001221A70044B18787047044B18787047E0
:10D7700040F7002045F7002044F7002048AC01089E
:10D780009FED077B084A094809490023138082ED71
:10D79000027B084A03700B7013707047AFF3008070
:10D7A000000000000000000048F7002045F70020BE
:10D7B00044F7002040F7002018B370B584B0044649
:10D7C00069460120F4F7C0FC002817DBDDE90031D1
:10D7D000002913DB029D002D0DDB0B4EA3FB06324F
:10D7E0005B1906FB01224FF0000042EBE572C4E931
:10D7F000003204B070BD53EA0102EED1022004B041
:10D8000070BD0B20704700BF00CA9A3B18B370B5BB
:10D8100084B0044669460020F4F796FC002817DB24
:10D82000DDE90031002913DB029D002D0DDB0B4EDD
:10D83000A3FB06325B1906FB01224FF0000042EB0E
:10D84000E572C4E9003204B070BD53EA0102EED1C2
:10D85000022004B070BD0B20704700BF00CA9A3B85
:10D86000002202600271704770B4DDE9035662B1B4
:10D870005BB155B14EB1064C2070C4E90112C4E948
:10D8800003356661002070BC70470B2070BC704788
:10D8900058F70020C96F02F07FBA00BF002853D0AC
:10D8A00070B50D468EB000294BD00446006800F0DC
:10D8B000F7FC002845D06668002E42D0B46928469F
:10D8C00023699847F369059013B105A8984705980F
:10D8D000D6F880301B6900907269B16F03F528702B
:10D8E00006AB03F03BF8D8B1A36806A928469847D1
:10D8F000336A04460BB106A8984796F87A30D6F8F2
:10D900008020012B106921D0F16F00F5287002F002
:10D9100043FA0440E4B284F00100C0B20EB070BD1E
:10D92000D6F8803018690C4B0193059B0093029642
:10D930007269B16F00F5287006AB03F03FF800285C
:10D94000D2D101200EB070BD0120704700F52870C3
:10D9500001F08AFEDFE700BF95D800082DE9F04FFF
:10D9600087B0002800F0C9800F46002900F0C5806C
:10D970000446006815461E4600F092FC002800F0A0
:10D98000BC80002D00F0B9802B78002B00F0B58012
:10D99000002E00F0B2805C48D4F8049007F088FCB8
:10D9A000002800F0AA808468C4F8884007F006FDCB
:10D9B00004F19C0AC4F88400C4F88CA02846F2F74D
:10D9C00067FC01303C2804F1840800F28F804F4A44
:10D9D0002B463C2150460BF027FE4FF47A73E36749
:10D9E0003146C4F88090502204F128000CF0C7F8AA
:10D9F000337A4749022BD9F810300CBFD3F87C3367
:10DA0000D3F87833A3670023C4E90733384600F01E
:10DA100055FC00286AD04268A261002A66D02946D7
:10DA20003346484607F032FF6062002862D0D9F8DA
:10DA3000103003F580530321B3F89805421CA3F876
:10DA4000982501F0E3FCD4F88020D9F8103020614B
:10DA5000D3F8843310690625009519682269D9F82E
:10DA6000143000F5287001F0A9FB0246D9F8100027
:10DA7000D0F88C33D0F8841300F08CFBB0B3D9F815
:10DA8000103003F580530521B3F89A05421CA3F822
:10DA90009A2501F0BBFCD4F880306061314604AFB8
:10DAA0001E69D9F81030D4F824B0D3F884A33846CE
:10DAB00000F090FB039597E803000190ADF8081083
:10DAC000DBF81030009306F52876D4E90432DAF852
:10DAD0000010304601F0D0FB0246D9F81000D0F813
:10DAE0008C33D0F8841300F055FB40B9606A08B15C
:10DAF00000F046FA404600F0EBF94FF000084046CF
:10DB000007B0BDE8F08F00BF482A01205CAC0108D7
:10DB1000D8AB010808B5034640B1084631B1596891
:10DB2000502228310CF02BF8002008BD0B2008BD36
:10DB30002DE9F04128B1044600680D4600F0B0FB25
:10DB400018B901242046BDE8F0816368002BF8D0A5
:10DB5000002DF6D0286800F0A3FB0028F1D06C68F7
:10DB6000002CEED0606AD4F8807007F0E3FED4F8A1
:10DB7000803062691869D0F8883300F52870196818
:10DB800001F06CFAD4F88030226980461869D0F828
:10DB9000883300F52870196801F060FA0646386984
:10DBA0004246D0F89033D0F8881300F0F3FA0446D8
:10DBB00038693246D0F89033D0F8881300F0EAFA8A
:10DBC000044084F00104E4B22846640000F080F9C7
:10DBD000B8E700BFE2B12DE9F041057B0646ADB9DB
:10DBE000C823C0E90055836040F2011317468381C2
:10DBF0000C46A84621463046013507F069FBAF4286
:10DC0000A46084F80C8004F1C804F3D1BDE8F0816D
:10DC1000704700BFE2B12DE9F041057B0646ADB982
:10DC2000C823C0E90055836040F201131746838181
:10DC30000C46A84621463046013507F049FBAF4265
:10DC4000A46084F80C8004F1C804F3D1BDE8F0812D
:10DC5000704700BFE2B12DE9F041057B0646ADB942
:10DC6000D823C0E90055836040F201131746838131
:10DC70000C46A84621463046013507F029FBAF4245
:10DC8000A46084F80C8004F1D804F3D1BDE8F081DD
:10DC9000704700BFE2B12DE9F041057B0646ADB902
:10DCA000D823C0E90055836040F2011317468381F1
:10DCB0000C46A84621463046013507F009FBAF4225
:10DCC000A46084F80C8004F1D804F3D1BDE8F0819D
:10DCD000704700BFE2B12DE9F041057B0646ADB9C2
:10DCE000A423C0E90055836040F2011317468381E5
:10DCF0000C46A84621463046013507F0E9FAAF4206
:10DD0000A46084F80C8004F1A404F3D1BDE8F08190
:10DD1000704700BFEAB12DE9F843057B0646B5B967
:10DD2000C0E9005541F2A85840F201131746C0F867
:10DD300008800C468381A94621463046013507F00C
:10DD4000C7FAAF42A46084F80C904444F4D1BDE813
:10DD5000F8837047E2B12DE9F041057B0646ADB985
:10DD60001C23C0E90055836040F2011317468381EC
:10DD70000C46A84621463046013507F0A9FAAF42C5
:10DD8000A46084F80C8004F11C04F3D1BDE8F08198
:10DD9000704700BFEAB12DE9F041057B0646B5B9F1
:10DDA0004FF40463C0E90055836040F20113174645
:10DDB00083810C46A84621463046013507F088FA93
:10DDC000AF42A46084F80C8004F50464F3D1BDE88C
:10DDD000F0817047E2B12DE9F041057B0646ADB90F
:10DDE0002C23C0E90055836040F20113174683815C
:10DDF0000C46A84621463046013507F069FAAF4285
:10DE0000A46084F80C8004F12C04F3D1BDE8F08107
:10DE1000704700BFE2B12DE9F041057B0646ADB980
:10DE20001C23C0E90055836040F20113174683812B
:10DE30000C46A84621463046013507F049FAAF4264
:10DE4000A46084F80C8004F11C04F3D1BDE8F081D7
:10DE5000704700BFE2B12DE9F041057B0646ADB940
:10DE60002023C0E90055836040F2011317468381E7
:10DE70000C46A84621463046013507F029FAAF4244
:10DE8000A46084F80C8004F12004F3D1BDE8F08193
:10DE9000704700BF0146014807F01ABAB840012098
:10DEA00038B50446006828B1074B1968F2F790F9B5
:10DEB00040B92060616829B1002504480D6107F070
:10DEC00007FA656038BD00BF38BA0108FC2A012096
:10DED00010B50446006828B1064B1968F2F778F9C6
:10DEE00038B92060616821B1034807F0F1F90023D7
:10DEF000636010BD38BA0108482A012010B50446F5
:10DF0000006828B1064B1968F2F762F938B9206049
:10DF1000616821B1034807F0DBF90023636010BD9D
:10DF200038BA0108C821012010B50446006828B19C
:10DF3000064B1968F2F74CF938B92060616821B1D5
:10DF4000034807F0C5F90023636010BD38BA010823
:10DF5000801D012010B50446006828B1064B1968E1
:10DF6000F2F736F938B92060616821B1034807F04B
:10DF7000AFF90023636010BD38BA0108A81C012066
:10DF800010B504462146034807F0A2F90023A36117
:10DF900010BD00BFCC1B012082B030B5294903ACB5
:10DFA00084E80C000C681D460246002C43D0204635
:10DFB000002183684068D3F814389A4208BF0131C1
:10DFC0000028F6D19DF80C30022B27D006D9032B60
:10DFD00004D0BDE83040002002B07047FDB18D4252
:10DFE0001DD8002CF5D000204FF0FF3C6FF000450D
:10DFF00001E06468DCB1A368D3F814188A42F8D150
:10E00000D3F8181803F50263614553F8043C73EB29
:10E01000050EEEDA8C461D462046EAE72DB9BDE82E
:10E020003040084802B007F043B98D42F7D8BDE848
:10E03000304002B070479DF80C30022BEFD0EED983
:10E040002146C4E7181A0120114B1B68EBB130B50B
:10E0500084464FF0FF346FF0004E002001E05B6813
:10E0600093B19A68D2F814188C45F8D1D2F81818E0
:10E07000D2F81C28A14272EB0E05F0DA18465B6854
:10E080000C469646002BECD130BD1846704700BFB9
:10E09000181A0120000000002DE9F04F3C4B2DED37
:10E0A000068BD3F800808DB008F060FAB8F1000F4D
:10E0B0005CD0D8F8085095F82038042B9FED2E8BB3
:10E0C0009FED2FAB9FED309B834604AC8A463FD03B
:10E0D000052B44D0032B3BD08DED048B8DED06AB8F
:10E0E0008DED088B8DED0A8B08AB0FCB8DE80F0003
:10E0F00094E80F0006F020FF18B18DED049B8DED24
:10E10000068B94E80F00D5F81878D5F81C68D8F875
:10E11000049006F065FF3F1846EB01065F4576EB7D
:10E120000A0605F5026505DB55E9022393457AEBFE
:10E13000030303DA1648414607F0CAF8B9F1000FA5
:10E1400014D0C846D8F8085095F82038042BBFD111
:10E15000D5F8143840330FCB84E80F00C0E7D5F86A
:10E16000143848330FCB84E80F00B9E70DB0BDEC8D
:10E17000068BBDE8F08F00BF00000000000000002B
:10E1800001000000000000001E0000000000000070
:10E19000181A012000B591F802C087B0BCF1010F38
:10E1A000ADF80E200FD01946012300930DF10E0299
:10E1B0000DF1170300F5287001F014FE00B10120E5
:10E1C00007B05DF804FB00F5287001F04DFA01205E
:10E1D000F6E700BF0A7891F808C0A2F10202B2FA8D
:10E1E00082F2520982704A7A89888180A2F1020201
:10E1F000ACF1020CB2FA82F2BCFA8CFC52094FEA82
:10E200005C1C520080F801C00270704730B50023DA
:10E210000B70036887B01446D3B10F4A15460392BA
:10E22000009542680D48019008460D4904920591F9
:10E2300002910C4A21460BF0F7F9002805DB8442D5
:10E24000D4BF0020012007B030BD002007B030BD92
:10E25000054B014A1D46E2E74CAC010864AC0108DD
:10E2600060AC010850AC010880B4010810B582B060
:10E2700014460090084B094A084621460BF0D4F991
:10E28000002805DB8442D4BF0020012002B010BD6D
:10E29000002002B010BD00BF24B7010868AC01081F
:10E2A00010B5044640B107F089F801462046F1F761
:10E2B0008FFFB0FA80F0400910BD00BF8368184797
:10E2C00010B504460068F1F783FF00280CBF204614
:10E2D000002010BD2DE9F0410568044628460E4691
:10E2E000F1F776FF08B3124B28461968F1F770FF73
:10E2F000054680B9D4F80480D8F80040ACB1D8F80D
:10E300000870043F57F8040F3146F1F761FF28B158
:10E310000135A542F6D10020BDE8F081D8F81030D3
:10E3200053F82530BDE8F04118472046BDE8F0819C
:10E3300018020020044B1A680AB103487047034AC8
:10E34000014812681A60704720020020180200205D
:10E35000024A034B12681A60704700BF180200207F
:10E36000200200200920704700EBC100704700BF69
:10E3700000EBC100D0E90001C2E90001704700BF15
:10E38000D2E9002300EBC100C0E90023704700BFC1
:10E3900008F086B908F0D0B9092070470920704705
:10E3A00000EBC100704700BF00EBC100704700BF29
:10E3B00000EBC100704700BF00EBC100704700BF19
:10E3C00000EBC100704700BF00EBC100D0E90001C5
:10E3D000C2E90001704700BFD2E9002300EBC10091
:10E3E000C0E90023704700BF00EBC100D0E9000185
:10E3F000C2E90001704700BFD2E9002300EBC10071
:10E40000C0E90023704700BF10B500F035F90B4C90
:10E41000E06000F02BFBA064FCF706FCC4F8C00031
:10E42000FCF702FC064BC4F838011A680AB104482C
:10E4300010BD044A024812681A6010BD580200203C
:10E44000400200201C020020F8B507460E4600F0EE
:10E4500063F93418214607F1180000F015FB044455
:10E4600008212046FEF7FAF800F148052544294620
:10E4700007F18000FCF748FC054408212846FEF718
:10E48000EDF800F148042C44214607F1E000FCF7C8
:10E490003BFC044408212046FEF7E0F8C6F148069C
:10E4A00030442044F8BD00BF08B1FFF7CDBF70472E
:10E4B00010B10021FFF7C8BF704700BF38B50C4648
:10E4C00099B3054600F0AAF943682146DB6828465F
:10E4D000984700F08DFB436804F11801DB6828467B
:10E4E0009847092204F13801284600F005FDFCF7A1
:10E4F00097FC436804F18001DB68284698470922AD
:10E5000004F19801284600F0F7FCFCF789FC436809
:10E5100004F1E001DB682846984704F1F801284639
:10E520000922BDE8384000F0E7BC084638BD00BF0E
:10E53000002835D038B504460D4600F06FF9436821
:10E5400029469B682046984700F052FB43682946BD
:10E550009B6804F118009847092204F13801284605
:10E5600000F076FCFCF75CFC436829469B6804F1EC
:10E5700080009847092204F19801284600F068FCC1
:10E58000FCF74EFC436829469B6804F1E00098477D
:10E5900004F1F80128460922BDE8384000F058BCD3
:10E5A000704700BFF8B50123037007460E4600F020
:10E5B0002BF934182146384600F0F8FA04440821B3
:10E5C0002046FEF74BF800F1480525442946384619
:10E5D000FCF70CFC054408212846FEF73FF800F143
:10E5E00048042C4421463846FCF700FC044408212A
:10E5F0002046FEF733F8C6F1480630442044F8BD03
:10E6000000B583B000210DF10700FFF7CBFF03B089
:10E610005DF804FB00487047FC030020044B1A68B7
:10E620000AB103487047034A014812681A607047EC
:10E630003004002018020020024A034B12681A60BE
:10E64000704700BF180200203004002008F0B4B862
:10E6500008F0B6B8044B1A680AB103487047034A79
:10E66000014812681A607047500400201C02002004
:10E6700008F0F0B808F00EB908B500F0D7F8064B6E
:10E6800006491A68C8600AB1034808BD044A02482E
:10E6900012681A6008BD00BFA4040020BC0400205A
:10E6A0001C02002008B504210020FDF7D7FF04302C
:10E6B00008BD00BF09B1FDF7D5BB0846704700BFD4
:10E6C00008B520B108460421FDF7C8FF043008BD95
:10E6D00020B190ED000A0846FDF72ABB704700BF45
:10E6E00030B108B504210020FDF7B8FF043008BDA3
:10E6F000704700BF004870473405002000B583B064
:10E70000012300210DF107008DF8073000F0ECF82F
:10E7100003B05DF804FB00BF70B5054668B10C4658
:10E7200000F092F8261804213046FDF797FFEB68B9
:10E73000C4F105041C440444A01970BDF0B50C4696
:10E7400083B0E1B1064600F0E3F843682146DB6898
:10E75000304698472769A16801AB3A46304600F039
:10E7600033FC019B054620B99F420CD3284603B0D9
:10E77000F0BD03B1013B2846E36003B0F0BD0D4698
:10E78000284603B0F0BD0121B0757175E0603046D8
:10E79000FDF77AFF30460199FDF7ACFF284603B03C
:10E7A000F0BD00BFF8B170B504460D4600F0B0F8FA
:10E7B000436829469B6820469847A66856B130466C
:10E7C000F1F766FD3146E060421C2846BDE8704026
:10E7D00000F0E8BB3046E060324631462846BDE8EE
:10E7E000704000F0DFBB704738B5044650B10021DF
:10E7F00000F02AF804210546FDF730FFE4680534EF
:10E800002C44204438BD00BF10B5012304460370DA
:10E8100000F06AF80023237010BD00BF0048704765
:10E820006805002008F072B808F074B8044B1A6844
:10E830000AB103487047034A014812681A607047DA
:10E840009C0500201C02002080B138B50D462846EA
:10E850000421FDF703FF04216C1804442046FDF752
:10E86000FDFEC5F104050544281938BD704700BFF9
:10E8700038B50C4641B10546FDF7CCF9211D2846B7
:10E88000BDE83840FCF744BE084638BD60B138B535
:10E890000D46044601682846FDF722F961682846BE
:10E8A000BDE83840FCF70ABD704700BF60B110B545
:10E8B00004210020FDF7D2FE041D04212046FDF7AF
:10E8C000CDFE0430204410BD704700BF10B50421B8
:10E8D0000020FDF7C3FE041D04212046FDF7BEFE07
:10E8E0000430204410BD00BF38B50C46012303702E
:10E8F00004212046FDF7B2FE04216318C5182846FE
:10E90000FDF7ACFEC4F104042044284438BD00BF28
:10E91000004870472C060020004870476006002021
:10E9200010B5084C207808B1074810BD00F068F811
:10E930000C3007C8054B83E8070001230248237009
:10E9400010BD00BF1141012020B8010808070020B8
:10E95000F8B50F4E37780FB10E48F8BD0E4D0F4C7D
:10E960000FCD0FC40FCD0FC42B6844F8043B3846BD
:10E9700000F052F8012384463370BCE80F000FC446
:10E98000BCE80F000FC4DCF8003002482360F8BD7B
:10E9900010410120F0B70108FCB70108C840012070
:10E9A000D8B138B5044600F057F830B104F1180575
:10E9B000284600F051F848B138BD204600F050F824
:10E9C00004F1180000F04CF8002038BD204600F09B
:10E9D00047F8284600F044F8F6E70020704700BFEB
:10E9E00048B110B5044600F03BF804F11800BDE84A
:10E9F000104000F035B8704700487047EC07002021
:10EA0000034B1A780AB901221A700248704700BFF6
:10EA10003941012074B801080048704750B8010816
:10EA2000094B1A786AB930B4084D094C01221A70A2
:10EA30000FCD0FC40FCD0FC42B680648236030BC28
:10EA400070470448704700BF3841012050B80108A2
:10EA50001441012044B80108003818BF0120704754
:10EA6000704700BF07F088BF07F09ABF044B1A68D1
:10EA70000AB103487047034A014812681A60704798
:10EA8000100A00201C020020F0B170B50D46284687
:10EA90000821FDF7E3FD08216C1804442046FDF72A
:10EAA000DDFD00F10806264408213046FDF7D6FDBD
:10EAB00000F10804344408212046FDF7CFFDC5F1DC
:10EAC00008050544281970BD704700BF38B50C46CD
:10EAD00099B10546FDF7E4FB04F108012846FDF76E
:10EAE000DFFB04F110012846FDF7DAFB04F1180101
:10EAF0002846BDE83840FDF7D3BB084638BD00BF07
:10EB0000C0B138B590ED000B0D4604460846FDF740
:10EB100037FA94ED020B2846FDF732FA94ED040B18
:10EB20002846FDF72DFA94ED060B2846BDE838403F
:10EB3000FDF726BA704700BFD8B138B508210020CC
:10EB4000FDF78CFD00F1080408212046FDF786FD45
:10EB500000F10805254408212846FDF77FFD00F156
:10EB600008042C4408212046FDF778FD0830204495
:10EB700038BD704738B508210020FDF76FFD00F162
:10EB8000080408212046FDF769FD00F10805254429
:10EB900008212846FDF762FD00F108042C440821F5
:10EBA0002046FDF75BFD0830204438BD70B50123D9
:10EBB0000C46037008212046FDF750FD082163181C
:10EBC000C5182846FDF74AFD00F108062E44082125
:10EBD0003046FDF743FD00F108053544082128467D
:10EBE000FDF73CFDC4F108042044284470BD00BF7B
:10EBF00000487047180B00202DE9F04119461F46C8
:10EC000005469046FDF7D2FCE0B93E4609E0A8680B
:10EC10000AF0B5FFAB68286923442044361BAB607B
:10EC20002861012231462846FDF748FDB91B0446FC
:10EC3000024641440028EAD10123A87D6B75584063
:10EC4000BDE8F0813A46A86841460AF098FFAA68F4
:10EC50002B693A443B44AA602B61EDE72DE9F04172
:10EC600019461F4605469046FDF7A0FCE0B93E4612
:10EC700009E0A9680AF083FFAA682B6922442344AB
:10EC8000361BAA602B61012231462846FDF716FD8E
:10EC90000446B81B22464044002CEAD10123A87D3B
:10ECA0006B755840BDE8F0813A46A96840460AF0C5
:10ECB00066FFAA682B693A443B44AA602B61EDE7E2
:10ECC0002DE9F0418846114617460546FDF76EFCD2
:10ECD000E0B93E4609E0A8680AF051FFAA682B692E
:10ECE00022442344361BAA602B6101223146284668
:10ECF000FDF7E4FCB91B0446024641440028EAD172
:10ED00000123A87D6B755840BDE8F0813A46A8689C
:10ED100041460AF034FFAA682B693A443B44AA6092
:10ED20002B61EDE72DE9F04119461F460546904657
:10ED3000FDF73CFCE0B93E4609E0A8680AF01FFF79
:10ED4000AB68286923442044361BAB60286101224C
:10ED500031462846FDF7B2FCB91B04460246414441
:10ED60000028EAD10123A87D6B755840BDE8F081E9
:10ED70003A46A86841460AF002FFAA682B693A445D
:10ED80003B44AA602B61EDE72DE9F041884611462E
:10ED900017460546FDF70AFCE0B93E4609E0A968BA
:10EDA0000AF0EDFEAA682B6922442344361BAA60B0
:10EDB0002B61012231462846FDF780FC0446B81B32
:10EDC00022464044002CEAD10123A87D6B755840AF
:10EDD000BDE8F0813A46A96840460AF0D0FEAA682C
:10EDE0002B693A443B44AA602B61EDE72DE9F041E1
:10EDF00019461F4605469046FDF7D8FBE0B93E464A
:10EE000009E0A9680AF0BBFEAA682B6922442344E2
:10EE1000361BAA602B61012231462846FDF74EFCC5
:10EE20000446B81B22464044002CEAD10123A87DA9
:10EE30006B755840BDE8F0813A46A96840460AF033
:10EE40009EFEAA682B693A443B44AA602B61EDE719
:10EE50002DE9F0410E46082104461746FDF706FC51
:10EE600001462046657DFDF745FC217D657501293C
:10EE700010D057B1002500E0217DB6EC020B2046F2
:10EE80000135FDF745F9AF42F6D1A07D80F00100D4
:10EE9000BDE8F081FF0039462046FDF787FBF8B951
:10EEA000B8460AE0A0680AF06AFEA26823692A440C
:10EEB0002B44A8EB0508A2602361082241462046A6
:10EEC000FDF7FCFBA7EB080105460246314400288C
:10EED000E8D1A07D0823637580F00100BDE8F081D2
:10EEE0003A46A06831460AF04AFEA26823693A44CD
:10EEF0003B44A2602361ECE72DE9F0410E46082176
:10EF000004461746FDF7B2FB01462046657DFDF736
:10EF1000F1FB217D6575012911D05FB1002500E06D
:10EF2000217D324620460135FDF778FAAF4206F1E1
:10EF30000806F5D1A07D80F00100BDE8F081FF005A
:10EF400039462046FDF732FBF8B9B8460AE0A16819
:10EF50000AF015FEA26823692A442B44A8EB050891
:10EF6000A2602361082241462046FDF7A7FB054623
:10EF7000A7EB08002A463044002DE8D1A07D0823E5
:10EF8000637580F00100BDE8F0813A46A168304623
:10EF90000AF0F5FDA26823693A443B44A26023616C
:10EFA000ECE700BF70B50E461546017D0446FCF740
:10EFB0001FFA0DB9012070BD217D2B463246204637
:10EFC000BDE87040FFF718BE2DE9F0411D4616461A
:10EFD0000F461A46017D0446FCF728FB2B689E422B
:10EFE00008D20122A275217D3A462046BDE8F041B3
:10EFF000FFF734BE002BF6D10120BDE8F08100BF41
:10F0000070B50E461546017D0446FCF7F1F90DB9C1
:10F01000012070BD217D2B4632462046BDE8704060
:10F02000FFF780BE2DE9F0411D4616460F461A46F1
:10F03000017D0446FCF7FAFA2B689E4208D20122B1
:10F04000A275217D3A462046BDE8F041FFF7CEBECD
:10F05000002BF6D10120BDE8F08100BF10B50023E0
:10F060008EB0CDE9013203230093042206AB04469F
:10F0700001F0EEF818B9044620460EB010BD029912
:10F0800005AA204601F01EFA05A9044606A802F0CA
:10F090002BFC20460EB010BD10B5C2F3074C8CB04F
:10F0A000CDE90221BCF1010F08BF03F001029DF878
:10F0B000381018BF00220E331A440123CDE9003165
:10F0C00092B2039904AB044601F0C2F818B90446A1
:10F0D00020460CB010BD02990F9A204601F0F2F9BB
:10F0E0000F99044604A802F05DFB20460CB010BD49
:10F0F00070B5ADF5167D11ACADF854320323237213
:10F100009A9B9DF86C62CDE90221012200210546FF
:10F1100022718DF81410CBB18DF81C2008934FF498
:10F12000007215A909A8FDF795FA05A909A801F02B
:10F1300041FF0D9B00960194DDE90221E360284622
:10F140009BB2FFF7A9FF0DF5167D70BD8DF81C3041
:10F15000E5E700BF70B5ADF5187D05460591184689
:10F1600097A902239DF8786204928DF8503000F040
:10F170006FF903238DF854309C9B06939D9B0A9353
:10F1800001238DF824304FF40072002317A90BA837
:10F190008DF81C30FDF75EFA06A90BA801F02CFFD4
:10F1A0000F9B169313ACDDE90421009601949BB2EA
:10F1B0002846FFF771FF0DF5187D70BDF0B5ADF273
:10F1C0008C4D054605911846032692A99DF8A0741A
:10F1D00004928DF83C6000F03BF900234FF400727C
:10F1E00012A906A88DF84C328DF854328DF8406083
:10F1F000FDF730FA93A906A801F0B4FF0A9B11931A
:10F200000EACDDE90421009701949BB22846FFF77C
:10F2100043FF0DF28C4DF0BD70B5ADF5916D054617
:10F220000591184692A904239DF8986404928DF8DC
:10F230003C3000F00DF9032200238DF8402012A984
:10F240004FF4007206A88DF84C328DF85432FDF759
:10F2500001FA93A906A802F037F80A9B11930EACA5
:10F26000DDE90421009601949BB22846FFF714FFC4
:10F270000DF5916D70BD00BFF0B5ADF5237D1DACF2
:10F2800005910546A1A918460523BDF8A872049268
:10F2900023719DF8AC6200F0DBF803230EA9A89857
:10F2A000237200F0D5F89DF8A532ADF84470002225
:10F2B000003FB3FA83F39DF8A6128DF8642018BFBF
:10F2C00001275B098DF846208DF84C208DF85420DD
:10F2D00001228DF84270ADF840308DF83A2019B90E
:10F2E00043F00203ADF840309DF8A422012A22D059
:10F2F000032A1BD01AB943F00803ADF840304FF48D
:10F30000007221A906A8FDF7A5F90EA906A802F02A
:10F310007DF80A9B00960194DDE90421E36028460C
:10F320009BB2FFF7B9FE0DF5237DF0BD43F020033E
:10F33000ADF84030E3E743F01003ADF84030DEE7CE
:10F34000F0B5ADF5257D1FAC05910546A3A918467E
:10F350000623BDF8B072049223719DF8B46200F0E8
:10F3600077F803230EA9AA98237200F071F89DF88C
:10F37000AD32ADF844700022003FB3FA83F39DF83C
:10F38000AE128DF8702018BF01275B098DF864203C
:10F390008DF846208DF84C208DF8542001228DF8F0
:10F3A0004270ADF840308DF83A2019B943F00203AD
:10F3B000ADF840309DF8AC22012A22D0032A1BD0A0
:10F3C0001AB943F00803ADF840304FF4007223A996
:10F3D00006A8FDF73FF90EA906A801F0DBFF0A9B7E
:10F3E00000960194DDE90421E36028469BB2FFF713
:10F3F00053FE0DF5257DF0BD43F02003ADF8403000
:10F40000E3E743F01003ADF84030DEE782B00023BD
:10F410008DF80610BDF8062060F30F0362F31F435A
:10F42000184602B0704700BF4378017882B003F0FD
:10F430000F028DF806201B09BDF8062003EB01130F
:10F44000002063F30F0062F31F4002B0704700BF5B
:10F45000C0F3034382B0C0F30B1203EB00130A7036
:10F460004B7002B0704700BF00B58BB0014604225C
:10F4700002A8FDF7EFF80DF105030DF1060201A951
:10F4800002A801F083F99DF804300D2B03D0002071
:10F490000BB05DF804FB9DF8053013F0020F0CBFB4
:10F4A000012002200BB05DF804FB00BF70B5002501
:10F4B000ADF5347D04464FF424720E4610A829465B
:10F4C000CDE903550AF021FA03A9304602F0F8F914
:10F4D000BDF80C30ADF84030204600F0EBFF2B4675
:10F4E00000900C2205A908A8FDF7A2F810A908A809
:10F4F00002F058FA089B2A462946204600F086FF6B
:10F5000008A8FDF7D3F8236F024605A9D3E9000444
:10F51000A0470DF5347D70BD70B592B005460E461E
:10F52000144600F0C7FF05A9009000230AA8112285
:10F53000FDF77EF8182303FB045405220023503402
:10F540000A210AA801F008F903A9204607F098FC4F
:10F5500040BAADF80E0003A90AA88DF8106002F0B9
:10F5600091FA00220A9B1146284600F04FFF0AA894
:10F57000FDF79CF82B6F024605A9D3E90004A047CC
:10F5800012B070BD0000000010B59FED0D7B002390
:10F59000C0E91C130446C0E91E33C0E92033C0E9AA
:10F5A0002233C0E9243380ED267B80F8A03081210E
:10F5B00000F090FE04F10800BDE8104000F0E8BF44
:10F5C0000000000000000000C0E92012704700BFEA
:10F5D000C0E92212704700BFC0E92912704700BF7E
:10F5E000C0E92B12704700BF70B582B004460D46CB
:10F5F000164600F05FFF32460346294604F1080034
:10F6000002B0BDE8704001F00DB800BFF0B585B0A4
:10F6100004460D4616461F4600F04CFF3B46009040
:10F620003246294604F1080001F010F805B0F0BD9B
:10F6300082B0083002B001F023B800BF10B584B02A
:10F64000034C0094083001F031F804B010BD00BF45
:10F6500069F4000810B5044601F0DEF8D4E926325A
:10F66000C01A61EB020110BD2DE9F047037E84B0A2
:10F67000044673B3002500F108090DF1020828467D
:10F6800003AF02AE06E0237E0135E8B2834209F102
:10F6900010091ED90122114600F042FF434684465C
:10F6A0003A4631464846CDF804C007F06DFC0028C4
:10F6B000E9D0029BBDF802209DF80410204600F01E
:10F6C000A5FE236F039AD3F804A002991868D047C7
:10F6D000D9E794F848307BB34FF0000904F12005D6
:10F6E0000DF1020803AF02AE48460122022100F0EC
:10F6F00017FF01900EE0029BBDF802209DF8041058
:10F70000204600F083FE236F039AD3F804A00299E9
:10F710001868D04743463A463146284607F048FE27
:10F720000028E8D194F8483009F101095FFA89F01E
:10F73000834205F12805D8D804B0BDE8F08700BFA2
:10F740002DE9F0410D46ADF5247D69460746284672
:10F7500001F0C6FF02A9044628469DF80580FBF784
:10F7600079FB9DF808300440E4B25BB987A92846CC
:10F77000FBF770FB9DF81C3206464BB90DF5247D56
:10F78000BDE8F08103A9284601F06CFE0440EDE7D6
:10F7900088A92846FBF78CFB3442EFD00028EDD037
:10F7A0009DF820320D2BE9D18AA92846FCF71CF9D7
:10F7B00040B1BDF92832002B07DDB8F1000F0CBFB6
:10F7C0000220012087F8B500D8E70020FAE700BF43
:10F7D0002DE9F04397B004460D4609920DF12F0331
:10F7E0000CAA0DF12E01284600F0D0FF002800F0F1
:10F7F0002C819DF82E100998BDF830609DF82F706F
:10F800000239C0F307430D29E8D801A252F821F0CC
:10F8100041FA0008DDF7000831FA0008D3F90008C2
:10F82000C9F90008DDF70008DDF700084DF9000808
:10F83000E5F80008A5F80008DDF70008DDF7000886
:10F84000DDF7000849F8000810A9284602F06AF917
:10F85000D4F89060002E00F0008100F0DDFF4FF042
:10F860000008159F02460B4614989049C446C0FBF9
:10F87000017CCDE9047C1098119FC646C0FB017E37
:10F88000BC46DDE91207C0FB0178CDE902CECDE927
:10F890000078D4F8941006912046B047012384F8EC
:10F8A000A0309BE710A9284602F02AF900219DF814
:10F8B000440000F051FEC0F307260F90314604F1DA
:10F8C000080000F029FF002888D0BDF84220BDF8CC
:10F8D000401007F0C9FA9DF83C1032462046FFF769
:10F8E0001BFE7BE710A9284602F0E2F800219DF8F4
:10F8F000440000F031FE0D90C0F3072104F1080030
:10F9000000F0F6FE064600283FF468AFBDF842104E
:10F91000BDF8402049BA89B207F0F4FD304607F03F
:10F92000B5FD0DF13808ADF8320005E0236F0F9AF0
:10F930005F680E991868B8470DF132030FAA414667
:10F94000304607F0A5FD0028F0D147E70DF1380853
:10F9500041460D90284601F025FE043E40460FA981
:10F960000DF1320200F0CCFD1FFA86F8D4F8806069
:10F970000F99BDF83290109107F00E0736B1D4F808
:10F98000843000934A4600232046B047E36F6BB1B2
:10F99000606F0021023802E001318B4206D030F85E
:10F9A000026F4E45F8D1A36F00225A54BDF83210B1
:10F9B00002910F9901910D9900913B4642462946CB
:10F9C000204607F057FE09E729462046FFF7B8FE14
:10F9D00004E7002B3CD010A9284601F0C5FF0EA972
:10F9E00010A80DAA00F08CFDD4F880600E999DF847
:10F9F0004480BDF834700F9136B1D4F88430009350
:10FA00003A4643462046B047E26F002A3FF4E6AE4E
:10FA1000606F0021023803E0013191423FF4DEAE15
:10FA200030F8026FBE42F7D1A36F03F80180D5E62C
:10FA3000002B7FF4D3AE2946204600F0A9FCCDE68A
:10FA400029462046FFF732FDC8E617B0BDE8F0832F
:10FA50002946204600F0AAFCC0E600F0DDFEDDE904
:10FA60001472DFF848C03346C7FB0C23101843EB71
:10FA70000103DDE91212B646C1FB0C2EDDE91017B9
:10FA8000C1FB0C76D2194EEB0601801A63EB010321
:10FA9000DA0F121843F10003520842EAC3725B10F6
:10FAA000C4F89820C4F89C30F8E600BF00CA9A3B1E
:10FAB0002DE9F04FB1F1000B9FB00646B8BF6FF0D3
:10FAC000004B00F08FFE96F84830039004910DF142
:10FAD00028080DF1240A002B00F0A4800025CDE9B0
:10FAE00006B806F120044FF0FF376FF000492846B2
:10FAF00011E0D4E90623BA4273EB0901B8BF994675
:10FB000005F1010596F84830E8B2B8BF17468342C0
:10FB100004F128044AD90122022100F001FDDDE9A7
:10FB20000323014620460B9107F080FC0028E0D01B
:10FB30009DF82C309DF82DB00593304600F0BAFCAE
:10FB40000DF158080BEB8B0B00900EA9404606EB0D
:10FB5000CB0B00231122FCF76BFD002305220B21A8
:10FB6000404600F0F9FDBBF83200012107F056FED7
:10FB7000BBF83030ADF832300246059BADF830208E
:10FB80000CA940468DF8343001F0A6FF0022169BE8
:10FB90001146304600F03AFC4046FCF787FD02462D
:10FBA000306F0EA9D0E900039847A2E76FF0004339
:10FBB000994508BFB7F1FF3FDDE906B832D0039B96
:10FBC000FF1A002F08BF0127336F5F45A8BF5F46AC
:10FBD0009C68186842463B465146A047ABEB070B72
:10FBE00058B9BBF1000F44DD00F0FCFD96F8483039
:10FBF000002B3CD0CDE9030170E7DDE90912044692
:10FC00000EA8FCF727FD00250DF1220308AA0EA976
:10FC100030468DF8205000F00FFC28B920461FB068
:10FC2000BDE8F08F5F46CCE729469DF8200000F044
:10FC300093FCC0F30747012FCDE90B00BDF822A0CC
:10FC40005FFA80F8C0F3072550D0022F16D0002F9E
:10FC5000E4D13946384600F07FFC0EA90246304612
:10FC60000C92FFF7B5FD20461FB0BDE8F08F5F4650
:10FC7000AAE7044620461FB0BDE8F08F294606F1EA
:10FC8000080000F049FD814638B30EA8DDF840B009
:10FC9000FCF710FD03460DF1210000905A46514635
:10FCA000484606F0EFFFC0B19DF8213093B316AF80
:10FCB0004FF0020A0AE08DF830808DF831508DF84F
:10FCC00032A00C9A39463046FFF782FD04223946AD
:10FCD000484607F051F80028EDD130462A46414603
:10FCE000FFF71AFC20461FB0BDE8F08F294606F149
:10FCF000080000F007FD002890D0514606F032FFC2
:10FD000000288BD08DF832700C9A0EA93046FFF780
:10FD10005FFD83E78DF832700C9A0EA93046FFF72D
:10FD200057FDC4E770B504460D4600F05BFD06467E
:10FD30002046FFF799FC29462046FFF7B9FE00F060
:10FD400051FD811B691A0029F6DC04F10800BDE8A9
:10FD5000704000F0EBBC00BF70B504460D4600F0EB
:10FD600041FD06462046FFF77FFC002384F8B430AF
:10FD7000294605E000F036FD811B691A002907DDE0
:10FD80002046FFF795FE94F8B4000028F2D070BD2D
:10FD900094F8B40070BD00BF2DE9F04106460D4651
:10FDA00000F020FD07463046FFF75EFC002D16DB15
:10FDB0002C4606F1080808E021463046FFF778FE99
:10FDC00000F010FDC11B6C1A04D4404600F0AEFCDC
:10FDD0000028F1D04046BDE8F04100F0A7BC06F194
:10FDE0000808F7E72DE9F843089C05460F469046BA
:10FDF0001E46FFF739FC24B12246FF21304609F0A8
:10FE000084FDC5E91D86EC6700F0ECFC39468146AF
:10FE10002846FFF74DFE00F0E5FCA0EB0901791A3A
:10FE20006CB3701EC646021984461CF8013FFF2BB6
:10FE300007D094450FD01CF8013FFF2B0EF1020EA6
:10FE4000F7D19445BEF8003014D00EF1020E002B0D
:10FE5000EBD00029DCDC0023EB6701E0012B12D89A
:10FE600010F8013F9042F9D1012B8CBF00200120F6
:10FE7000BDE8F8830029EEDD002BC9D1EBE7EC6784
:10FE80000120BDE8F8830020BDE8F8832DE9F04F9C
:10FE90000446FF209FB06071002B00F0BB809246AB
:10FEA0009B464FF000080591236F0599D3E90005A3
:10FEB0005246A84700F096FC002705464FF47A7397
:10FEC00009E000F08FFC431BC3F57A73002B6279C5
:10FED0003DDDFF2A3BD1226F0AA9966810680BAA64
:10FEE000B0470028EDD0DDE90A120EA8FCF7B2FBFE
:10FEF0000DF1260309AA0EA920468DF8247000F002
:10FF00009BFA0028DDD09DF82400002100F024FB9E
:10FF1000BDF826300493C0F30749C3B2B9F1010F0D
:10FF2000CDE90C000393C0F307265DD0B9F1020FB1
:10FF30001AD0B9F1000FC4D14946484600F00CFB75
:10FF40000EA902460D902046FFF742FCB9E708F1E2
:10FF50000108C34501D0FF2AA6D0B2F1FF0018BFA7
:10FF600001201FB0BDE8F08F314604F1080000F019
:10FF7000D3FB0690002831D00EAA1046109A0792A3
:10FF8000FCF798FB03460DF125000090079A0499B1
:10FF9000069806F077FE08B39DF82530002B41D077
:10FFA000CDF810800795DDF80C80069D4FF0020912
:10FFB0000AE08DF834808DF835608DF836900D9A12
:10FFC00016A92046FFF704FC042216A9284606F0CD
:10FFD000D3FE0028EDD1DDF81080079D039932464D
:10FFE0002046FFF799FA6CE7314604F1080000F06B
:10FFF00089FB00283FF465AF049906F0B3FD0028A3
:020000040801F1
:100000003FF45FAF8DF836900D9A0EA92046FFF7AA
:10001000DFFB56E7236FD3E90004A04701201FB0A0
:10002000BDE8F08F8DF836900D9A0EA92046FFF7A7
:10003000CFFBB5E730B58FB004460D4600F03AFA75
:1000400000231022009002A906A8FCF7F1FA06A9E5
:10005000204600F081F900221146069B204600F060
:10006000D5F906A8FCF722FB2B46024602A920463A
:10007000FFF70CFF18B16079B0FA80F040090FB0BB
:1000800030BD00BF2DE9F04F00F10803ABB00446CE
:100090001846039300F086FA204600F00BFA00237E
:1000A00000901C220BA912A8FCF7C2FA236F1A8A2F
:1000B000043A92B212A9204600F024F9129920467F
:1000C00000F090F912A8FCF7F1FAFF238346637160
:1000D0004FF00A08236F5A46D3E900050BA9A84739
:1000E00000F080FB002705464FF47A7309E000F02A
:1000F00079FB431BC3F57A73002B62793DDDFF2A40
:100100003BD1226F07A99668106808AAB04700285B
:10011000EDD0DDE907121AA8FCF79CFA0DF11A03DD
:1001200006AA1AA920468DF8187000F085F9002853
:10013000DDD09DF81800002100F00EFAC0F3074949
:10014000BDF81A300293B9F1010FCDE909005FFA49
:1001500080FAC0F3072656D0B9F1020F18D0B9F1D2
:10016000000FC4D14946484600F0F6F91AA90246E4
:100170000A902046FFF72CFBB9E7B8F1010801D03F
:10018000FF2AA7D0002A5BD000202BB0BDE8F08F5B
:100190000398314600F0C0FA049070B31AAA1046D2
:1001A0001C9A0592FCF786FA03460DF1190000909F
:1001B000059A0299049806F065FDF0B19DF8193092
:1001C000002B35D0CDF808B04FF00209DDF810B0A3
:1001D0000AE08DF828A08DF829608DF82A900A9AF7
:1001E00022A92046FFF7F4FA042222A9584606F075
:1001F000C3FD0028EDD1DDF808B032465146204657
:10020000FFF78AF973E70398314600F07BFA00287C
:100210003FF46DAF029906F0A5FC00283FF467AFEC
:100220008DF82A900A9A1AA92046FFF7D1FA5EE7BC
:100230008DF82A900A9A1AA92046FFF7C9FAC1E751
:10024000039800F0AFF901202BB0BDE8F08F00BF9C
:100250002DE9F04782B006461046144601911F462C
:10026000C1F307259DF828809DF82C9000F0B4FA82
:100270009DF80630211D012B01EB000A12D0022B44
:1002800003D0002002B0BDE8F087294606F108003F
:1002900000F02EFA0028F4D051463A4606F022FF2C
:1002A00068B9EEE7294606F1080000F019FA0028BF
:1002B000E7D051463A4606F047FE0028E1D04B46CB
:1002C000A2B24146384600F047FA012002B0BDE82C
:1002D000F08700BF002361F30703110E61F30F23C2
:1002E000C2F3074161F31743C2F3072161F31F63B0
:1002F0004FF0090CFF2103600271A0F806C04171A4
:10030000704700BF30B5134D89B000230793ADF897
:100310001C202A6800920C460122A9880193C28001
:10032000ADF80610D0F80110007803938DF8042082
:100330000291102219468DF80C002046CDE90433B5
:10034000069300F009FA6946204601F029FA09B03F
:1003500030BD00BF44AA010810B50C4A82B00C465B
:1003600002231189C3804FF4007C00230422ADF8DE
:10037000061020460321ADF804C000F0EDF901A9F4
:10038000204601F0B1FA02B010BD00BF44AA010836
:1003900010B50B4688B0044601A9184601F0B4FA1E
:1003A0009DF80430637108B010BD00BF10B50B4656
:1003B00082B004466946184601F0D6FAE388022B5B
:1003C00001D002B010BD0DF10200FFF72DF8BDF80D
:1003D00000309DF80420B3F5007F08BF627102B0C1
:1003E00010BD00BF10B508228AB004460DEB020014
:1003F000FCF730F914F8011B009400231A4602A8F8
:1004000001F0800100F0A6FB0AB010BD70B50446F3
:100410008AB0164608220DEB02000D461946FCF77D
:1004200019F914F8011B009433462A4602A800F07B
:1004300091FB0AB070BD00BFF0B5074685B0084615
:100440000C4615461E46FCF735F9082802D8002050
:1004500005B0F0BD03AB00932A4633460DF10B0106
:10046000204600F095FB3A789DF80B309342EED190
:100470001B061CD49DF80C207B789A4203D00120E7
:1004800080F00100E4E79DF80D20BB789A4207F167
:100490000201F4D19DF80E2011F8013F9A42EED1ED
:1004A0009DF80F204B789A42E9D10020E8E701201F
:1004B000CEE700BF90F90030002BB4BF0420082025
:1004C000704700BF10B5C38882B04FF6F474019135
:1004D000A3F10A0189B2A1420ED801339CB2C3F341
:1004E0000721DBB2C480019811705370911CFEF794
:1004F000AFFF204602B010BD0A2300211C46F1E7E1
:1005000070B5044602300D461646FEF78DFFC0F367
:100510000F4328806B8023885BBA338070BD00BF97
:10052000012982B0034611D002294FF0000C0AD0F5
:1005300000206CF3070063F30F2061F3174062F3B0
:100540001F6002B0704780F0800CF1E700F1010CF1
:100550005FFA8CFCECE700BF82B0034630B10206C4
:1005600011D4421ED2B24FF0010C01E08446024683
:10057000002063F3070062F30F206CF3174061F370
:100580001F6002B0704780F080024FF0020CEFE76E
:100590000023037480F8403080F8443080F86030E5
:1005A000704700BF70B5037C044653B10646002572
:1005B000304606F0C3FC237C0135AB4206F1100641
:1005C000F6D894F8443063B104F142060025304671
:1005D00006F0C4FA94F844300135AB4206F1020645
:1005E000F5D894F8403063B104F118060025304680
:1005F00006F04EFD94F840300135AB4206F1280676
:10060000F5D894F8603063B104F14806002530460F
:1006100006F014FB94F860300135AB4206F1180681
:10062000F5D870BD10B5047C04F1010C82B080F8DF
:1006300010C000EB041006F077FC012211462046A2
:1006400002B0BDE81040FFF76BBF00BF10B584B02B
:1006500084469DF8180000909CF84040282000FB3C
:1006600004C004F1010E18308CF840E006F0D8FC0C
:1006700001220221204604B0BDE81040FFF750BF20
:1006800010B590F84440621C04F1210382B080F858
:10069000442000EB430006F05DFA002201212046D1
:1006A00002B0BDE81040FFF73BBF00BF10B584B0FB
:1006B0008446069800909CF86040182000FB04C017
:1006C00004F1010E48308CF860E006F08BFA00224D
:1006D0000221204604B0BDE81040FFF721BF00BF53
:1006E000037C8B428CBF00EB01100020704700BFE1
:1006F00090F840308B4283BF282303FB0100183061
:100700000020704790F844308B4286BF213100EBC7
:1007100041000020704700BF90F860308B4283BFDB
:10072000182303FB010048300020704790F8403048
:1007300083B170B5064600F11805002401E02835A4
:1007400038B1284606F00CFF96F840300134A34239
:10075000F5D870BD01207047F8B504460E46042157
:1007600015461F46FBF790FF0123237547F0010252
:100770002B463146204600F02BFA2046FBF79AFF25
:10078000A84234BF00200120F8BD00BF2DE9F04190
:1007900004460D46042116469846FBF775FF204691
:1007A000FBF788FF03288CBF0127002702D83846B3
:1007B000BDE8F081334642462046294600F01AFA49
:1007C00098F8003003F0010203F0FE0388F80030CF
:1007D00022753846BDE8F08110F0030018BFC0F163
:1007E0000400704710B584B069460120F1F7ACFCF5
:1007F0009DE81500064BA0FB0301001903FB021145
:1008000041EBE471034A0023F0F7A8F804B010BDEF
:1008100000CA9A3B40420F0010B584B069460120DF
:10082000F1F792FC064A00980299019CA0FB020392
:10083000401802FB043343EBE17104B010BD00BF6C
:1008400000CA9A3B2DE9F0410C468AB091F8C110DC
:10085000064604F10800FFF74BFF054606F08AFE46
:1008600068B9D4E92E312046984718B901200AB05A
:10087000BDE8F081284606F07DFE0028F6D02A89E2
:100880006B68B3FBF2F8EB89297BB3FBF2F002FB58
:100890001033C1F57F419BB208FB03F3FC31A8F193
:1008A00004084144D4F8C4208FB229680433D21B11
:1008B0001944C4F8C42051F8043C00934246002374
:1008C00002A8FBF7B5FED4F8C42002F108034345A3
:1008D00028D93A4600230D2102A8FFF73DFF2989B8
:1008E000EB89B3FBF1F201FB12339BB26A68B2FBF6
:1008F000F1F202FB03F32A6842F80380E889012140
:1009000006F08CFF0499039AE881521A3046FBF7EF
:10091000A1FE304610492246FBF770FE00200AB0C7
:10092000BDE8F08192B202230D2102A8FFF714FF67
:10093000D4F8C430288903F10802EB89B3FBF0F145
:1009400000FB11339BB26968B1FBF0F101FB03F3CB
:100950002968CA50D2E700BF45080108F0B587B042
:10096000072702920C9A00250432CDE900751C4637
:100970000646FFF76DFC80F00102D2B2A27512B1FB
:10098000284607B0F0BD05AA02993046FFF79AFD48
:1009900005A90546204601F065F8D4E90121A669BC
:1009A000E769521A2046FBF755FE20463A46314683
:1009B000FBF724FE284607B0F0BD00BF2DE9F04F3D
:1009C00093B0054607910830C1F3072103930692BF
:1009D000FFF78EFE9DF81E30012B00F09580044637
:1009E000002800F0918006F0C5FD002800F0878007
:1009F0002289E789B7FBF2F302FB13739BB26168AC
:100A0000B1FBF2F12268059101FB03F3043302EB21
:100A10000309237B59F8048C4345A1F1040B7FD3D0
:100A2000ABF1040AAAEB030A1C9ECDF800801FFA62
:100A30008AF304935A46002349460AA8FBF7F8FDB7
:100A400006F1080ADA452CBF00230123049A5B0053
:100A50000D210AA8FFF780FEB4F808C0B7FBFCF22E
:100A60000CFB127292B26368B3FBFCF302FB03F35C
:100A70002268012142F803B0384606F0CFFE059BFC
:100A8000039EA3F1080208F104010746A2EB080245
:100A900049443046FBF7DEFD1C9BE7811A1DB2F589
:100AA000803F28BF0022002392B207213046FFF783
:100AB00053FE069909AA2846FFF704FD044620B311
:100AC000039E09A9304600F0CDFFD6E9012130464A
:100AD000521AFBF7BFFD079BC5F8C0301D9BC5F838
:100AE000B8301E9B1A49C5F8C4A03046C5F8BC30C2
:100AF0002A46FBF783FD204613B0BDE8F08F1E9910
:100B00001D9B2846984720B90024204613B0BDE815
:100B1000F08F204606F02EFD00287FF469AFF3E742
:100B20003846012106F07AFE2189B0FBF1F201FB83
:100B3000120292B26368B3FBF1F302FB03F3226883
:100B4000043302EB03090746237B59F8048C67E75B
:100B5000450801082DE9F041174604461E460D469A
:100B6000DDF81880FAF78EF939462046FAF78AF947
:100B7000324601212046FAF73BFA2B0601D5BDE8A3
:100B8000F081414620460422BDE8F041FEF798B8C6
:100B90002DE9F041174604461E460D46DDF8188043
:100BA000FAF786F939462046FAF782F932460121EA
:100BB0002046FAF713FB95F90030002B01DABDE867
:100BC000F081414620460422BDE8F041FEF7DCB842
:100BD00070B5164604461D46FAF754F931462046CC
:100BE000FAF750F92A4620460121BDE87040FAF78D
:100BF000FFB900BF70B5164604461D46FAF758F90E
:100C000031462046FAF754F92A4620460121BDE82C
:100C10007040FAF7E3BA00BF2DE9F84304220E460C
:100C20000546FEF74DF80222311D04462846FEF720
:100C300047F802220440B11D2846FEF741F8E4B20D
:100C40000422044006F108012846FEF739F8317BFA
:100C500000EA04082846FAF715F9717B08EA00084B
:100C60002846FAF7E1F8737B08EA00083BB9B18B34
:100C70002846FAF733F908EA0000BDE8F88331693D
:100C80002846FAF71BFB3369E3B1C0B137464FF092
:100C9000000901E0083794B17969284605F082FE21
:100CA000B9690446284605F07DFE336909F101095A
:100CB00004409945E4B2EDD308EA0408D7E74FF0C1
:100CC0000008D4E708EA0008D1E700BF2DE9F8439F
:100CD00004220C460546FEF757F80222211D06465F
:100CE0002846FEF751F802220640A11D2846FEF7CD
:100CF0004BF8F6B20422064004F108012846FEF73C
:100D000043F804F10C0100EA06072846FAF7D0F888
:100D100004F10D0107402846FAF79CF8637B074071
:100D20003BB904F11C012846FAF7DCF93840BDE86C
:100D3000F88304F110012846FAF7EAFB2369012B36
:100D400003D90123AB750027EBE70BB30028FAD0DA
:100D5000A0464FF0000903E008F10808002EF2D089
:100D6000D8F814104FF40072284605F029FED8F880
:100D7000181006464FF40072284605F021FE23693C
:100D800009F1010906409945F6B2E5D33740C8E7B5
:100D90000740C6E72DE9F84304220F460546FDF754
:100DA0008FFF02220446391D2846FDF789FF2040A7
:100DB0000222C4B2B91D2846FDF782FF397A0440E9
:100DC0002846FAF731F83B7A00EA040813B940469E
:100DD000BDE8F883F9682846FAF770FAFB6803B3B0
:100DE000D0B13E464FF0000901E00836A4B13169A8
:100DF000284605F0D7FD71690446284605F0D2FD66
:100E0000FB6809F1010904409945E4B2EDD308EA11
:100E100004084046BDE8F8834FF000084046BDE8AE
:100E2000F88308EA0008D2E770B50D46097806464F
:100E3000FAF728F8044630B12B78022B0CD0032B9C
:100E400010D0012B08D0022205F502713046FDF7C3
:100E500037FF2040C0B270BD6968304605F0A2FD82
:100E60000446F0E72946304651F8042F0431FEF7D6
:100E7000C7F80446E7E700BF70B50B78013B0C46A6
:100E800005460D2B16D8DFE803F0330717170707C1
:100E90000707150C0C0C514CBDE870400431FFF7EE
:100EA000C3BF0979F9F7EEFF00B32379012B42D0D4
:100EB000022B40D0012070BD0979F9F7E3FF064607
:100EC00058B12379022B3CD0032B06D1A26804F140
:100ED0000C012846FEF794F80646022204F5037139
:100EE0002846FDF7EDFE3040C0B270BD002070BD59
:100EF0000979F9F7C7FF064658B12379022B03D0C9
:100F0000032B24D0012B04D1A168284605F04AFD0B
:100F10000646B4F90C122846FAF7DCFC3040C0B2A1
:100F200070BDBDE870400431FFF776BEBDE870408B
:100F30000431FFF72FBFA1682846BDE8704005F0D7
:100F400031BDA168284605F02DFD0646C5E7A2681B
:100F500004F10C012846FEF753F80646D9E700BF16
:100F600070B506460D46F9F7A3FF044630B12B785D
:100F7000022B0CD0032B12D0012B08D0022205F536
:100F800002713046FDF700FF2040C0B270BD6968B5
:100F90004FF40072304605F013FD0446EEE72B1DBA
:100FA0004FF4007205F108013046FEF73BF80446A5
:100FB000E4E700BF70B50D4609780646F9F734FF3F
:100FC0002B7804464BB9297A3046F9F72DFF2B7A56
:100FD0000440E4B243B9204670BD6968304605F06C
:100FE000E1FC0440E4B2EEE7E968304605F0DAFCE3
:100FF0000440204670BD00BF70B50D460968064626
:1010000005F0D0FC297904463046F9F70DFF2B791D
:101010000440E4B243B9297B3046F9F705FF2B7B46
:1010200004403BB9204670BDA968304605F0BAFCC3
:101030000440F0E72969304605F0B4FC0440E4B20E
:10104000204670BD2DE9F0410C4609780646F9F7B7
:10105000EBFE237805466BB994F828103046F9F773
:10106000E3FE94F828300540EDB2002B6AD1284603
:10107000BDE8F08161683046FAF720F96368002B1B
:101080006CD0002868D0A168304605F08BFC6268FF
:10109000012A53D900285FD0E168304605F082FC70
:1010A0006268022A4AD9002856D02169304605F0E4
:1010B00079FC6268032A41D900284DD06169304625
:1010C00005F070FC6268042A38D9002844D0A16970
:1010D000304605F067FC6268052A2FD900283BD00E
:1010E000E169304605F05EFC6268062A26D998B3AD
:1010F000216A304605F056FC6268072A1ED958B3AB
:10110000616A304605F04EFC6268082A16D918B3A9
:10111000A16A304605F046FC6268092A0ED9D8B1AA
:1011200004F12808092700E0B0B158F8041F304640
:1011300005F038FC626801379742F5D305EA0003F1
:10114000DDB289E7E26A04F130013046FDF758FF6D
:1011500005402846BDE8F08100257DE72840C5B25E
:101160007AE700BF70B50D4609780646F9F75CFED0
:101170002B7804464BB9297A3046F9F755FE2B7A7D
:101180000440E4B243B9204670BD6968304605F0BA
:1011900009FC0440E4B2EEE705F10C013046FFF72C
:1011A00051FF0440204670BD2DE9F0410C460978FE
:1011B0000646F9F739FE237805466BB994F82810EE
:1011C0003046F9F731FE94F828300540EDB2002B97
:1011D0006AD12846BDE8F08161683046FAF76EF8BA
:1011E0006368002B6CD0002868D0A168304605F0F9
:1011F000D9FB6268012A53D900285FD0E1683046E4
:1012000005F0D0FB6268022A4AD9002856D021692D
:10121000304605F0C7FB6268032A41D900284DD04B
:101220006169304605F0BEFB6268042A38D900289F
:1012300044D0A169304605F0B5FB6268052A2FD974
:1012400000283BD0E169304605F0ACFB6268062A15
:1012500026D998B3216A304605F0A4FB6268072AB4
:101260001ED958B3616A304605F09CFB6268082AB3
:1012700016D918B3A16A304605F094FB6268092AB2
:101280000ED9D8B104F12808092700E0B0B158F808
:10129000041F304605F086FB626801379742F5D39C
:1012A00005EA0003DDB289E7E26A04F13001304665
:1012B000FDF7A6FE05402846BDE8F08100257DE744
:1012C0002840C5B27AE700BF70B50D4609780646DA
:1012D000F9F7AAFD2B7804464BB9297A3046F9F77D
:1012E000A3FD2B7A0440E4B243B9204670BD69687F
:1012F000304605F057FB0440E4B2EEE705F10C017F
:101300003046FFF751FF0440204670BD70B50D46D2
:1013100009880646F9F7E2FDA97804463046F9F750
:1013200083FDAB780440E4B2B3B9A9793046F9F74C
:101330007BFDAB79044033BB297B3046F9F774FD64
:101340002B7B0440C3B9297D3046F9F76DFD2B7D19
:1013500004403BB9204670BDA9883046F9F7BEFD70
:101360000440E2E7AA6905F11C013046FDF748FE9A
:101370000440E4B2204670BD29693046F9F79EFF6B
:101380000440E4B2DFE7A9683046F9F797FF04406C
:10139000E4B2D1E7F8B502220C460646FDF790FC10
:1013A000A17805463046F9F73FFDA3780540EDB238
:1013B0000BB92846F8BD04F108013046FFF7A6FF37
:1013C00094F82C1007463046F9F72EFD94F82C308F
:1013D0000740FFB25BB994F838103046F9F724FDA6
:1013E00094F8383007404BB93D402846F8BDD4E961
:1013F0000C233046FAF7A6F90740ECE7E16B3046DC
:1014000005F0D0FA0740FFB2EEE700BFF8B50222C0
:101410000D460646FDF754FCA97804463046F9F718
:1014200003FDAB780440E4B20BB92046F8BD05F1EA
:1014300008013046FFF76AFF95F82C100746304642
:10144000F9F7F2FC95F82C300740FFB213B93C4095
:101450002046F8BDD5E90C233046FAF773F907406A
:10146000F5E700BF70B505460E46F9F721FD68B1F6
:101470003378013B04460D2B09D8DFE803F0640AFA
:1014800023230A0A0A0A08101010415E002420468D
:1014900070BD311D2846BDE87040FFF761BD311DAC
:1014A0002846F9F705FD0028F0D03379012B01D04B
:1014B000022BECD1B16828464FF40072BDE87040B1
:1014C00005F07EBA311D2846F9F7F2FC044670B1EA
:1014D0003379022B53D0032B09D106F108034FF4C3
:1014E000007206F10C012846FDF79CFD044602221D
:1014F00006F503712846FDF747FC0440E4B2C6E751
:101500000422B1182846FDF73FFC022206F108012B
:1015100004462846FDF738FC0222044006F10A0181
:101520002846FDF731FCE4B2034606F10C012846DB
:101530001C40F9F78FFC0440A9E7311D2846BDE89F
:101540007040FFF7C3BB311D2846F9F7B1FC0446D4
:1015500068B13379022B03D0032B18D0012B06D1AD
:10156000B1684FF40072284605F02AFA044606F5E1
:1015700003712846FAF738FA0440E4B287E7B16805
:101580004FF40072284605F01BFA0446AFE706F157
:1015900008034FF4007206F10C012846FDF742FDE6
:1015A0000446E4E770B5022205460E46FDF7ECFB63
:1015B00002220446B1182846FDF7E6FB2040C0B2DF
:1015C00070BD00BF2DE9F8430D4609780646F9F7CE
:1015D00059FC30B12B78062B14D00D2B19D0052BCC
:1015E00001D0BDE8F883B5F908103046FAF772F972
:1015F000D5E9042304463046FAF7A4F82040C0B2E7
:10160000BDE8F883B5F908103046BDE8F843FAF7AD
:1016100061B9B5F908103046FAF75CF9E968814616
:101620003046F9F74BFEEB68002B51D0E8B105F1DD
:1016300014074FF0000817F8041C3046F9F722FC95
:1016400098B117F8043C032B39D8DFE803F02B1EC0
:1016500011023968304605F0A5F9EB6808F1010878
:10166000984531D218370028E5D10020BDE8F8832D
:10167000102239463046FDF723FB396904463046CF
:10168000F9F71CFE2040C0B2E7E704223946304695
:10169000FDF716FBB98804463046F9F71FFC2040D9
:1016A000C0B2DAE7022239463046FDF709FBB978C5
:1016B00004463046F9F7E6FB2040C0B2CDE7EB68C0
:1016C00008F10108984508D309EA0000C0B288E78C
:1016D00009EA00095FFA89F083E71837ABE700BF32
:1016E0002DE9F041022206460F46FDF74DFB02228E
:1016F000B91805463046FDF747FB391D8046304690
:10170000F9F7D6FB791D04463046F9F7D1FB05EA17
:1017100008052C402040C0B2BDE8F0812DE9F04121
:101720000D4609780646F9F7ADFB69780446304660
:10173000F9F7A8FBA97804403046F9F775FBAB78B8
:10174000E4B204404BB9297A3046F9F76DFB2B7AA5
:10175000044043B92046BDE8F0816968304605F091
:1017600021F90440EFE769893046F9F7B7FBA98909
:1017700007463046F9F7B2FBE98907403046F9F7EA
:10178000ADFB298A80463046F9F7A8FBFFB204EA90
:10179000070505EA080500EA05042046BDE8F081D2
:1017A000FFF73ABAF8B5022206460D46FDF788FA69
:1017B0000222A91804463046FDF782FA2979074625
:1017C0003046F9F75FFB70B12B793C40013BE4B246
:1017D0000D2B09D8DFE803F03E0A23230A0A0A0A80
:1017E00008121212585F00242046F8BD05F10801C6
:1017F0003046FFF719FB04402046F8BD297A3046F1
:10180000F9F740FB0028EED02B7A012B01D0022BF8
:10181000EAD1E968304605F0C5F80440E4E7297AE2
:101820003046F9F72FFB074658B12B7A022B39D0F7
:10183000032B06D1EA6805F110013046FDF7E0FB05
:101840000746022205F504713046FDF739FA3840A3
:101850000440C9E7297A3046F9F714FB074658B126
:101860002B7A022B03D0032B22D0012B04D1E96861
:10187000304605F097F80746B5F910123046FAF7EA
:1018800029F838400440AFE705F108013046FFF77A
:1018900081FA0440A8E705F108013046FFF7BCF9DA
:1018A0000440A1E7E968304605F07CF80746C8E740
:1018B000EA6805F110013046FDF7A2FB0746DBE7B9
:1018C00070B5022205460E46FDF75EFA0222B118F7
:1018D00004462846FDF758FA311D04402846F9F71A
:1018E00017FEE4B2204070BD70B5022205460E46D8
:1018F000FDF7E6F902220446B1182846FDF7E0F9A3
:101900002040C0B270BD00BF2DE9F84305460E4629
:10191000F9F7CEFA711C04462846F9F7C9FA0422F1
:10192000B11881462846FDF72FFA06F108018046D6
:1019300002222846FDF728FA022206F10A0107468C
:101940002846FDF721FA04EA0904034606F10C01D2
:101950002846E4B21D4604EA0804F9F77BFA27405A
:101960003D402840BDE8F8832DE9F04102220646BB
:101970000F46FDF709FA0222B91805463046FDF771
:1019800003FA391D80463046F9F792FA791D04466C
:101990003046F9F78DFA05EA08052C402040C0B220
:1019A000BDE8F0812DE9F04102220C460546FDF725
:1019B00087F90222A11880462846FDF781F921798E
:1019C00007462846F9F75EFA617906462846F9F790
:1019D00059FA08EA070806EA080600EA0607217A23
:1019E0002846F9F721FA237AFFB206466BB994F834
:1019F0001C122846F9F718FA94F81C323040C6B287
:101A000083B906EA0700BDE8F081217B2846F9F793
:101A100039FA88B104F10C012846FFF72DFA30405D
:101A2000C6B2E4E704F508712846FFF7CBFD06408F
:101A300006EA0700BDE8F0810646D8E770B5022245
:101A400005460E46FDF73CF90222B1180446284629
:101A5000FDF736F9311D04402846FFF75FFEE4B27A
:101A6000204070BD70B5022205460E46FDF728F9EC
:101A700002220446B1182846FDF722F92040C0B2E0
:101A800070BD00BF70B50C460E4634F8021B05460B
:101A9000F9F724FA0222214604462846FDF710F9F8
:101AA000317904402846F9F7EDF9E4B2204070BDE1
:101AB00070B505460E46F9F715FB0222B11804462B
:101AC0002846FDF761F9311D04402846F9F7F0F981
:101AD000E4B2204070BD00BF70B50D4609880646CF
:101AE000F9F7FCF9698804463046F9F7F7F92979DE
:101AF00004403046F9F7C6F9E4B2204070BD00BF9B
:101B000070B505460E46F9F7EDFAB11C04462846B5
:101B1000F9F7E8FA311D04402846F9F7C9F9E4B2AB
:101B2000204070BD2DE9F04105460E46FAF772F8E7
:101B3000311D07462846F9F7EBFC06F108018046FF
:101B40002846FAF767F806F10C0104462846F9F72B
:101B5000DFFC07EA08073C4006F110010440284674
:101B6000FAF758F806F1140107462846F9F7D0FCB1
:101B7000E4B23C402040BDE8F08100BF2DE9F843CD
:101B80000C2204460D46FDF79BF8032205F10C01DB
:101B900080462046FDF794F8E97B81462046F9F718
:101BA00071F9296907462046F9F79AFF69690646DF
:101BB0002046F9F783FB08EA090807EA08073E40D0
:101BC0003040C0B2BDE8F8832DE9F8430C2204464A
:101BD0000D46FDF7D9F8032205F10C018046204699
:101BE000FDF7D2F805F10F0181462046F9F760F9BB
:101BF00005F1100107462046FAF70CF805F114012B
:101C000006462046F9F784FC08EA090807EA0807AF
:101C10003E403040C0B2BDE8F88300BF18B1006854
:101C200008B1D0F808017047002848D070B50446C4
:101C300000688AB0C0B1D0F80831ABB10E46B9B176
:101C40001546AAB1052100F5887002F0B9FD236898
:101C5000C5E900012A46D3F80801314603F0A0FF88
:101C600048B101200AB070BD4FF4FA700AB070BDDF
:101C70000B200AB070BD206805230093D5E900232E
:101C800000F5887002F008FE2368D3F81821A2B18D
:101C900005A9D3F8080103F073FB014690B9226847
:101CA00006ABD2F818010293D5E900453246CDE9DA
:101CB000004500F055FE0028D4D10020D2E74FF4B3
:101CC000FA70704700F07AF8CCE700BF000000001F
:101CD000F0B58E460C4617460546BEE80F0095B097
:101CE0000DF1380CACE80F009EE803008CE803000F
:101CF000002D44D02B68002B41D0D3F808010028D8
:101D00003DD0002F3ED09FED267B00238DF8133071
:101D10003A460DF113030AA98DED0A7B8DED0C7B7C
:101D200004F03EF8064678BB9DF8133073B32B6879
:101D3000D3F81821AAB1D3F8080105A903F020FBB4
:101D400038BB2B689DED127BD3F8180106AB8DEDE7
:101D5000007B3A460293032100F002FE002818BFE0
:101D600006460DF1380EBEE80F00A446ACE80F00A1
:101D70009EE803008CE80300304615B0F0BD4FF438
:101D8000FA76EEE70B26ECE70126EAE740F2F516D5
:101D9000E7E700F013F80646E3E700BFAFF3008083
:101DA000000000000000000030B1006820B1D0F851
:101DB0000801003818BF0120704700BF0B280DDC58
:101DC000002809DB0B2807D8DFE800F00706060724
:101DD000060606060606070701207047CB2814BF33
:101DE0000120CB20704700BF034A034692E803005E
:101DF00083E8030018467047B8B8010818B1406876
:101E0000003818BF012070472DE9F84306460068E6
:101E100000237360002842D04369D0F8049007691A
:101E20009BB3143000F0CAF98046002844D13068D2
:101E3000036B23B1283003F0F7FCB8BB3068036AAA
:101E4000DBB1D0E9062C012A7CF1000111DB002472
:101E5000254653F824003946C8B1C8473368D3E94A
:101E6000062C013445F10005944275EB0C011B6A08
:101E7000EFDB18463946C84730683946C847002363
:101E8000C6E900334046BDE8F8839846D0E7013400
:101E900045F10005944275EB0C01DADBE9E7804679
:101EA0000023C6E900334046BDE8F883B8F1000FCF
:101EB00005D0FBF765FCC1E7FBF762FCB7E7FFF76E
:101EC0007DFF8046F5E700BF2DE9F04F041EA5B069
:101ED0000D4617461E4613DD61B1A1F1040E4FF009
:101EE000000C01E064450DD05EF8040F0CF1010C0C
:101EF0000028F7D14FF00B08404625B0BDE8F08F21
:101F00000029F7D1002FF5D03B68002BF2D09C467A
:101F1000BCE80F000DF17C0EAEE80F00DCF80030DD
:101F2000CEF800301FA8FBF707FC0028E2D0002EF7
:101F3000E0D03368002B73D1DDE9223298210120F3
:101F4000984780463060002800F0B28002A802F076
:101F50008FFF02A908F12800702207F010FE0DF192
:101F60007C0EBEE80F00D6F80080C446ACE80F0037
:101F7000DEF80030CCF8003008F11401384600F0EB
:101F800047F98046002847D1D6F800904FEAE47A16
:101F9000C9F82000C9F81840C9F81CA0002C47D087
:101FA000002D45D0DDE92232042120469847C9F8AA
:101FB0002000D6F80090D9F820B0BBF1000F29D04E
:101FC000012C7AF1000333DB4FF00008043DC146D9
:101FD0000DE0296807F0D3FD18F1010849F1000967
:101FE000CA4508BF444521D03368D3F820B055F81E
:101FF000040FEEF74DF9421C1F9B239901921046E6
:10200000984733684BF828001B6A019A53F8280058
:102010000028DED14FF00A083046FFF7F5FE6BE7E7
:102020004FF06408404625B0BDE8F08FD6F8009028
:10203000324A1368013336D01D4600201946D9F8BC
:1020400014407360636A11600133C4E9065044D0E0
:1020500094F830307BB33A68012B92F8342036D0B4
:1020600004F13405002A42D0E36B94F8340053B9EC
:10207000012808D01FA9284606F0A0F880460028AD
:10208000CAD194F8340006F08FF8316848692831D5
:10209000183003F095FA804600283FF42DAFFFF783
:1020A0008DFE8046B8E7012118460D460B46C6E76F
:1020B0004FF00A0820E704F1300000F005F98046EF
:1020C0000028A9D1326894F830305469C3E702205F
:1020D000002384F83400E363D5E704F1240006F01C
:1020E000D7F88046002897D133685C69B0E7284666
:1020F00006F018F880460028B6D08DE73C41012054
:102100000020704784B070B59EB023AD85E80E0006
:10211000002846D00368044633B1642528461EB023
:10212000BDE8704004B070472846FBF705FB002867
:1021300037D0AE46BEE80F000DF1640CACE80F00DE
:10214000DEF80030CCF800302799239B70209847A8
:102150000646206038B30DF1640C8646BCE80F00DB
:10216000AEE80F00DCF80030CEF8003002A802F034
:1021700097FE582202A906F1180007F000FD26ABD1
:1021800093E8030026688DE8030006F1180095E83F
:102190000E0003F019F9054638B9236883F83400B6
:1021A000BCE70B25BAE70A25B8E7249B27992068E6
:1021B00098472846FFF702FE0546AFE730B587B0DF
:1021C000F0B103680446DBB19C46BCE80F000DF19A
:1021D000040EAEE80F00DCF80030CEF8003001A8A5
:1021E000FBF7AAFA60B12068183003F0AFF9054692
:1021F00050B92068029B05999847284607B030BD22
:102200000B25284607B030BDFFF7D8FD0546F8E797
:10221000F0B59DB000284AD004460068002846D09A
:102220000D46FBF789FA002841D0002D3FD02B68DE
:102230001BB1642420461DB0F0BD2668B646BEE83A
:102240000F000DF15C0CACE80F00DEF800303768D1
:10225000CCF8003019467020B8470646286050B3C5
:102260000DF15C0C8646BCE80F00AEE80F00DCF810
:102270000030CEF80030684602F012FE582269465F
:1022800006F1180007F07BFC206829681830183127
:1022900003F0FCF804460028CCD0FBF75BFAFBF710
:1022A0006FFA2846FFF78AFF38B10446C2E70B24CD
:1022B00020461DB0F0BD0A24BCE720461DB0BDE895
:1022C000F040FFF77BBD00BF10B582B00023019343
:1022D000B8B1044601A90C4802F018FB10B1012066
:1022E00002B010BD019B0BB11B7823B900232370F2
:1022F000002002B010BD312B14BF02230123237034
:10230000F6E70B2002B010BD60AF0108034A034698
:1023100092E8030083E8030018467047C0B801083C
:102320002DE9F04FABB00446349D25A88946904670
:102330001F4606F0CBF9002D00F0D8802846FBF7A9
:10234000FBF9002800F0D280B9F1000F00F0CE8038
:10235000B8F1000F00F0CA80002C00F0C78066685A
:10236000002E40F0CA80002F00F0C0803846FFF7F2
:1023700045FD002800F0BF80324624A94846249637
:1023800002F03EFF0646002840F0B1802498002865
:1023900040F0048198F80030002B00F0F0802F2BE3
:1023A00000F0B080854BCDF80C8002932B69009330
:1023B0004FF40063019395E80F0002F0BFFA8046E6
:1023C000B8F1000F00F0E880002224A940462492D2
:1023D00002F0F8FE0646002840F0A4802498002869
:1023E00040F09D80D5E903327821012098470646C8
:1023F0006060002800F0D6800AA800F02FF90AA932
:102400003046682207F0BBFB61682760284600F071
:1024100033F90646002840F085804046EDF738FF46
:1024200008EB0003666813F8013CCDE903892F2B04
:102430000CBF634B634B02932B6900934FF4006313
:10244000019395E80F0002F079FA636870675A6F9C
:10245000002A00F0A98022680793106849462830B6
:10246000424603F005FB079B98666368986E002858
:1024700000F09D8003F08EFB8146002800F09C80D8
:102480002B6829696668082098476368F066D3F866
:102490006CA0BAF1000F00F08D800DF1200B5846B2
:1024A00006F088F89BE803006368AC46D3F86CE05C
:1024B0008AE80300BCE80F0025AE0FC6DCF8003048
:1024C00033602AAB13E90F008DE80F00259B3A46D5
:1024D0004946704606F078F8064618BB6B682969CD
:1024E00098476B6829694046984700E00B263046BC
:1024F0002BB0BDE8F08F6526F9E7642630462BB097
:10250000BDE8F08F05F10C0393E803008DE80300AC
:10251000404695E80E0002F02FFB804650E702F09F
:1025200063FECA266368F3B1D86E38B106F0ACF822
:1025300063682969D86E6B6898476368986E10B1B4
:1025400003F0ACFA6368186F29696B689847636891
:102550002969586F6B689847606800F0ABF86B6842
:102560002969606898476B682969002098476B68FB
:102570002969404698470023C4E90033B7E705F1CD
:102580000C0393E803008DE803000F4895E80E0064
:1025900002F0F2FA804613E70A26A8E702F07CFE72
:1025A000C926A4E70A26DEE7D86E0A26BDE7D86E5C
:1025B0000126BAE70A26C1E70126B3E77CAF010886
:1025C00068AC010880AF010878AF010830B14368FA
:1025D00023B19B6E13B10068FFF710BC0020704759
:1025E00020B1406810B1806E00B18068704700BFB4
:1025F00020B1406810B1806E00B1C068704700BF64
:1026000028B1406818B1836E002B08BF00207047C6
:1026100010B1406800B1806E704700BF10B582B045
:1026200000230193A0B1044601A90B4802F06EF902
:1026300010B1012002B010BD019A1378313B08BFE0
:102640005378B3FA83F35B090020237002B010BD06
:102650000B2002B010BD00BF88AF010810B5532297
:1026600004460021153007F050F92046FBF738F8F2
:1026700001232375204610BDD0B170B50C46A9B119
:102680008842844612D00546868A8E460FCDAEE833
:102690000F002B68CEF800300CF118015022A682F2
:1026A00004F1180007F06BFA002070BD0B2070BD1C
:1026B0000B207047C0B100B58446BCE80F0087B05E
:1026C0000DF1040EAEE80F00DCF80030CEF800305B
:1026D00001A8FBF731F818B1002007B05DF804FB42
:1026E0000B2007B05DF804FB0B20704782B02DE98A
:1026F000F04F91B01AAC84E80C009DF87C80002863
:102700003AD00C460546FFF77BFF70B32846FFF72B
:1027100067FF81462846FFF76BFF0DF1680E0746FD
:10272000BEE80F000BADAC46ACE80F00DEF80030A1
:10273000CCF80030219BFBB18A46DDF878B002F07E
:102740007BFA10AB089013E907008DE80700002121
:1027500095E80C0008A802F0C9FA064670B1FAF72D
:10276000F9FFFBF70DF80A2E00D00126304611B014
:10277000BDE8F04F02B070470B26F7E709900790CD
:1027800008A805F011FF0646B0B10A28DDF81C9034
:1027900000D0012608A802F0E7FA002832D10998F3
:1027A0005946D04759464846D047B8F1000FDDD0CA
:1027B000672E08BF6826D9E709AB05930FCDEC4615
:1027C000ACE80F002B68CCF800303A46494620466A
:1027D00008AB05F08BFD0646C8B9DDF824900990DA
:1027E00002460AA9484602F035FC98B90A9C14BB77
:1027F000219B08A8C3F8009002F0B6FA064678B903
:102800008146CCE7FAF7A6FFFAF7BAFFC7E7DDF88B
:102810001C90BFE7FAF79EFF0126FAF7B1FFB9E770
:10282000FAF798FFFAF7ACFF09985946D04759468E
:102830002046D04799E76726ACE700BF18B100688B
:1028400008B1D0F808017047F0B58E460C4617461F
:102850000546BEE80F0091B00DF1280CACE80F0062
:102860009EE803008CE803000DB32B68FBB1D3F89E
:102870000801E0B197B300238DF817303A460DF107
:10288000170306A903F0D4F9064698B10A2818BF21
:1028900001260DF1280CBCE80F00A646AEE80F009B
:1028A0009CE803008EE80300304611B0F0BD4FF401
:1028B0001676EEE79DF8173093B12B68D3F80C012C
:1028C0000028E6D03A46DDE90E670AABCDE900679D
:1028D0000293012100F044F80646DAE70B26D8E718
:1028E00040F25926D5E700BF50B370B5036884B0F5
:1028F0000446CBB1D3F80801B0B10E46E9B1154694
:10290000DAB103F0F3F998B92368D3F80C316BB15D
:10291000D6E904012A46CDE90001029602211846B3
:1029200000F01EF804B070BD4FF4167004B070BD16
:10293000022818BF012004B070BD0B2004B070BD88
:102940004FF41670704700BF30B1006820B1D0F866
:102950000801003818BF0120704700BF00000000C8
:10296000F0B593B01A9E7AB176B1044650B1D0F862
:1029700080303BB1C0680F46154600F0D7F908B16A
:10298000237A2BB9012500E00B25284613B0F0BDB2
:1029900004F1600EBEE80F000DF10C0CACE80F0066
:1029A000DEF80030CCF8003003A8FAF7C5FE0028A6
:1029B000EAD02068F9F7BAFF002845D06946E068F8
:1029C00000F02CFA014600283BD120220DEB02003A
:1029D00006F09BFF24A3D3E90023DDE900018DF875
:1029E0002070EDF7BBFFCDE90902DDE91823CDE941
:1029F0001023237A30687168B268012BF36808BF2E
:102A000000250BAE012F0FC621D8D4F880302A46FE
:102A100008A89D6903A90023A8470646002EB1D047
:102A2000314620680022F9F75DFFD4F88030054672
:102A3000DB6903A930469847002DA6D0FAF7A0FE1F
:102A4000A3E7FAF79DFE9DE74FF496759DE7B91E43
:102A50000129F6D8D4F880202B4608A8956903A947
:102A60000022A8470646D9E700CA9A3B00000000AA
:102A7000014B1868704700BFC8B801082DE9F04342
:102A800089B0109ED6B106F15009044648460D465D
:102A900090461F46FAF750FE80B17CB12846FFF7FA
:102AA00095FD002854D0B8F1000F07D037B1236846
:102AB0004BB16427384609B0BDE8F0830B27384690
:102AC00009B0BDE8F083CDE9033307AA0592079367
:102AD00006F1580393E807008DE80700394699E8A6
:102AE0000C002846FFF702FE074600285FD1D6E912
:102AF0001732D02101209847206000285DD0284659
:102B0000FFF786FD06F164030093079A27684146A4
:102B1000334603F0D3F9C7F8C8002768D7F8C800D0
:102B200058B307F1780103F0A9FA0746A8B920685D
:102B300096F8483080F8C0307822314607F01FF808
:102B40000798736D316E9847384609B0BDE8F08339
:102B5000C827384609B0BDE8F08327682FB3D7F8F7
:102B6000C83053B12846FFF753FD2368D3F8C81087
:102B700003F092FA2768384697B107F150052846C6
:102B8000FAF7DAFDE8B1F86ED8B1294602F0B4F9E7
:102B90000546A0B9F86E7B6D396E98472068FD66D2
:102BA000736D316E9847002323600127C8E76728BB
:102BB000C6D0692807D00A28F7D10A27C0E7FFF74F
:102BC000FDF82068ECE76727BAE700BF70B5144D41
:102BD00014498AB004465022284606F0D0FF04A8C3
:102BE000FAF77EFD0DF1100CBCE80F0005F1500E58
:102BF000AEE80F006E46DCF80030CEF8003030460C
:102C000002F094F996E8070005F1640383E80700F1
:102C100078222946204606F0B2FF20460AB070BD51
:102C200040410120D0B8010800284BD02DE9F041E7
:102C300015460268A0B00446002A3BD01F46D2F8D1
:102C4000C830002B36D00E46002939D0002D3DD09B
:102C500002A802F0F7F923680DF1080CD3F8C84078
:102C6000BCE80F00AE46AEE80F00BCE80F00AEE8CF
:102C70000F00BCE80F00AEE80F009CE803002B46F5
:102C80008EE803004FF000080DF147023146204660
:102C90008DF84780009703F05FFA0346C0B99DF8AE
:102CA000471040F29112002908BF1346184620B081
:102CB000BDE8F0814FF4C873184620B0BDE8F0813C
:102CC0000B23F3E74FF4C8731846704712ADBFE704
:102CD000FFF774F80346E9E718B1006808B1D0F8C7
:102CE000C800704730B1006820B1D0F8C800003883
:102CF00018BF0120704700BF0846FAF75DBD00BF4E
:102D00000846FAF783BD00BF037A10B50C4643B1FD
:102D1000052101F055FD02460B46C4E900230020C1
:102D200010BDBDE810400846FAF746BD38B103783B
:102D300023B1C068003818BF01207047184670479B
:102D4000F8B50546104614460E46FAF7F5FC28B1CC
:102D5000032D03D8DFE805F01A294C040B20F8BD39
:102D6000002EFBD0002CF9D00023C6E90133DFF898
:102D7000A4C0336106F1140503270FCC0FC52368E7
:102D80002B60C6F80CC037700020F8BD002EE5D0CF
:102D900000233370C6E90133C6E903330FCC06F1D3
:102DA00014050FC523682B60EEE7002ED6D0002C4B
:102DB000D4D000273770A446BCE80F0006F11405F4
:102DC000C6E90177C6E903770FC5DCF800302B6050
:102DD00021692368102098473061B8B10022002390
:102DE000C0E900230A4A07720123F2603370CBE77F
:102DF000002EB3D0002CB1D00023C6E90133DFF898
:102E000018C0336106F114050227B6E70A20F8BDA1
:102E1000092D0108012D0108F92C010840B139B133
:102E200003781BB1C3680BB10069184701207047D4
:102E30000B20704758B151B10378012B05D10269BD
:102E40001AB1137A0B7000207047012070470B20D5
:102E5000704700BF30B129B103682BB11B680B600C
:102E6000002070470B2070474FF44870704700BF38
:102E70002DE9F04F87B0002867D003680446002B87
:102E800068D0BFF35B8F93F83830BFF35B8F002BB4
:102E900050D1036804A91868FFF7C0FF0546002851
:102EA00044D1DDE90423002B4ADB20684FF0050AFA
:102EB000CDF800A0203001F0EFFC2368BFF35B8F5A
:102EC0008046D3F810B0BFF35B8F20688946283066
:102ED000514601F075FC064620680F4618305146F1
:102EE00001F06EFC361841EB070702460B4682469E
:102EF000DDE90401B04271EB070C04DB53EA020C7C
:102F00002BD106460F462068052132463B46283025
:102F1000009101F08BFCBBF1000F07D0049A059BD8
:102F2000B2EB0802204663EB0903D847284607B0F6
:102F3000BDE8F08F40F22135284607B0BDE8F08F9C
:102F40000125284607B0BDE8F08F0B25284607B0BD
:102F5000BDE8F08F4FF44875E8E7801B61EB07018F
:102F6000CDE90232EDF7FAFC029B013041F100019C
:102F700000FB03F301FB0A33A0FB0A0A3018534499
:102F800043EB07070646BEE798B330B5036883B046
:102F9000044683B30D4649B3BFF35B8F93F83830D3
:102FA000BFF35B8FFBB9036869461868FFF736FF0C
:102FB00028B140F22133984215D003B030BD2068CB
:102FC0000521283001F0FCFBDDE90032C01A61EB7D
:102FD0000201012871F10001B4BF012300232B700D
:102FE000002003B030BD00232B70F9E70B2003B0A5
:102FF00030BD0B2070474FF44870DEE7D8B138B5CC
:103000000368D3B10C46A1B1BFF35B8F93F838309E
:10301000BFF35B8F03F0FF0543B90068052128303B
:1030200001F0CEFBC4E90001284638BD40F2213052
:1030300038BD0B2038BD0B2070474FF4487038BDA9
:1030400030B1006820B1C3680BB108307047184632
:10305000704700BF10B5084C864684460FCCACE8DC
:103060000F000FCCACE80F000FCCACE80F002368CA
:10307000CCF80030704610BD20B9010818B1006BC3
:10308000003818BF012070472DE9F04383B00028B5
:1030900000F09880066B0546002E00F08F80F06BE4
:1030A00003F050FA2C6B061E18BF4FF46176002C0B
:1030B00000F084802868D4F84C80D4F85890002719
:1030C0006F60276018B14946C0472C6B2F60A0681D
:1030D00028B14946C0472C6B0023C4E90133A868D6
:1030E000E76CA16D4FF00008C5F80C80C4F80C80A7
:1030F00028B1B8472C6BC5F80880E76CA16D6069F2
:103100004FF00008C4F8108028B1B847C4F8148004
:103110002C6BE76CA16D28694FF00008C5F814808E
:10312000C4F8408028B1B8472C6BC5F81080E76C14
:10313000A16DA8694FF00008C5F81C80C4F818807C
:1031400028B10191B8472C6B0199C5F81880206A05
:1031500020B1B8472C6B0023C4E90733286AD4F8A0
:103160004C80D4F8589000276F62676218B14946C6
:10317000C0472C6B2F62E06A28B14946C0472C6BD0
:103180000023C4E90A33A86AD4F84C80D4F85890D4
:103190000027EF62276318B14946C0472C6BAF6226
:1031A000A06B28B14946C0472C6B0023C4E90D33FE
:1031B000E36CA16D2046984700232B63304603B093
:1031C000BDE8F0830B26304603B0BDE8F08300BFB6
:1031D00018B3036B70B504460BB319B31D68406890
:1031E000854217D220686E1C1E6040F8251002B17F
:1031F00015600846FFF770FD50B1236B42689B686D
:1032000043F82520226B536801330020536070BDC2
:10321000012070BD40F2863070BD0B2070474FF426
:10322000617070BD0B2070BD002874D0036B10B5A9
:103230000446002B71D0006838B16268002192000A
:1032400006F063FB236B00221A60A06838B1E268C5
:103250000021920006F059FB236B0022DA60A0697E
:1032600038B1E2690021920006F04FFB236B002287
:103270009A61206A38B1626A0021920006F045FB2B
:10328000236B00225A62A06A38B1E26A00219200E0
:1032900006F03BFB236B00221A63206938B1626998
:1032A0000021920006F031FB236B00221A6498681B
:1032B00038B15A680021920006F027FB236B0022E8
:1032C0005A60586938B11A690021920006F01DFB56
:1032D000236B00221A61186A38B1DA690021920062
:1032E00006F013FB236B0022DA61D86A38B19A6AC0
:1032F0000021920006F009FB236B00229A62986B72
:1033000038B15A6B0021920006F0FFFA236B0022BD
:103310005A63002010BD0B2070474FF4617010BD40
:10332000002800F0A1812DE9F04FD0F830A083B043
:103330000446BAF1000F00F099814FF00008DAF866
:1033400058901E460F46DAE913B31546C0F80480BC
:103350000068CAF80080002900F0CF804FEA810A97
:103360004A46514601939847019B2060002800F08F
:10337000098152464146019306F0C7FA6760276B00
:10338000019BB868C7F804804A4651469847236BAA
:10339000B8609F68002F00F0F080524641463846E2
:1033A00006F0B3FAD4F830A0DAF85880A068002705
:1033B000DAE91323E760CAF80C70002D40F0B08002
:1033C00030B141469047D4F830A0A560DAF8588073
:1033D000DAF814000027AD19CAF8107040F0B88070
:1033E00048B1DAF84C3041469847CAF81450D4F83E
:1033F00030A0DAF8588020690025DAE91397656172
:10340000CAF84050002E40F0C18040B14146C84744
:10341000D4F830A02661DAE91397DAF858800C9BCB
:10342000A0690025E561CAF81850002B40F0C28061
:1034300028B14146C8470C9BD4F830A0A361DAF804
:10344000200030B14146C847D4F830A00023CAE973
:1034500007330D9BDAF85860206A0025DAE9137803
:103460006562CAF82450002B00F0C8804FEA830937
:1034700032464946C0472062002800F083804A4611
:10348000294606F042FAD4F830A00D9B6362DAF8C0
:103490002C00CAF8285032464946C047236BCAF868
:1034A0002C00DB6A002B00F0FB804A4629461846B8
:1034B00006F02BFAD4F830A00E9BDAF85860A06A18
:1034C0000025DAE91378E562CAF83050002B40F0A5
:1034D000A98028B13146B8470E9BD4F830A0A3622A
:1034E000DAF8380028B13146B847236B0022C3E927
:1034F0000D22002003B0BDE8F08F20B14946D84727
:10350000D4F830A02760DAF8080000283FF44CAF68
:103510004946D847D4F830A00023CAE9013343E72D
:1035200042464FEA850841469847A06050B342465C
:10353000394606F0EAF9D4F830A0E5600027AD1965
:10354000DAF85880DAF81400CAF810703FF448AF7F
:10355000AD004246DAF85030294698478046CAF80E
:103560001400002800F085802A46394606F0CDF97F
:10357000D4F830A0DAF858803DE720684946D847AB
:10358000C4E900770A2003B0BDE8F08F42464FEA55
:1035900086084146B84720610028F3D042462946B4
:1035A00006F0B3F9D4F830A06661DAE91397DAF8D7
:1035B000588034E79E0042463146B847A061002853
:1035C000E0D03246294606F0A0F9D4F830A00C9B92
:1035D000E361DAF82000CAF81C5042463146B84789
:1035E000236BCAF820001F6A002F53D032462946A9
:1035F000384606F08AF9D4F830A02AE728B13146D7
:10360000B8470D9BD4F830A02362DAF82C000028CC
:103610003FF452AF3146B847D4F830A00023CAE98E
:103620000A3349E74FEA830932464946C047A06258
:103630000028A7D04A46294606F067F9D4F830A0FA
:103640000E9BE362DAF83800CAF834503246494635
:10365000C047236BCAF838009B6B4BB34A462946D8
:10366000184606F052F944E70B2070474FF461709A
:1036700089E7236BA068DA6C996D9047236B20690A
:10368000DA6C996DC4F80C80C4F808809047C4E9DE
:10369000048877E7A0694146C847C4E9067771E71F
:1036A000206A01933146B847019BC4E9083369E7B2
:1036B000A06A01933146B847019BC4E90A3361E728
:1036C0002DE9F04784B0044610A80D4690461F46E9
:1036D000FAF732F800286CD0002C6AD0266B26B19D
:1036E0006425284604B0BDE8F0870F9B002B60D00E
:1036F0001846FEF783FB002860D0109B14995C20CD
:1037000098472063002863D031465C2206F0FDF81C
:10371000D4F830900F9BC9F84430DDE90D3203EB4B
:10372000020E0C9B9E440F9B0DF1400CD3F800A0A1
:10373000BCE80F00C9E90166C9E90466C9E9076682
:10374000C9E90A66C9E90D6609F148060FC6C6440B
:10375000DCF8003033600EEB45010AF1280002F07E
:10376000E7FE236BC9F83C00D86B48B30E9B02936D
:103770000D9B01930C9B009329463B4642462046F5
:10378000FFF7CEFD05460028ABD0236B13BB002608
:10379000CDE9016600963346324631462046FFF7B2
:1037A000BFFD206B00289CD0C36C816D98472663B9
:1037B00097E70B25284604B0BDE8F087652590E71C
:1037C000012502F0BFFE002818BF4FF46175DEE747
:1037D0000A2586E7D86BF4E718B3036B70B5044687
:1037E0000BB319B3DD68C068854217D2A0686E1CA0
:1037F000DE6040F8251002B11560084604F082FF33
:1038000050B1236B42685B6943F82520226B136932
:1038100001330020136170BD012070BD40F286307D
:1038200070BD0B2070474FF4617070BD0B2070BDF0
:1038300028B3036B70B504461BB329B3186C6569D4
:10384000A84219D22569461C1E6445F8201002B111
:1038500010600846FFF7F4FB60B1226BE368156C5B
:10386000013B1D4404F04EFF80B1236B42685B694D
:1038700043F82520002070BD40F2863070BD0B203B
:1038800070474FF4617070BD0B2070BD012070BD9A
:1038900018B3036B70B504460BB319B39D69C069C7
:1038A000854217D2A0696E1C9E6140F8251002B1B6
:1038B00015600846FEF7B2F950B1236B42681B6AE7
:1038C00043F82520226BD36901330020D36170BDFA
:1038D000012070BD40F2863070BD0B2070474FF460
:1038E000617070BD0B2070BD18B3036B70B50446DA
:1038F0000BB319B35D6A406A854217D2206A6E1C09
:103900005E6240F8251002B115600846FEF796FF8A
:1039100050B1236B4268DB6A43F82520226B936A1F
:1039200001330020936270BD012070BD40F28630EB
:1039300070BD0B2070474FF4617070BD0B2070BDDF
:10394000002800F0D4812DE9F04F2DED028B056B9E
:1039500099B00446002D00F078811F4643689046D8
:10396000002B00F09B802E6C002E00F0B280002116
:103970008C460A46A646DEF8103053F8213073B163
:10398000DEF80C3068690B4450F823403CB12B69D9
:1039900040F8234001332B61DEF830502E6C0131AA
:1039A0004CF1000CB1427CF10003E4D39FEDAA8BF3
:1039B00058EA0703CDE90C22CDE90E228DED128BDA
:1039C0008DED148B8DED168B74460DF1300A00F0E1
:1039D0009480002E00F045810025BB462CE0236931
:1039E00053F8090008A98DED088BFFF707FB40F29B
:1039F0002133984200F0BB80002865D1DDE90767DC
:103A00003078099918AB03EBC00353F81C2C0592CE
:103A100053F8202C9742059A71EB020206DA43E92B
:103A2000087118AB03EB800040F8306C236B1E6C00
:103A30000135B54280F01481236953F825004FEA1F
:103A400085090028F4D007A9FFF704FA03460028E7
:103A500040F0418107980278012AC0D10DF11B0185
:103A60008DF81B30FFF7E6F90246002840F033815D
:103A700023699DF81B1053F809000029B0D008AE47
:103A800031468DF82020FFF77FFA002840F023818F
:103A90009DF82030002BC9D0256B2FE0C368002B88
:103AA0007FF461AF4369002B7FF45DAFC369002BE6
:103AB0007FF459AF436A002B7FF455AFC36A002BE4
:103AC0007FF451AF40F2853019B0BDEC028BBDE8F8
:103AD000F08F6FF000434FF0FF32CDE91223CDE9B4
:103AE0001423CDE9162358EA0703CDE90C66CDE986
:103AF0000E660DF1300A40F0B48008AE00220023BB
:103B0000CDE90823CDE90A230296EA6B05F13403D7
:103B1000CDE9003205F1100105F11C0305F1280281
:103B2000281D02F083FB236B1A6C804632B30025FC
:103B30002F462E4607E0226942F80930236B1A6CA3
:103B4000013595421BD2206950F8250007A94FEA9C
:103B500085090028F4D08DF81C60FFF715FA0028BD
:103B6000B2D19DF81C30002BE5D01F46E6E7226B52
:103B70002369166C002243F8092059E7174638F0EC
:103B8000020040F0A880666802461EB90DE00132CE
:103B900096420AD0996851F822100029F7D1256879
:103BA00045F8221001329642F4D1E66800221EB98F
:103BB0000DE00132B2420AD0596951F822100029B1
:103BC000F7D1A56845F822100132B242F4D1E66976
:103BD00000221EB90DE0013296420AD0196A51F84E
:103BE00022100029F7D1A56945F82210013296422A
:103BF000F4D1666A00221EB90DE00132B2420AD049
:103C0000D96A51F822100029F7D1256A45F8221007
:103C10000132B242F4D1E66A00221EB90DE001324F
:103C2000B2420AD0996B51F822100029F7D1A56A47
:103C300045F822100132B242F4D1B8F1020F7FF4FC
:103C400043AF87F0010778003EE74FF4617019B089
:103C5000BDEC028BBDE8F08FFFFFFFFFFFFFFF7F92
:103C60005F46B8F1010F77F100033ADB012610AD92
:103C70000DF158095AF8040F08A9A0B1FFF7CEF8C2
:103C800000287FF421AF089AAB6809999B1AEA686B
:103C900062EB0102984577EB0201BABF43463A4610
:103CA0000126984617460835A945E3D1002F256B14
:103CB000ABBF4046002039460021002E3FF424AF20
:103CC0000DA3D3E90023ECF749FE08AECDE90801C6
:103CD000CDE90A2318E7012019B0BDEC028BBDE83D
:103CE000F08F00264FF0FF386FF00047BFE70B2042
:103CF000704700BFAFF3008000CA9A3B000000008D
:103D0000B0B370B50446006868B30D461646FEF7BA
:103D10004BF830B320680430FEF746F808B320684B
:103D20000830FEF741F8E0B120680C30FEF7DAFF0A
:103D3000B8B120681030FEF7D5FF90B1B5B1AEB183
:103D4000206832462946FDF7C3FF48B10A2807D04C
:103D500040F2F51240F6370390420CBF184601209E
:103D600070BDF9F70DFD40F6360070BD0B2070BD3B
:103D700040F63600704700BF78B370B5044600685F
:103D800030B30D461646FEF70FF8F8B12068043040
:103D9000FEF70AF8D0B120680830FEF705F8A8B1A0
:103DA00020680C30FEF79EFF80B120681030FEF7CF
:103DB00099FF58B17DB176B1206832462946083066
:103DC000FDF732FF003818BF012070BDF9F7D8FCAD
:103DD00040F6360070BD0B2070BD40F636007047CF
:103DE000002837D070B50446006870B30D461646FB
:103DF000FDF7DAFF38B320680430FDF7D5FF10B3C4
:103E000020680830FDF7D0FFE8B120680C30FEF7DD
:103E100069FFC0B120681030FEF764FF98B1BDB1F2
:103E2000B6B12068324629460830FDF751FF48B147
:103E30000A2807D040F2F51240F6370390420CBF33
:103E40001846012070BDF9F79BFC40F6360070BDA6
:103E50000B2070BD40F63600704700BF002837D0F9
:103E600070B50446006870B30D461646FDF79CFF1A
:103E700038B320680430FDF797FF10B3206808308E
:103E8000FDF792FFE8B120680C30FEF72BFFC0B1C0
:103E900020681030FEF726FF98B1BDB1B6B120689A
:103EA000324629460430FDF713FF48B10A2807D0EF
:103EB00040F2F51240F6370390420CBF184601203D
:103EC00070BDF9F75DFC40F6360070BD0B2070BD8B
:103ED00040F63600704700BF002837D030B50446A2
:103EE00000688FB058B30D46FDF75EFF28B3206819
:103EF0000430FDF759FF00B320680830FDF754FF88
:103F0000D8B120680C30FEF7EDFEB0B1206810305B
:103F1000FEF7E8FE88B1B5B1206800236A4629465D
:103F20000C30FEF781FE60B140F29113984210D040
:103F30000A2818BF01200FB030BDF9F721FC40F668
:103F400036000FB030BD0B200FB030BD40F636004C
:103F5000704740F63700F4E7002845D0F8B50C4626
:103F600000293ED00546086800283AD017461E466C
:103F7000FDF71AFF98B320680430FDF715FF70B302
:103F800020680830FDF710FF48B320680C30FEF7BA
:103F9000A9FE20B320681030FEF7A4FEF8B1216816
:103FA000284601F5E272FFF773FCB8B9216828468C
:103FB00001F5E4720431FFF76BFC78B921682846FB
:103FC00001F5E6720831FFF763FC38B9216828462D
:103FD00001F5E8720C31FFF7FBF840B1F8BDF9F7D5
:103FE000CFFB40F63600F8BD4FF461707047216892
:103FF000284601F5EA721031FFF7EAF80028EDD102
:104000001FB12368D3F8C4313B60002EE6D023688B
:10401000D3F8D0313360F8BD002800F089802DE955
:10402000F0410C46002979D005460868002875D073
:1040300016461F46FDF7B8FE00286DD020680430F4
:10404000FDF7B2FE002867D020680830FDF7ACFE0F
:10405000002861D020680C30FEF744FE00285BD0B9
:1040600020681030FEF73EFE002855D0002E5CD0B0
:10407000002F5AD0069B002B57D0079B002B54D003
:10408000089B002B51D023686A68D3F8D0118A426C
:1040900048D9D3F8D401824244D9D3F8C441EA695B
:1040A000A2423FD9D3F8C8C162453BD9D3F8CCE18D
:1040B000724537D9AA692D6852F8248055F82040F6
:1040C00055F8215052F82C1052F82E2003F10C0C08
:1040D000A5EB0C05B5FA85F56D09357003F11005F2
:1040E000641BB4FA84F464093C70A3EB08001C1D43
:1040F0000833D31AB0FA80F0069A4009091B1070F1
:10410000B1FA81F1079A49091170B3FA83F3089A59
:104110005B090020137003E0F9F732FB40F636002C
:10412000BDE8F0810120BDE8F0810B20BDE8F08101
:104130004FF46170704700BFB0B370B504460068BB
:1041400068B30D461646FEF7FFFB30B32068043017
:10415000FEF7FAFB08B320680830FEF7F5FBE0B184
:1041600020680C30F8F7E2FBB8B120681030F8F79F
:10417000DDFB90B1B5B1AEB1206832462946FEF7FD
:1041800063FB48B10A2807D040F2592240F6990350
:1041900090420CBF1846012070BDF9F7F1FA40F6C5
:1041A000980070BD0B2070BD40F69800704700BFAE
:1041B00078B370B50446006830B30D461646FEF776
:1041C000C3FBF8B120680430FEF7BEFBD0B1206815
:1041D0000830FEF7B9FBA8B120680C30F8F7A6FB51
:1041E00080B120681030F8F7A1FB58B17DB176B1ED
:1041F000206832462946FEF777FB10B1022818BF27
:10420000012070BDF9F7BCFA40F6980070BD0B2094
:1042100070BD40F698007047002837D070B504464E
:10422000006870B30D461646FEF78EFB38B3206863
:104230000430FEF789FB10B320680830FEF784FBDA
:10424000E8B120680C30F8F771FBC0B1206810307D
:10425000F8F76CFB98B1BDB1B6B12068324629467B
:104260000830FEF7F1FA48B10A2807D040F2592287
:1042700040F6990390420CBF1846012070BDF9F733
:104280007FFA40F6980070BD0B2070BD40F6980094
:10429000704700BF002837D070B50446006870B37F
:1042A0000D461646FEF750FB38B320680430FEF783
:1042B0004BFB10B320680830FEF746FBE8B12068DE
:1042C0000C30F8F733FBC0B120681030F8F72EFB44
:1042D00098B1BDB1B6B12068324629460430FEF728
:1042E000B3FA48B10A2807D040F2592240F69903A0
:1042F00090420CBF1846012070BDF9F741FA40F614
:10430000980070BD0B2070BD40F69800704700BF4C
:1043100080B370B50446006838B30D461646FEF704
:1043200013FB00B320680430FEF70EFBD8B1206801
:104330000830FEF709FBB0B120680C30F8F7F6FA48
:1043400088B120681030F8F7F1FA60B185B17EB11C
:104350002068324629460430FEF7C6FA10B102281A
:1043600018BF012070BDF9F70BFA40F6980070BD38
:104370000B2070BD40F69800704700BF00284DD05C
:1043800070B50C4659B10546086840B11646FEF7AF
:10439000DBFA20B120680430FEF7D6FA10B940F6F7
:1043A000980070BD20680830FEF7CEFA0028F6D0DD
:1043B00020680C30F8F7D2FA0028F0D020681030CE
:1043C000F8F7CCFA0028EAD02168284601F5EE7209
:1043D000FFF78AFA0028E4D12168284601F5F07237
:1043E0000431FFF781FA0028DBD12168284601F566
:1043F000F2720831FFF778FA0028D2D121682846F6
:1044000001F5F4721431FFF713FA0028C9D1002E18
:10441000C7D02368D3F8DC31336070BD4FF46170CE
:10442000704700BF00285AD0F8B50C4661B1054668
:10443000086848B116461F46FEF786FA20B1206884
:104440000430FEF781FA10B940F69800F8BD2068F4
:104450000830FEF779FA0028F6D020680C30F8F71B
:104460007DFA0028F0D020681030F8F777FA00289D
:10447000EAD0BEB3B7B3069BA3B3079B93B321683F
:104480002A692C6AD1F8E851D1F8E03152F8252098
:10449000D1F8E401D1F8DC5154F8200054F823306D
:1044A00054F82540641AB4FA84F4640934700C1D7D
:1044B0001B1BB3FA83F35B0901F108043B7001F1A4
:1044C0001403011BD31AB1FA81F1069A490911703C
:1044D000B3FA83F3079A5B0900201370F8BD4FF419
:1044E000617070470B20F8BD0220704703207047B1
:1044F0000420704706207047052070475FFA80FC53
:10450000BCF1060F0CD804290AD800EB800310B4C4
:104510000B44064C54F8233023B15DF8044B184784
:104520000020704700205DF8044B704754B9010823
:1045300010B5074C864684460FCCACE80F000FCC74
:10454000ACE80F002368CCF80030704610BD00BF07
:10455000E0B90108D0B100B5844687B0D0F80900B1
:10456000DCF80D10DCF81120DCF815300DF1080E28
:10457000AEE80F00DCF804000CF1400202A9103094
:10458000FFF7FAFB20B907B05DF804FB0B2070477A
:104590000190F9F7F5F8019807B05DF804FB00BF4A
:1045A000034658B1806848B10168996000220272E0
:1045B000D968016002628284D8607047704700BF8A
:1045C00080B179B1C36899420DD02BB11A6891427C
:1045D00003D01346002BF9D170470A681A6083682C
:1045E0000B60816070470B68C360F8E738B580B135
:1045F0000D4681B1C46814B909E024683CB11022A9
:10460000294604F1090005F057F90028F5D12046A4
:1046100038BD0446FBE70C46F9E700BF40B1C0686F
:1046200010B905E0006818B190F908308B42F9D153
:10463000704700BF40B1C06810B905E0006818B10C
:1046400090F90830032BF9DD704700BF70B1C068E6
:1046500060B110B401E0006828B1D0E90A41994284
:1046600008BF9442F7D15DF8044B7047704700BF14
:1046700070B1C06860B110B401E0006828B1D0E941
:104680001041994208BF9442F7D15DF8044B70473E
:10469000704700BF70B1C06860B110B401E000683D
:1046A00028B1D0E91641994208BF9442F7D15DF88C
:1046B000044B7047704700BF40B1C06810B905E0B7
:1046C000006818B190F82030002BF9D0704700BF77
:1046D00040B1C06810B905E0006818B190F8233007
:1046E000002BF9D0704700BF98B110B5446886B070
:1046F0000022CDE903220B46059200F1280103AA0E
:1047000004F110008DF80C30FFF752FD18B906B017
:1047100010BD0B2070470190F9F732F8019806B0F0
:1047200010BD00BF0000000010B310B590B00446EB
:1047300006A8FFF7FDFE0023D4F80900D4F80D10F9
:10474000D4F811208DF81830D4F81530CDF81CD0DD
:10475000EC46ACE80F009FED087B606806AA04F108
:10476000580110308DED087BFFF7D2FD10B010BD61
:104770000B207047AFF30080010000000100000033
:1047800082B030B58BB00EAC84E80C0088B1044622
:1047900001A80D46FFF7CCFE01AA0EA904F11000F6
:1047A0008DF80450FFF7B4FD0BB0BDE8304002B007
:1047B00070470B200BB0BDE8304002B0704700BF1F
:1047C00080EA104181F03D01154A164B01EBC10111
:1047D00081EA111102FB01F181EAD131A3FB01232E
:1047E0001B0903EB4302C3EBC203F0B40E4DC91A1D
:1047F0004A194FF0010CD2E84F3FC2E844CF002CD9
:10480000F9D1BFF35B8FDCB2002CF4D1D0E90067A3
:10481000BFF35B8F6B5430463946F0BC704700BF26
:104820002DEBD427C94216B2B841012080EA1041CD
:1048300081F03D0170B501EBC101144C144E81EAC9
:10484000111104FB01F1134C81EAD131A4FB015495
:10485000240904EB4405C4EBC504A1EB040E4FF09E
:1048600001050EEB060CDCE84F1FCCE8445F002C82
:10487000F9D1BFF35B8FCCB2002CF4D1C0E9002397
:10488000BFF35B8F06F80E1070BD00BF2DEBD42771
:10489000B8410120C94216B2F0B580EA104E8EF040
:1048A0003D0E1749174F0EEBCE0E8EEA1E1E01FB72
:1048B0000EFE15498EEADE3E0646A1FB0E010909F1
:1048C00001EB4100C1EBC001AEEB010E4FF0010561
:1048D0000EEB0701D1E84FCFC1E8405F0028F9D1C6
:1048E000BFF35B8F5FFA8CF4002CF3D1D6E90001A3
:1048F000C6E90023BFF35B8F07F80EC0F0BD00BF11
:104900002DEBD427B8410120C94216B250B110B5E1
:104910000C4609B9064810BD04F0D8FA20B1206051
:10492000002010BD03487047034B2360F8E700BF29
:10493000C0AF0108A4AF010880B401080FB4F0B5FE
:1049400083B008AC0E9E84E80F0076B32046F8F7DB
:10495000F3FE50B300210FAB32460846CDE90033D9
:1049600000F0F8F8431C05461FD00D9B0C99471C1E
:104970009F4284BF1F4603F1FF353846089B984786
:10498000044690B1019B3246394600F0E3F8002816
:1049900007DB00236355204603B0BDE8F04004B0B8
:1049A0007047099B0C99204698470024F3E700BF05
:1049B0002DE9F04F994689B003464846CDE90212E9
:1049C000984600930C46F8F7B7FE002800F0A38045
:1049D0002046EBF75DFC4FF0000AD9F810B00190CB
:1049E0005746554610261EE00135AA4512D2B2445C
:1049F000D9F808304FEA8A019847002800F08880EB
:104A000006EB4606B6F5801FD9F810B0074628BF5A
:104A10004FF48016009A07EB8503A21A43F8042C82
:104A2000019B04EB03080299404604F0A8FF0446EA
:104A30005A463846002CD7D14046EBF729FC009B5C
:104A4000A8EB030808EB00030493D9F80080002DBD
:104A50003FD00398EBF71CFC06460198049A331AE2
:104A600005FB032A59460AF10100C0478346002886
:104A70004ED03A68009905F082F83B6806976A1EA6
:104A80005B44A84602922546CDF81C901C4603992B
:104A90003246204605F073F8019B57F8042B02EBD1
:104AA000030C009B03EB0C01029B34449D42204607
:104AB00022D03A68A2EB0C094A46013505F05FF8AE
:104AC000A8454C44E3D10023DDE906790BF80A3010
:104AD00008E0184659460130C047834610B1009996
:104AE00005F045F83846D9F80430D9F81010984741
:104AF000584609B0BDE8F08F049BA3EB0C02059269
:104B0000013505F03CF8059AA8451444BFD1DAE711
:104B10004FF0000BE6E78346584609B0BDE8F08F3A
:104B20000CB430B583B006AB53F8042B019352B1EB
:104B300038B141B104F020FE03B0BDE8304002B00E
:104B400070470029F6D004F0E5FF162303604FF00C
:104B5000FF30F1E770B53AB120B129B1BDE870403E
:104B600004F00ABE0029F9D004F0D4FF1623036034
:104B70004FF0FF3070BD00BF84B070B586B00DF14E
:104B80002C0C8CE80E000446BCE80F000DF1040E5E
:104B9000AEE80F00DCF80030CEF8003004B301A816
:104BA000F8F7CAFDE0B14FF0FF3200212046EBF7E5
:104BB0001FFB90B1061B701C019B05999847054689
:104BC00028B13246214604F0DAFF0023AB552846CF
:104BD00006B0BDE8704004B070474FF0FF36EBE719
:104BE0000025F4E782B070B504AC84E80C00E8B1AD
:104BF000054604A80C46F8F79FFDB8B122460021EF
:104C00002846EBF7F5FA00B1441B049B0899601C99
:104C10009847064628B12246294604F0B0FF0023F3
:104C200033553046BDE8704002B07047002630462C
:104C3000BDE8704002B07047014B0020186070471B
:104C4000D041012000284ED030B5036887B004461B
:104C5000002B43D003F10C0C0D46BCE80F000DF106
:104C6000040EAEE80F00DCF80030CEF8003001A8EA
:104C7000F8F762FD08B323689968A94229D85A68F1
:104C8000AA4224D0E5B1B5F1005F2AD21868059A8E
:104C9000039BE900984720B3246861682060A9421B
:104CA00014D200EBC103691A03EBC1010022C3E96E
:104CB000002208338B42FAD108E00B2007B030BD48
:104CC000029A05991868904724682560656000205D
:104CD000F4E72046FFF7B6FF07B030BD1F2007B04E
:104CE00030BD0A20EAE70B20704700BF82B070B5E4
:104CF00004AC84E80C0078B3066804462EB11E2587
:104D00002846BDE8704002B0704704A80D46F8F789
:104D100013FD08B3049B089920209847206008B32E
:104D20000DF1100EC0E90066866000F10C0CBEE8C3
:104D30000F00ACE80F00DEF80030CCF80030294658
:104D40002046FFF77FFF05460028D9D0059B08992C
:104D5000206898472660D3E70B252846BDE87040B9
:104D600002B070470A25CBE72DE9F04786B000284E
:104D70004FD005680646002D46D06B6853B300241B
:104D80002A68274652F834004FEAC408F8B1D5F82B
:104D90001CA0D5F810905146C8472B6803EB0802B9
:104DA00043F8347050685146C8472A68AB6842449B
:104DB000013B5760AB6035686B6801349C4209D297
:104DC0002A6852F834004FEAC4080028DFD10134C1
:104DD000A342D7D800213046FFF734FF044618B16C
:104DE000204606B0BDE8F08735680C350FCD01AF21
:104DF0000FC72B683B6001A8F8F79EFC48B1029BE7
:104E000005993068984734600024204606B0BDE814
:104E1000F0870B24204606B0BDE8F08738B3006861
:104E200028B32DE9F8430E46C1B1D0E90098B8F196
:104E3000000F13D01746002459F83450284655B1B6
:104E4000EBF726FAB8420246294638BF3A463046C2
:104E500004F070FD28B10134A045EDD10020BDE87B
:104E6000F88309EBC409D9F80400BDE8F88370475A
:104E700030B597B00446684600F012F800230022CF
:104E8000C4E9002300256946582204F11000A560FA
:104E900004F075FE2046C4E91A5517B030BD00BFB6
:104EA00030B58BB06D460446284600F021F802A8C4
:104EB00003F038FE58220021204604F026FD95E834
:104EC000030004F110034FF0FF320DF1080C83E8EA
:104ED0000300E260BCE80F0004F11C0EAEE80F0016
:104EE0009CE80F008EE80F0020460BB030BD00BFDD
:104EF0000022027042607047B0B138B504460846DF
:104F00000D46F8F719FC68B1206820B16B68296973
:104F1000984700232360201D03F0DEFD003818BFF2
:104F2000012038BD0B2038BD0B2070470022C0E99E
:104F300000228260704700BF70B584B004AC04E901
:104F40000F002549019C02228142A24133D303462E
:104F50002248DDE90215A3FB003200FB0422DE43F8
:104F60006FF00040841A8E42AC4132D311EB030E35
:104F700042EB0500089B1849099D02229942AA416B
:104F80001ED3164C0A9A0B9EA3FB043104FB051199
:104F90006FF0004CDD43ACEB01049542B44114D3F7
:104FA000D21841EB0603834208BF72450CBF0120B3
:104FB000002004B070BD4FF0FF3E6FF00040D9E715
:104FC0004FF0FF326FF00043EDE74FF0FF326346E2
:104FD000E9E74FF0FF3ECDE7047DC12500CA9A3BCB
:104FE00030B484B004AC04E90F001449019C0222DF
:104FF0008142A24115D312490346DDE90205A3FB14
:10500000013201FB04226FEA030C6FF000418C1A9D
:105010008445AC410CD3181842EB050104B030BCF8
:1050200070474FF0FF306FF0004104B030BC704764
:105030004FF0FF3004B030BC704700BF047DC12585
:1050400000CA9A3B10B538220446002104F05DFCEA
:10505000204610BD002849D02DE9F0410E46002918
:1050600056D015460446EBF713F950B123782F2B91
:105070000CD0022333600DB100232B600020BDE86B
:10508000F08101233360002DF6D1F7E7471EE35D81
:105090002F2B3FD0631E214603EB000E9C4613F8D6
:1050A000012F5F2A06D023D8392AA2F141082BD834
:1050B0002E2A20D97345F1D1214C002303E09842D8
:1050C00001F101012CD09F4203F10103F7D00A78CE
:1050D0002F2AF4D14A782F2A2DD0A25C5207EED580
:1050E00006223260002DC9D02B60C7E70B20704725
:1050F000613A192ADED904233360002DBED0C4F1F1
:10510000010464442C60B9E7B8F1190FD2D9F2E771
:105110000B20B4E703233360002DAFD02F60ADE741
:10512000F72802D800233360A8E707233360002D57
:10513000A4D0F623D8E705223260002DD4D19DE714
:10514000DBBE0108002831D070B51446C2B0BAB138
:1051500001290E461D4602D103782F2B15D001AA36
:105160006946FFF777FF60B9009B63B1072B0AD050
:105170005A1E052A1CD8DFE802F00C0C0C0C0C0C93
:105180000B2042B070BDF52E09D80023236000200B
:10519000F7E72360002DFAD0019B2B60F7E7072388
:1051A0002360002DF3D0F4232B60F0E70B20704731
:1051B000034A4FF4807102A8FFF7B2FC0120E0E738
:1051C000DCAF010868B170B50D4616460446EBF732
:1051D0005FF8334601462A462046BDE87040FFF797
:1051E000B1BF0B20704700BF07289ABF024B53F88E
:1051F00020000248704700BF04BA01082CB0010823
:10520000002837D0F8B50E46002935D01746044699
:10521000EBF73EF8D8B1631E19181A4613F801EFE0
:10522000AEF130052EF0200C092DACF1410C15D952
:10523000BCF1190F12D9BEF15F0F0FD002233360FA
:105240001FB1C4F1010414443C600020F8BD0123E7
:105250003360002FF9D000233B60F6E79942DCD1A0
:1052600023780C4AD35C13F004030ED1FF2805D831
:105270003360EAE70B2070470B20F8BD042333604E
:10528000002FE2D0FE233B60DFE703233360002FD3
:10529000E1D1DAE7DBBE010804289ABF024B53F8DC
:1052A00020000248704700BF24BA0108D4B10108A9
:1052B0000346406858B142685A600AB10021116043
:1052C0001A68426002B110600022026018607047E4
:1052D0000B680BB14A685A604A6802B113600368F0
:1052E0008B42436808BF02604B6003B11960002322
:1052F0000B604160704700BF70B528B1044600687C
:105300000D46F8F7CDFF10B90124204670BD636843
:10531000002BF9D0002DF7D02868F8F7C1FF00283E
:10532000F2D06E68002EEFD0646832692069D0F840
:10533000883300F52870196802F072F90246206976
:10534000D0F89033D0F88813F8F724FF2069326939
:10535000D0F8883300F528701968F9F77FFE024607
:105360002069D0F89033D0F88813F8F713FF80F055
:105370000104E4B228466400F8F7ECFDC5E700BF7D
:10538000A8B138B50C46A1B10546006820B10A4B5A
:105390001968EAF71DFF40B96B6800206060A060E3
:1053A000E06020611B69636038BD0C2038BD0B20B4
:1053B00070470B2038BD00BF38BA0108014B186890
:1053C000704700BF38BA010884B0F0B583B009ADAA
:1053D00085E80E0030B104462846F8F7ADF908B16B
:1053E000A6682EB10B2003B0BDE8F04004B07047B2
:1053F00000220023C4E90023204B1B68A3600FCDCB
:1054000004F1400CACE80F006F462B68CCF800307C
:105410003846E663E660FFF76BFD97E8030004F1AA
:10542000100383E803000322154816492676F8F78F
:10543000D1FC1348FFF73CFFF0B1134A8368516871
:105440001078636518745961D168D961116919625E
:10545000516992689A615962FBF7DEF903F03CFEEC
:1054600003F068FE636D98620028F9D0002003B055
:10547000BDE8F04004B070470120B4E738BA010835
:1054800008F9002084F8002058F7002070B588B093
:1054900060B10D4651B10446806828B1294B1968A6
:1054A000EAF796FE002840D1AB681BB10B242046DA
:1054B00008B070BD58222146284604F060FB04F174
:1054C000400EBEE80F000DF10C0C6646ACE80F0074
:1054D000DEF80030CCF800303046F8F72DF900281F
:1054E000E4D008AB13E903008DE8030096E80E0052
:1054F000E06BFFF741FBE863E36B03B1F8B11248DF
:10550000FFF7D6FEA8B183686B65626D02F1100CDF
:1055100003F11005BCE80F000FC59CE8070000244C
:1055200085E80700204608B070BD0C24204608B06E
:1055300070BD049B0799E86B98470124B7E70A24DC
:10554000B5E700BF38BA010808F90020002831D0BB
:1055500010B5044696B04030F8F7EEF810B3A068E6
:1055600020B1154B1968EAF733FE08BB134B1968D5
:10557000D9B1626D01E04968B9B18B689A42FAD13C
:105580000E48FFF7A5FE636C216DE06B98476846F7
:10559000FFF786FC58226946204604F0F0FA002006
:1055A00016B010BD0B2016B010BD012016B010BDF6
:1055B0000C20F5E70B20704738BA010808F90020E5
:1055C0002DE9F04383B0002800F0D4800E46002976
:1055D00000F0D080436D0546002B00F0CB80774B68
:1055E00080681F6828B13946EAF7F2FD002840F0CC
:1055F000D380D5E90023724C72497348B760C6E97D
:105600000023EB68B3660122F8F784FB20466F495C
:105610000422F8F7BFFB4FF000086B4884F80D80B8
:10562000FFF746FE002800F0B2808468686D416A8A
:1056300090F810C0D0E906230191006A009004F1AF
:1056400010096146484601F03FFA4FF47A73C4E905
:10565000E33304F5805304F55E72C4E9E1225C494A
:10566000C3F89485C3F89885C3F89C85C3F8A085D2
:105670005848C4E9DA780122F466F8F72BFB56495A
:1056800056480522F8F706FB554956480A22F8F70E
:10569000E1FA554955480122F8F79CFA5449554812
:1056A0000122F8F7B7FA544954480F22F8F752FB91
:1056B000534954480322F8F78DFB534953480422B9
:1056C000F8F7A8FB524953480422F8F7C3FB696D69
:1056D000F06E424600F092FD0746002861D16B6DE6
:1056E00004F528759A6A284604F52271F9F74CFFEB
:1056F000284649492246F9F76BFF284647493A466A
:10570000F9F762FF284646493A46F9F765FF284609
:1057100044493A46F9F764FFB4F89822042392000A
:1057200004F565712846F9F789FFB4F89822C4F8A2
:1057300074030423920004F694312846F9F766FFB7
:10574000C4F878032846F9F773FF04F59C51B4F8C0
:105750009822C4F8800314312846F9F745FFC4F8AD
:105760007C032846FAF78EFC054640B1384603B064
:10577000BDE8F0830B27384603B0BDE8F083484608
:1057800001F0E4F910482146FFF7A2FDF566012774
:10579000384603B0BDE8F0830C27384603B0BDE8B7
:1057A000F083484601F0D2F907482146FFF790FD03
:1057B0003846C6F86C8003B0BDE8F08338BA0108FB
:1057C000181A0120102B0120B840012018F90020E0
:1057D000582A0120FC2A0120901D0120C821012007
:1057E000D8210120482A0120B81C0120801D012059
:1057F000E01B0120A81C0120281A0120CC1B01203D
:1058000084F8002008F9002004F8002074F8002033
:1058100074F70020F4F70020958B01088D8B0108A8
:105820002D8C0108C98C0108174B70B51C68054602
:10583000C06E3CB30026D4E901431A69824218D0F5
:10584000002CF8D188B1D0F888339B78012B14BF95
:105850000A21002100F52870FAF7ECFBE86EF8F752
:1058600019FBE86E103001F071F90023EB66304649
:1058700070BD03F1180000F011F90646E86E002C27
:10588000D9D1DFE72646DDE7FC2A01202DE9F041EA
:10589000044684B024480F461646FFF709FD002849
:1058A0003CD023698568DFF8888003F58053C5E91B
:1058B0000564B3F89605421C0221A3F89625F9F772
:1058C000A5FD3C22286141463846F8F7CFFC10B3CD
:1058D000164F304664223946F8F798FCD8B1206953
:1058E0000623D0F88423CDF80080CDE9017300F5BC
:1058F0002870116863692A69F9F72CFC024620694F
:10590000D0F88C33D0F88413F8F744FC18B128464B
:1059100004B0BDE8F0812846F8F732FB00252846A0
:1059200004B0BDE8F08100BFCC1B0120D4410120B0
:105930003842012038B58469D4B1054620692A6906
:10594000D0F8883300F528701968F9F787FB02460C
:105950002069D0F89033D0F88813F8F71BFC80F05A
:105960000104E4B228466400F8F70AFB204638BD7B
:105970000124204638BD00BF2DE9F04383B0002B41
:1059800063D0064636480F4690461D46FFF790FC0A
:1059900000285AD08468EB6E2361FFF70FFD04F1F5
:1059A0002C09C4E90604C4F820903046EAF770FCDC
:1059B000421C3C2A04F1180544D84846314604F1FB
:1059C000680904F0DCF8C4F824903846EAF760FC73
:1059D000421C3C2A36D83946484604F0D0F82369A0
:1059E00003F580530121B3F894054218A3F89425D8
:1059F000F9F70CFD60613B782F2B28D17B7833BB06
:105A0000184A194833463C2103F00EFE2069164916
:105A1000D0F88423009106210191116862691FFA70
:105A200088F300F52870F9F763FB02462069D0F887
:105A30008C33D0F88413F8F7ADFB18B1284603B0C7
:105A4000BDE8F0832846F8F72BFA0025F6E7074A69
:105A500000963B463C21044803F0E6FDD6E700BF34
:105A6000FC2A01205CAC01087442012080AF0108CF
:105A700091B110B414460A780346084642B13CB1CD
:105A800022782AB121469A6E5DF8044BFFF774BF65
:105A900000205DF8044B704700207047F8B528B32C
:105AA0000746006820B1364B1968EAF791FBE8B960
:105AB0007D68DDB1334B1C68002C5FD00026D4E933
:105AC0000141D1F880309D4213D0002CF7D12E4BEC
:105AD0001C68C4B1D4E901410B6A9D42F9D17C3103
:105AE000384600F0D9FA01280646F2D101263046A0
:105AF000F8BD84313846F8F71BF801280646F5D082
:105B0000002CDCD1E3E7214B1C686CB1D4E90141E6
:105B10008B6F9D42F9D17C31384600F08BF901281A
:105B20000646E3D0002CF1D1194B1C686CB1D4E9C6
:105B300001418B6F9D42F9D17C313846FFF7DCFB88
:105B400001280646D2D0002CF1D128696A69D0F824
:105B5000883300F528701968F9F780FA0246286939
:105B6000D0F89033D0F88813F8F714FB002808BF5A
:105B700002263846F8F794F93046F8BD2646A6E7DF
:105B800038BA0108482A0120C8210120801D0120BF
:105B9000A81C01204368186900F55A70704700BFBF
:105BA0002DE9F041044600688AB00E46154628B13A
:105BB0001E4B1968EAF70CFB002833D1646863694F
:105BC000A76F9B689847D0F804803046D8F810300B
:105BD00098473B6900902269216F03F5287002AB5A
:105BE000FAF7BCFE002328606B6090B1D8F808304B
:105BF00002A93046984794F872303869012B0CD0CE
:105C0000616F00F52870FAF7C7F800200AB0BDE808
:105C1000F08101200AB0BDE8F08100F52870F9F7A5
:105C200023FDF2E70C200AB0BDE8F08138BA010884
:105C30002DE9F0430546006889B00C4690461E46A3
:105C400028B1284B1968EAF7C3FA002846D10EB1EB
:105C500000233370D5F80490F8F71EFA4846F8F799
:105C6000F3F90746B0B38568D5F83838D5F83C283D
:105C7000C4E9082395F837382374B5F8343895F813
:105C80003628E274A4F81130D5F82828D5F82C3835
:105C9000D5F83018E1616261A361D9F814309B68CE
:105CA00098474468D5F8102805F110016846F6F7C2
:105CB000D1FCE368414668469847394604460A489D
:105CC000FFF706FB06B1347084F00100C0B209B0E2
:105CD000BDE8F083012009B0BDE8F0830C2009B0D5
:105CE000BDE8F08338BA0108181A0120F0B505465E
:105CF000006891B00C46164628B1284B1968EAF79F
:105D000067FA002841D1D4E9042306932346079279
:105D100013F8012B6D689B78A1688DF817208DF81A
:105D20001630E268B4F801306068ADF8143002ABA8
:105D300007C36B69AF6FDB689847446830462369D7
:105D4000984700F11803386900932A69296F00F514
:105D5000287008ABFAF702FE10B9012011B0F0BDAF
:105D600002A908A8FBF70AFFA36808A930469847CC
:105D700095F872303869012B0AD0696F00F52870E8
:105D8000FAF70AF8002011B0F0BD0C2011B0F0BDF8
:105D900000F52870F9F768FCF4E700BF38BA01088D
:105DA0002DE9F0410446006888B0884617461D4634
:105DB00020B11E4B1968EAF70BFA78BB0DB100232E
:105DC0002B706468F8F768F92046F8F73DF9064645
:105DD00040B363698468DB6804F5036252E9020139
:105DE000C8E908019847D0F80480D4F8102804F1D5
:105DF00010016846F6F72EFC3946D8F80C30684694
:105E00009847314604460A48FFF762FA05B12C70FC
:105E100084F00100C0B208B0BDE8F0810C2008B0E9
:105E2000BDE8F081012008B0BDE8F08138BA010872
:105E3000181A012070B528B1044600680D46F8F71D
:105E40002FFA10B90124204670BD6368002BF9D0E9
:105E5000002DF7D02868F8F723FA0028F2D06E68F2
:105E6000002EEFD0646832692069D0F8883300F5DD
:105E70002870196801F0D4FB02462069D0F89033ED
:105E8000D0F88813F8F786F920693269D0F888339A
:105E900000F528701968F9F7E1F802462069D0F892
:105EA0009033D0F88813F8F775F980F00104E4B264
:105EB00028466400F8F738F8C5E700BF2DE9F04F31
:105EC0008DB0002800F0D1800F46002900F0CD8071
:105ED0000446006815461E46F8F7E2F9002800F06F
:105EE000C480002D00F0C1802B78002B00F0BD8015
:105EF000002E00F0BA805E48D4F80490FFF7D8F97D
:105F0000002800F0B2808468C4F88040FFF756FA99
:105F100004F1980AE067C4F884A02846EAF7B8F9C3
:105F200001303C2804F17C0800F29880514A2B464D
:105F30003C21504603F078FB3146C4F820905022B3
:105F400004F1280003F01BFE4B493846F8F7B6F978
:105F5000002800F083804268A261002A7ED0294692
:105F600033464846FFF792FCE06100287AD0D9F822
:105F7000103003F580530421B3F89C05421CA3F8AC
:105F80009C25F9F743FA2061D9F810000625D0F8CE
:105F90008433009519682269D9F8143000F5287007
:105FA000F9F73AF90246D9F81000D0F88C33D0F856
:105FB0008413F8F7EFF8002850D0D9F8103003F523
:105FC00080532946B3F89E05421CA3F89E25F9F795
:105FD0001DFA08AFD9F810A0E36960613146384670
:105FE000DAF884B30593F8F7F5F8039597E803001A
:105FF000059B0190ADF808101B690093D4E90432A9
:10600000DBF800100AF52870F9F79AF90246D9F87A
:106010001000D0F88C33D0F88413F8F7BBF8E8B14F
:10602000337AD9F81000022B0CBFD0F88033D0F8A7
:10603000743307934FF6FF710022CDE90A120AABC1
:10604000D0F8841300936269079B096800F52870F3
:1060500001F0AEFA40460DB0BDE8F08FE06908B13E
:10606000F7F78EFF4046F7F749FF4FF00008F1E7DA
:10607000C82101205CAC0108D8AB010808B5034673
:1060800040B1084631B159685022283103F077FDFC
:10609000002008BD0B2008BD2DE9F04128B10446C1
:1060A00000680D46F8F7FCF818B901242046BDE851
:1060B000F0816368002BF8D0002DF6D02868F8F73F
:1060C000EFF80028F1D06C68002CEED0266A6269E7
:1060D0003069D0F8883300F52870196801F0A0FA0B
:1060E00002463069D0F89033D0F88813F8F752F8A8
:1060F000E069FFF71FFC236A62691869D0F88833EA
:1061000000F528701968F8F7A9FF236A226980460C
:106110001869D0F8883300F528701968F8F79EFFE1
:10612000074630694246D0F89033D0F88813F8F724
:1061300031F8044630693A46D0F89033D0F88813E5
:10614000F8F728F8044084F00104E4B2284664001B
:10615000F7F7D4FEAAE700BFF0B50446006889B09F
:106160000F46154628B1234B1968EAF731F8002885
:106170003DD16468FDB100232B70F7F78DFF2046F9
:10618000F7F762FF0646E8B181686846D1F8102843
:106190001031F6F75FFAA3693946DB68684698471D
:1061A000314604461448FFF793F82C7084F0010040
:1061B000C0B209B0F0BDF7F76FFF2046F7F744FF14
:1061C000054610B9012009B0F0BDA9686846D1F8AC
:1061D00010281031F6F73EFAA3693946DB686846A5
:1061E0009847294604460448FFF772F8DEE70C207A
:1061F00009B0F0BD38BA0108181A012008B508B175
:1062000000F1100239B14969104600F06BFC80F0D2
:106210000100C0B208BD044B1046596800F062FC92
:1062200080F00100C0B208BD58F700202DE9F0430E
:1062300089B00746129C0E4698469146002A00F007
:106240001E81002C00F0EF80B54B0FCB04AD85E82C
:106250000F008DE80F0094E80F00FEF76DFE002898
:1062600000F01B814FF0FF35F7F716FFAD4B1C68B0
:106270004CB123460021D3E9013202F5805282F865
:10628000A415002BF7D1B9F1000F11D0D9F80010E7
:1062900071B1D9F804C0002301205CF82320926F6B
:1062A0001269013302F58052994282F8A405F4D1B3
:1062B000B8F1000F00F00981D8F80010002900F0B3
:1062C0001681D8F804C0002301205CF82320926FC7
:1062D0001269013302F58052994282F8A405F4D183
:1062E000002F00F01481396871B1D7F804C0002381
:1062F00001205CF82320126A1269013302F58052F2
:10630000994282F8A405F4D144B322460023D2E98D
:10631000012101F5805191F8A4150B44DBB2002A4C
:10632000F5D1002B75D06A1C0DD007EE905AF8EE0F
:10633000E76A07EE903AF8EE677A86EEA77AFDEE06
:10634000C77A17EE905AA06800F5805393F8A435E9
:10635000002B40F08A806468002CF4D1B9F1000F62
:1063600000F0C380D9F8005085B100242546D9F843
:10637000043053F82400F7F767FE00286DD0D9F8F1
:1063800000300134A3424FF00105F0D8B8F1000FFE
:1063900012D0D8F80010002471B1D8F8043053F8A6
:1063A0002400F7F751FE002847D0D8F80030013418
:1063B000A3424FF00105F0D87FB13B68002463B1E0
:1063C0007B6853F82400F7F73FFE00283DD03B6878
:1063D0000134A3424FF00105F2D8A6B1346894B15C
:1063E00000231F4604E040F8232001339C420AD0DA
:1063F000706850F823100A7C002AF4D001339C42C4
:106400000F741546F4D185F00100400009B0BDE8D5
:10641000F083A068002100F52870F9F783FC646818
:10642000002CF6D19AE7F7F737FE3E4B1C684FF089
:10643000FF35002C7FF41DAF28E7D8E9003242F881
:10644000240001349C42A8D3B6E7D7E9003242F8D1
:1064500024000134A342B3D8BFE7D9E9003242F89F
:1064600024000134A34282D890E7294600F5287021
:10647000F9F772FC6468002C7FF465AF6EE7F3B146
:10648000002C7FF4E1AEF7F707FE264B1C684FF0B7
:10649000FF35002C7FF4EDAE0AE794E80F00FEF71D
:1064A0009FFD214A0023EAF7A9FAB0F1004F71F1EC
:1064B00000010546FFF6D8AE6FF00045D4E600288F
:1064C000DED10029DCD10846A0E7002F7FF40BAF16
:1064D000002C7FF41AAFB9F1000F27D0D9F80030A3
:1064E0002546002B7FF441AF77E74D464EE7002F5E
:1064F0007FF4F9AE002C7FF408AFB9F1000F15D08E
:10650000D9F80030002B7FF430AF002543E7002C92
:106510007FF4FBAEB9F1000F7FF424AFF5E700BFC5
:1065200050AA0108B840012040420F004D4654E7F0
:1065300008B50348FEF7BCFE08B18068103008BDFE
:1065400074F8002008B5084B196811B90AE04968C9
:1065500041B18B6810339842F9D10348FEF7B8FE79
:10656000002008BD012008BD74F80020054B1B6801
:1065700023B1986800F52870F9F76CB80020002165
:10658000704700BFB8400120004870474C0B002006
:1065900070B5154E35780DB1144870BD284600F021
:1065A00089F90C3007C8124C84E80700284600F02F
:1065B000B7F90C3007C804F1180383E80700284630
:1065C000F8F71EFA0C3007C804F1300383E807001F
:1065D000284600F0FBF80C3007C84834012384E853
:1065E00007003370014870BD654301206CBA010893
:1065F0003C100020F8B5264D2F780FB12548F8BD86
:10660000254E264C0FCE0FC40FCE0FC4336826463E
:10661000384646F8043B00F059F98446BCE80F00C0
:106620000FC6BCE80F000FC63846DCF800303360F8
:1066300000F082F98446BCE80F0004F128060FC67A
:10664000BCE80F000FC63846DCF800303360F8F7BE
:10665000E3F98446BCE80F0004F14C060FC6BCE821
:106660000F000FC63846DCF80030336000F0C6F883
:10667000012384462B70BCE80F0070340FC4BCE8C3
:106680000F000FC4DCF8003002482360F8BD00BFE3
:10669000644301203CBA010848BA0108B042012015
:1066A000D8B3F8B5044600F0D5F890B104F1180558
:1066B000284600F061F958B304F180063046F8F737
:1066C000CBF9B8B104F1E0073846F8F7C5F930B3B3
:1066D000F8BD204600F0DEF804F1180000F060F983
:1066E00004F18000F8F7BCF904F1E000F8F7B8F91C
:1066F0000020F8BD204600F0CDF8284600F050F903
:106700003046F8F7ADF904F1E000F8F7A9F9EFE742
:10671000204600F0BFF82846E0E7002070472046FA
:1067200000F0B8F8284600F03BF93046F8F798F941
:106730003846F8F795F9DBE788B110B5044600F064
:10674000A9F804F1180000F02BF904F18000F8F723
:1067500087F904F1E000BDE81040F8F781B970470F
:106760000048704798130020034B1A780AB9012299
:106770001A700248704700BF8D430120C0BA01085B
:10678000094B1A786AB930B4084D094C01221A70C5
:106790000FCD0FC40FCD0FC42B680648236030BC4B
:1067A00070470448704700BF8C4301209CBA010821
:1067B0006843012090BA0108003818BF01207047D3
:1067C000704700BF004870473015002010B5084CD6
:1067D000207808B1074810BD00F06CF80C3007C8ED
:1067E000054B83E8070001230248237010BD00BF5A
:1067F000D943012014BB0108A816002000487047A7
:10680000F0BA0108F8B50F4E37780FB10E48F8BD51
:106810000E4D0F4C0FCD0FC40FCD0FC42B6844F895
:10682000043B384600F052F8012384463370BCE83C
:106830000F000FC4BCE80F000FC4DCF800300248A2
:106840002360F8BDD8430120E4BA0108F0BA01087A
:1068500090430120D8B138B5044600F057F830B164
:1068600004F10805284602F0A1FA48B138BD2046D7
:1068700000F050F804F1080002F0B2FA002038BD30
:10688000204600F047F8284602F0AAFAF6E7002072
:10689000704700BF48B110B5044600F03BF804F162
:1068A0000800BDE8104002F09BBA704700487047EE
:1068B0008C170020034B1A780AB901221A7002487B
:1068C000704700BF0144012068BB010800487047C1
:1068D00044BB0108094B1A786AB930B4084D094C19
:1068E00001221A700FCD0FC40FCD0FC42B680648BC
:1068F000236030BC70470448704700BF004401204B
:1069000044BB0108DC43012038BB0108003818BF34
:1069100001207047704700BF00487047181A0020D8
:10692000034B1A780AB901221A700248704700BF57
:1069300029440120BCBB01080048704798BB0108EE
:10694000094B1A786AB930B4084D094C01221A7003
:106950000FCD0FC40FCD0FC42B680648236030BC89
:1069600070470448704700BF2844012098BB0108C5
:10697000044401208CBB010860B19FED077B00221D
:106980000023C0E90023C0E90223C0E9042380ED0D
:10699000067B0120704700BF000000000000F03FB0
:1069A000704700BF38B5054608460C46E9F770FC4D
:1069B0002146421C2846BDE83840F8F7F3BA00BF2C
:1069C00000B583B001ABF8F7FFFA03B05DF804FB44
:1069D000014B1878704700BF2A4401202DE9F04F81
:1069E00089B0934690F8002204910021D0F87452A7
:1069F000059304468DF81E1032B300F2022A0DF101
:106A00001F090DF114080DF11E074FF4007604E084
:106A1000059B002B10DDD4F87452CDE90289CDE935
:106A20000067234622462946504601F0F9F800281F
:106A3000EED09DF81E30A3B10E4B9DF81F201A70AA
:106A4000002009B0BDE8F08F0DF11F020092014651
:106A50004FF40072A8470028EED09DF81E30002B9E
:106A6000EAD1049BCBF8000001201C6009B0BDE80E
:106A7000F08F00BF2A44012070B590F80052D0F882
:106A8000704286B0164665B90DF11703A04708B1EC
:106A9000B04214D00B4B9DF817201A70002006B09E
:106AA00070BD0DF1170202920022CDE900620B4683
:106AB0000246214600F2022000F0D4FEE7E7012062
:106AC00006B070BD2A44012010B4019CC0F8704289
:106AD000C0E99A23029B80F800125DF8044BC0F8CD
:106AE0007432704738B5D0F8683203B3D0F86C22EE
:106AF0000446E2B1D0F87022CAB1D0F87422B2B123
:106B0000C0F88C129847054688B194F800328BB9CA
:106B10000B490C4B0C4AC4F880324FF40073C4E9A3
:106B20009E41C4F88422A4F88832284638BD002546
:106B3000284638BD002104F2022000F08DFEE7E770
:106B4000796A0108DD690108D1690108D0F86C3261
:106B5000184700BF4FF6FF73038070474FF6FF736F
:106B60000380704738B5044600880D4600F05EFE8D
:106B70000346002B4FEAD070B8BF258038BD00BF58
:106B800070B505460C462B68096820896268B2FB1F
:106B9000F0F25B1AB3FBF2F301339BB2B3FBF0F6F6
:106BA00000FB16339BB202FB03F3181D0844267D3D
:106BB00050F8042C16B1002640F8046C032A01D8C2
:106BC000012070BD0833194428462B69043AF5F7B3
:106BD00039FD284602492246F5F710FD002070BD18
:106BE000816B010800B5C0E900124FF0000E019A58
:106BF0000381026180F814E0D3B1C1F800E0B0F87D
:106C000008C0BCF1010F13D90123B3FBFCF10CFB4D
:106C1000113189B24268B2FBFCF201FB02F2016859
:106C200041F802E00133B0F808C09BB29C45ECD8B3
:106C30004FF0FF33C3605DF804FB00BF0189E9B189
:106C40004FF0000C00B56346E646B3FBF1F201FBE2
:106C500012339BB24268B2FBF1F203FB02F203680B
:106C600043F802E00CF1010C01891FFA8CF3994200
:106C7000EBD84FF0FF33C3605DF804FB4FF0FF33F8
:106C8000C36070472DE9F04104460D4601898089B3
:106C900090461F4600F0C2FD29460646A08900F036
:106CA000C5FD00280ADB0026E089294600F0BEFD6C
:106CB0000028B8BFE5813046BDE8F081304629465E
:106CC00000F0B4FD0028EEDB23694046984701211F
:106CD0000646A08900F0A2FD0EB9854246D0218962
:106CE000B5FBF1F201FB125292B263682068B3FB6C
:106CF000F1F302FB03F30433184450F8043C002B77
:106D0000D1D141463A4602F03AFF2189B5FBF1F272
:106D100001FB125292B26368B3FBF1F302FB03F37F
:106D20002268D750069A01231370002EBBD0A68983
:106D30000121304600F072FD2189B0FBF1F201FB28
:106D4000120292B26368B3FBF1F3064602FB03F34F
:106D500020680433184450F8043C002BA3D0236966
:106D60009847022805D00128E2D09CE7069BA58120
:106D70001E70012698E700BF2DE9F04704460F4634
:106D800080890121904600F049FD2189B0FBF1F294
:106D900001FB120292B263682668B3FBF1F302FBB7
:106DA00003F304331E4456F8049CB9F1000F23D0BA
:106DB0002369054630469847824600B3B4F80CA0D4
:106DC0000121504600F02AFD2189B0FBF1F28246F4
:106DD00001FB1202D4E9000392B2B3FBF1F302FB10
:106DE00003F30433184450F8043C2BB1236998474B
:106DF00002281BD00128E3D00020BDE8F0874A46D6
:106E000031463846F5F726FC2189B5FBF1F201FB46
:106E1000125292B26368B3FBF1F302FB03F32268F0
:106E200042F803A0A5810120BDE8F08706EB080128
:106E30002689B5FBF6F006FB105080B26368B3FB01
:106E4000F6F300FB03F320680025C550A9EB080208
:106E50003846F5F7FFFB034922463846F5F7CEFBE7
:106E60005546DFE7816B010838B511460446C089F5
:106E7000154600F0DBFC0028B8BFE58138BD00BF37
:106E80002DE9F8430389858904460E46002B48D036
:106E90002846012703E0674543D2A0890137B9B2EC
:106EA00000F0BCFCB4F808C0B0FBFCF2D4E900135D
:106EB0000CFB120292B2B3FBFCF302FB03F3CB58C0
:106EC000002BE8D130800121E58900F0ABFC0146C0
:106ED000284600F0A7FC05460746F8B14FF0000928
:106EE0004D464FF001081FFA89F1308800F096FCFA
:106EF0002189B0FBF1F303FB1100D4E9002380B238
:106F0000B3FBF1F300FB03F308FA09F1D35809F1DD
:106F100001090BB929438DB24F45E4D12846BDE89C
:106F2000F8832846CEE700BF4FF6FF7CC0E9013268
:106F300001600373A0F80EC0704700BF027B42607F
:106F40004FF6FF73C3817047F0B5044683B04068C5
:106F50000D461646F9F740FC63681844A3684219C9
:106F600093422CBF0127002702D2384603B0F0BD60
:106F70000090216830460023F5F75AFB63683846D5
:106F80002B44636003B0F0BD2DE9F04104461D467B
:106F90004068237B98428CBF0126002602D83046E9
:106FA000BDE8F0818846E0890121174600F036FCF3
:106FB0002368E0812880C8F8003063683B60237B49
:106FC00063603046BDE8F08138B50C460368096857
:106FD000B4F808C06268B2FBFCF25B1AB3FBF2F3D0
:106FE00001339BB2B3FBFCFE0CFB1E339BB202FBD6
:106FF00003F394F80CC0CA586344A2EB0C020833A4
:1070000005461944043A0369F5F71CFB2846034971
:107010002246F5F7F3FA002038BD00BFC96F01081A
:1070200010B49DF804C00381C0E9001280F80CC0C0
:10703000D3B1C1F800C0B0F808C0BCF1010F13D93A
:107040000123B3FBFCF10CFB113189B242680468E7
:10705000B2FBFCF201FB02F2017BA1500133B0F85C
:1070600008C09BB29C45ECD84FF0FF326FF0004354
:10707000C0E9062305495DF8044BC0F80E104FF631
:10708000FF72002342820384704700BF0000FFFFAD
:107090000189B1B14FF0000C6346B3FBF1F201FB83
:1070A00012339BB24268B2FBF1F2016803FB02F2B9
:1070B000037B8B500CF1010C01891FFA8CF3994270
:1070C000EBD84FF0FF326FF00043C0E906230449CC
:1070D000C0F80E104FF6FF720023428203847047FF
:1070E0000000FFFF2DE9F04F044691B00089E789C9
:1070F00023680492B7FBF0F200FB127292B265684B
:10710000B5FBF0F505FB0232043252F804AC94F8FA
:107110000CB003928846A5F10409002800F04381D1
:1071200000210E468AB2B2FBF0FC00FB1C2292B298
:1071300005FB02F201319A585A4504BF0136B6B236
:107140008142EFD1504604210596F5F787FA824433
:107150000AEB08024A4540F2CA80227B42444A4573
:1071600040F2B280CBF57F42FC321FFA89F31A4419
:1071700092B206FB02FBC34505920692C0F0B380B3
:107180000AF104024A4580F0DB80A3F1040BABEB6B
:107190000A0B059B1FFA8BFBA8EB0B08B8FBF3FC53
:1071A00003FB1C831FFA8CFC002B40F0C180B4450C
:1071B00000F299800DF12008BCF1000F40D0CDF80D
:1071C0001CA00026DDF814A005950DF120086546E9
:1071D00000E0D3462189B7FBF1F201FB127292B2B3
:1071E0006368B3FBF1F3216802FB03F30433194432
:1071F000404651F8042C009200234A46F5F718FA4D
:107200005A4600230D214046F9F7A6FAB4F808C003
:10721000B7FBFCF20CFB127292B26368B3FBFCF397
:1072200002FB03F32268384642F80390012100F084
:10723000F5FA0136AE420746CBD1DDF81CA0059D1C
:107240002089B7FBF0F100FB117189B26368B3FBD1
:10725000F0F301FB03F32168043319444A4651F863
:10726000040C009000234046F5F7E2F94046DDF8B3
:10727000188002231FFA88F20D21F9F76DFA26898A
:10728000039B207BA5F108020AF10401B7FBF6F588
:1072900006FB15750B44ADB2194604306368B3FBA9
:1072A000F6F305FB03F325684044E850049DA2EB88
:1072B0000A022846F5F7CEF93C4922462846F5F75A
:1072C0009DF9E78101200FE00121E08900F0A6FA95
:1072D00021890546608A00F0A1FA0146284600F09F
:1072E000A5FA002845DD002011B0BDE8F08F218906
:1072F000608A059200F092FA0146384600F096FA4C
:107300000028059AEFDC2689B7FBF6F506FB157514
:10731000ADB263682468B3FBF6F305FB03F3DDE964
:107320000310E2500023CDF800A0F5F781F9C9E77A
:107330000CF1010C1FFA8CFCB4450693D3D839E745
:1073400038460121079300F069FA218962680746EF
:10735000B0FBF1F001FB107080B2B2FBF1F12268DA
:1073600000FB01F104315318039353F804AC079B5D
:107370000BE72189B5FBF1F201FB125292B263686F
:10738000B3FBF1F32168049802FB03F30433227B7F
:107390001944424441F8042C237B00930023F5F761
:1073A00047F9E5818EE70646CCE600BFC96F0108C4
:1073B000F8B504460F46008A012115461E4600F026
:1073C0002DFA30802289B0FBF2F302FB130C1FFA76
:1073D0008CFC6368B3FBF2F30CFB03FC2368E189CC
:1073E0000CF1040C63443B602368634453F8043C91
:1073F0002B6000F01BFA002801DD0020F8BD237B84
:107400002A689A42F9D9618A208A00F00BFA238906
:107410008342F2D03088E3892082984201D0012053
:10742000F8BD012100F0FAF9E081F8E770B5018AB2
:107430000446408A15461E4600F0F8F9002807DB8E
:107440004FF0FF356FF00046C4E90656002070BDCE
:1074500094F8203053B9012384F8203064354FF07C
:10746000000046F10006C4E9065670BDD4E90612D4
:107470008D4276EB0202F1DB0133643584F8203073
:107480004FF0010046F10006EDE700BF408A70476B
:107490002DE9F04190F82180B8F1000F04D14FF0B0
:1074A00000084046BDE8F08104460E46188817469D
:1074B0001D4619E021892888B0FBF1FCD4E900328F
:1074C00001FB1C0C1FFA8CFCB2FBF1F202FB0CFC62
:1074D0000CF1040C634433602368634453F8043CA8
:1074E0003B60227B9A42DCD1012100F097F9288091
:1074F000218A00F09BF90028DCDD002384F821308C
:10750000CDE700BFF8B504460E461046012100F055
:1075100089F9618A00F086F9C0B10546002701218A
:10752000608A00F07BF9B4F808C0B0FBFCF1D4E944
:1075300000230CFB110189B20137B3FBFCF301FB03
:1075400003F3BD42217B6082D150E8D1003E4FF071
:10755000000318BF012684F8203084F82160F8BDAC
:10756000018A408A08B500F061F9B0FA80F040095C
:1075700008BD00BF0189C1B130B50022436805686C
:10758000047BB3FBF1FE104693B2B3FBF1FC01FBAD
:107590001C339BB20EFB03F30132EB589C4204BF39
:1075A000013080B29142EFD130BD0846704700BF34
:1075B00030B595B0CDE90421189D8DF81C3000221E
:1075C000002D14BF0121114604468DF81D208DF8B1
:1075D0001E208DF8241021D02A686B68CDF8262053
:1075E000CDF82A30102208230021CDE900312046B1
:1075F00005990CABF8F72CFE18B90446204615B0D7
:1076000030BD049906AA2046F8F75CFF06A9044697
:107610000CA8FAF713FA204615B030BD0822E2E7AD
:1076200010B594B0002301930592ADF81C300122EF
:107630008DF81E30CDF82630CDF82A3008238DF88D
:107640002420009310220CAB0446F8F701FE18B971
:107650000446204614B010BD059906AA2046F8F746
:1076600031FF06A904460CA8FAF7E8F9204614B041
:1076700010BD00BF2DE9F04395B0BDF8787013B18F
:1076800015B0BDE8F0830C461646D1E901211D4630
:107690001C9B0493521A1D9B059380460CA89DF8D1
:1076A0007690F4F7D7FFD4E906120CA8F4F7A6FFFA
:1076B000E3695BB3B9F1070F1D7543D0B9F1080F4A
:1076C00032D0B9F1060F08D001221A753146204692
:1076D000F5F710F815B0BDE8F083D8F88850002D04
:1076E000F2D00CABCDE9003606238DF81630D8F871
:1076F0008C3002933A46DDE904314046A847E369FD
:10770000012288F8B420002BDED1DFE7B9F1070FA2
:1077100032D0B9F1080F2AD0B9F1060FD6D1D8F876
:107720008850002DDDD1D1E7D8F8A420002ACBD095
:1077300006A90CA8109DFAF747FA28BBE369002BAD
:10774000C2D1C3E7D8F8AC206AB106A90CA8109D35
:10775000F9F728FF00283AD1A268E3693244A26011
:10776000002BB1D1B2E7A2683244A260ACE7D8F8EE
:10777000A430002BDCD1A9E7D8F8AC30002BE4D141
:10778000A3683344A360A1E7DDE90D21109B521AE1
:10779000ED1A0CA8F4F75EFF3544D4E906120CA8E4
:1077A000F4F72CFFADB20CAB0093019508218DF8D6
:1077B0001610D8F8A810029106ABD8F8A450059975
:1077C0003A464046A847012388F8B430B6E7DDE9D9
:1077D0000D21109B521AED1A0CA8F4F73BFF35440B
:1077E000D4E906120CA8F4F709FFADB20CAB009374
:1077F0000195BDF8183007218DF81610D8F8B01093
:1078000002915BBA9BB2D8F8AC5005993A46404613
:10781000A847012388F8B4309EE700BF084480B22F
:10782000704700BF401A80B2704700BF884210D036
:1078300007D2091AB1F5004FB4BF4FF0FF30012055
:107840007047411AB1F5004FCCBF4FF0FF30012017
:1078500070470020704700BF00234170037083858C
:10786000704700BF2DE9F04F90F801C017467E2207
:1078700085B080F83820ACF17D02012ADDF838B0FF
:107880009DF83C50DDF8408004460E469A4640F292
:107890002E81032002214FF00509042286460B4663
:1078A00084F839C0A5F17D0CBCF1010F84F8623079
:1078B000214440F2108181F838505FFA8BFCCBF301
:1078C0000721ACF17D0EA1F17D05BEF1010F84F819
:1078D0006200EDB24CD92044012D80F838C084F804
:1078E00062205DD9A0180132D2B280F8381084F835
:1078F0006220BBF1000F00F008814FF0000C6146E0
:10790000DE46E346D4468A46DFF808921CF80A3081
:10791000A3F17D0101291BD9292A4ED8A1180132D2
:1079200081F83830D2B28BEA0303DBB284F86220EC
:1079300039F813300AF1010A83EA1B2BD6455AD9CC
:107940001CF80A3094F86220A3F17D010129E3D8E4
:10795000511CC9B2292930D8A1184FF07D0002323C
:1079600081F8380083F02000D2B281F83900DAE7DC
:1079700004EB000E8CF0200C821C8EF839C0D2B2C1
:107980004FF07D0C012D8EF838C084F8622007D9A5
:107990002244033082F83810C2B284F86220ACE787
:1079A000A01881F02001023280F83910D2B27D2176
:1079B00080F8381084F862209FE7CDE900BA0025EE
:1079C000E246F34600E090B105F13801521B434610
:1079D00021443846B04794F8622005449542F2D3DA
:1079E000D446DE46DDF804A0DDF800B06FD00020FC
:1079F00005B0BDE8F08FDC4694F86220ADF80CC00D
:107A0000F3465FFA8CFCACF17D03012B4FF00009CB
:107A10004FF07D0A30D9292A1CD9002501E0002821
:107A2000E5D005F13801521B434621443846B047A2
:107A300094F8622005449542F1D3D8D109F110039E
:107A40006B44002213F804CC84F86220ACF17D036F
:107A5000012B11D9A3180132D2B283F838C084F8AF
:107A60006220B9F1000F19D19DF80DC0ACF17D0372
:107A7000012B4FF00109CED8531CDBB2292BCCD8F7
:107A8000A31802328CF0200CD2B283F839C083F8EC
:107A900038A084F86220B9F1000FE5D0002501E09C
:107AA0000028A4D005F13801521B43462144384632
:107AB000B04794F8622005449542F1D397D1002352
:107AC0001FFA8BF084F8623005B0BDE8F08F002318
:107AD00084F8623032E7A64485F020054FF07D0C33
:107AE000104681F838C04A468EF83850E5E68CF0EA
:107AF000200C80F83AC0032104204FF0060905222B
:107B000086460B464FF07D0CCAE6ADF80CB0DC465D
:107B100079E700BFE0BB01082DE9F04F044683B0D0
:107B20001F46DDF834B089469246F8F75BFE94F8BC
:107B30002C3094F82D60B342804662D01CD8751E5C
:107B4000ED1AEDB200265D451FD8AB195B4584BF29
:107B5000ABEB050B5FFA8BF6E5B94FF0000BF8F7CE
:107B600041FE3B68A0EB08015B1A584623EAE37329
:107B70003B6003B0BDE8F08F002E4AD0C3F12A036A
:107B8000DDB2013E5D45F6B2DFD95FFA8BF5002626
:107B9000002DE2D094F82C1002310C9B00933B682E
:107BA00021442A465046C84794F82C301B4A0344C7
:107BB00059088346A2FB010189082A2202FB1131E0
:107BC00084F82C10BBF1000FC7D0AB45C7D1002EF5
:107BD000C5D00C9B0093023132462144002350460D
:107BE000C84794F82C300D4A03445908A2FB0121E0
:107BF00089082A2202FB113300EB050B84F82C3094
:107C0000ADE70026BBF1280FA685BED929250221A4
:107C1000C3E7C3F12903DDB295E700BF310CC330E0
:107C20002DE9F04F1D4690F82CC090F82D3085B00E
:107C30009C45DDF844B004460F46164600F0AE8180
:107C400000203946002838D18A462378072BFDD8F2
:107C5000DFE813F03B011601F000CD00A0005A0050
:107C60003700080094F82C0094F82D20904200F082
:107C70006781A318571CC74993F802C07B08A1FB72
:107C800003839B084FF02A0808FB1373BCF17D0F98
:107C9000DFB200F0B281BCF17E0F84F82D7000F0ED
:107CA00020826146A38EE28E03EB01239BB200216A
:107CB0009A42A386217000F09881002005B0BDE8AB
:107CC000F08F94F82C7094F82D20974200F04881A2
:107CD000A31802F1010CAF4998784FEA5C03A1FBAD
:107CE00003839B084FF02A0808FB13C37D285FFA23
:107CF00083FC00F094817E2884F82DC000F000827F
:107D00000723A0862370A0E7638E278E9F4240F250
:107D10006481DFF88092CDF80CA02A211FE09AF848
:107D200002E0BEF17D0F00F0EA80BEF17E0F84F824
:107D30002DC000F0428105F803E0E08E638E964F7F
:107D400080EA0E02D2B2013337F81220278E9BB29E
:107D500082EA1022BB426386E28680F0E78094F8D4
:107D60002D0094F82C8000F1010C4FEA5C0EA9FB69
:107D70000EE2920801FB12C2804504EB000A5FFA92
:107D800082FCCCD1BB42DDF80CA040F02881062358
:107D900023705AE794F82C7094F82D20974200F045
:107DA000CF80A31802F1010C7A4998784FEA5C035E
:107DB000A1FB03839B084FF02A0808FB13C37D280F
:107DC0005FFA83FC00F03D817E2884F82DC000F02E
:107DD0008881238E0E9903EB00239BB200228B42F5
:107DE00023866286E28640F2F580227065E794F889
:107DF0002C7094F82D20974200F0B280A31802F165
:107E0000010C644998784FEA5C03A1FB03839B084B
:107E10004FF02A0808FB13C37D285FFA83FC00F0AB
:107E20003B817E2884F82DC000F06A8104232086DF
:107E300023700AE794F82C7094F82D20974200F0F4
:107E4000C480A31802F1010C524998784FEA5C03F0
:107E5000A1FB03839B084FF02A0808FB13C37D286E
:107E60005FFA83FC00F02B817E2884F82DC000F09F
:107E70005581637883420CBF032300232370E4E61B
:107E800094F82C0094F82D200023904284F82E3092
:107E90006BD0A31802F1010C3E499F784FEA5C03B6
:107EA000A1FB03839B084FF02A0808FB13C37D2F17
:107EB0005FFA83FC00F0D8807E2F84F82DC084F810
:107EC0002E7052D002232370BFE694F82C8094F8D1
:107ED0002D2030494FF02A0C04E0BB7884F82D2087
:107EE0007E2B2AD0501C4308A1FB03E39B080CFB0C
:107EF0001300904504EB0207C2B2EED1DDE602307A
:107F00004FEA500E04EB020AA9FB0EE29208E0458C
:107F100001FB12003FF436AF9AF802E084F82D001E
:107F2000BEF17E0F49D08EF0200E04E7DDF80CA0E4
:107F30003FF42DAFBEF17E0F51D10123237084E6B3
:107F40005146CDF800B001230193109B03913246B6
:107F50002046FFF7E1FDB0FA80F00399400971E691
:107F60005146CDF800B00223EEE704230193CDF88B
:107F700000B0109B324651462046FFF7CDFD002849
:107F80007FF463AE94F82E007E38514618BF01206E
:107F900058E600BF310CC330E0BB01080523019354
:107FA000CDF800B0109BFFF7B7FD94F82C2094F8A3
:107FB0002D309A423FF481AE42E6BB42DDF80CA080
:107FC0003FF4E5AE012323703FE65146CDF800B003
:107FD0000323B9E70523237037E63FF4D8AEFB1A35
:107FE0000233CDE900B35146AFE70F9A94F82E3033
:107FF0001370208E05B0BDE8F08F8742A0D02344D7
:10800000023298785308A1FB03E39B0808FB132274
:108010007E2884F82D2064D080F0200142E6BC4503
:108020009ED02344023298785308A1FB03E39B08B7
:1080300008FB13227E2884F82D2061D080F02000D8
:108040005EE667453FF47CAF2344023298785308DC
:10805000A1FB03E39B0808FB13227E2884F82D2054
:108060003FD080F02000B4E660453FF47EAF23446B
:108070000232987884F82E005308A1FB03E39B0892
:1080800008FB13227E2884F82D203FF46EAF80F089
:10809000200084F82E0015E767453FF461AF2344C4
:1080A000023298785308A1FB03E39B0808FB1322D4
:1080B0007E2884F82D2023D080F02000B6E6BC4531
:1080C00083D02344023298785308A1FB03E39B0832
:1080D00008FB13227E2884F82D201FD080F020007A
:1080E000C7E60127109BCDF800B0019732465146F4
:1080F0002046FFF711FD00287FF4A7AD2770A4E507
:10810000CDF800B0022301933246109B5146204621
:10811000FFF702FD00287FF498AD0EE7CDF800B020
:108120000323F0E730B583B000230193C0B10446C8
:1081300001A91848FCF7EAFB10B1012003B030BDDB
:10814000019D2B7823B903232370002003B030BD99
:1081500011492846E8F73CF828B901232370F4E7D1
:108160000B2003B030BD0D492846E8F731F868B15F
:108170000B492846E8F72CF80028E4D0094928469E
:10818000E8F726F810B904232370DEE702232370F2
:10819000DBE700BFD8B20108F8B20108FCB2010861
:1081A00008B3010810B3010804289ABF024B53F822
:1081B00020000020704700BFE0BD01082DE9F04716
:1081C0008CB00023049300284ED00D4600294BD0DC
:1081D000044604A92D48FCF799FB18B101200CB006
:1081E000BDE8F087049B002BF8D005AF384600F0BF
:1081F00033FC05F10803039793E807008DE80700B7
:10820000049895E80C003B2100F074FB0028E5D1B0
:1082100005992A46204600F08DFC064690BBDDF805
:108220001490B9F1000F26D0DDF818A080465AF856
:1082300026502846E8F72CF8FF2829464FEA06255D
:1082400016D860684FF4807200EB062001F084FBC2
:108250006368DDF8149001362B444E4583F8FF80A7
:1082600009D2DDF818A0E2E70B200CB0BDE8F087DA
:1082700001364E45DBD3384600F02EFC003818BFDF
:108280000120ACE7F9F79AFDA9E700BF20B3010888
:1082900030B583B000230093F0B10446694612481C
:1082A000FCF734FB024608B1012004E0009808B155
:1082B000037813B9002003B030BD01A9019201F089
:1082C0001BF8054658B1431C04D101F023FC036898
:1082D000222BE9D02560EDE70B2003B030BD019BD8
:1082E0001B78002BF6D0DFE700B401082DE9F04F32
:1082F0008BB00693002800F0AD800E46002900F0F8
:10830000A9801746002A00F0A580002B00F0A2806B
:10831000199B002B00F09E80002209A9804600F0E6
:10832000F7F90546002840F09680099B002B40F0A5
:108330009A80024609A93046FCF762FF002840F007
:108340008E80099A002A40F0938009A93846FCF7EC
:1083500039FF002840F08380099D002D40F0F48013
:108360007B21404601F0D9FA98F800302F2B0446C3
:1083700000F09F807E2B40F0E9803846E7F788FFC9
:10838000824A834B012808BF13460293189B00932F
:10839000CDE9037608F1010305934FF400630193DF
:1083A00014AB0FCBFCF7CAFA8246002800F0D1804C
:1083B000002C00F085807B2101F0AFFAD146044605
:1083C00007954D46002C00F0A0807D21284601F045
:1083D000A4FAA0EB040909F1010B6E485A462146A4
:1083E00001F0A8FA002869D06B485A46214601F0EE
:1083F000A1FA30B169485A46214601F09BFA00289B
:1084000038D1B94616AB93E807008DE8070014ABE6
:1084100020460CCB5946FCF7E5FB0446002800F04B
:108420009D804A46284614AB2146FCF7C1FA159BAD
:108430001899054620469847159B18995046984725
:10844000002D00F086807B21284601F066FAAA46BE
:108450000446B7E70B2528460BB0BDE8F08FF9F7C7
:10846000ADFC0546F7E7672528460BB0BDE8F08F61
:10847000C925F0E709F1FF320698611CFCF7CEFC34
:1084800081460028BED1199A16AB106093E8070008
:108490008DE8070014AB0CCB59462046FCF7A2FB35
:1084A000159B18999847159B189950469847692528
:1084B000D1E7002859D0C146AA4681E7B146A1E7D5
:1084C0009AF800302F2B1CD03846E7F7E1FE344AEB
:1084D000344BCDF810A0012818BF13464FF40061AB
:1084E000CDE90113189A0397009214AB0FCBFCF758
:1084F00025FA159B1899044650469847A2465346BC
:108500003BB3199BC3F800A0A5E75346079D002B7A
:10851000D6D198F800302F2BF3D03846E7F7B8FEC5
:108520001F4A204BCDF81080012818BF13464FF486
:108530000061CDE90113189A0397009214AB0FCB99
:10854000FCF7FCF98246DAE7CA2584E70028B2D1B5
:10855000E3E7199A002313600A257CE7DDE9181286
:10856000159B146050469847F6E717AB93E8030055
:108570008DE8030014AB0ECB4046FCF7FDFA199BC7
:10858000186000287FF467AFE6E700BF58AC010829
:1085900010B4010818B4010820B4010828B4010877
:1085A00080AF010868AC010800280CBF0B20002038
:1085B000704700BF034A034692E8030083E80300C4
:1085C00018467047F4BD010882B02DE9F04186B02D
:1085D0000DF1300C04464CF8043F0E461746BCE83B
:1085E0000F000DF1040EAEE80F00DCF80030CEF8FD
:1085F000003001A8F5F7A0F850B34CB3D4F80480CC
:10860000B8F1000F1ED11FB33846F9F7F7FB28B3B6
:10861000019B05991C2098470546606058B3FEB140
:10862000066080F8048001AC0FCC05F1080CACE8C2
:108630000F002368CCF80030002006B0BDE8F04100
:1086400002B07047642006B0BDE8F04102B0704748
:108650000B2006B0BDE8F04102B070476520F2E79C
:108660003868283000F07AFB286065682E6826B1EB
:1086700001232B71D7E70A20E5E72846029B0599DD
:10868000984701206660DEE7F8B5D8B10446406837
:1086900058B10368C668876953B1057955B9394639
:1086A000B047002363602846F8BD05462846F8BD5C
:1086B0001D46F4E7184600F065FB051E18BF0125AE
:1086C0006068ECE70B252846F8BD00BFF0B587B021
:1086D00006466846F5F704F8EE46BEE80F00084C7B
:1086E000A446ACE80F0025460FCD3446DEF80070F6
:1086F000CCF800700FC43046276007B0F0BD00BF53
:108700002C44012010B1406800B10068704700BFE0
:1087100000286BD02DE9F84F0D4600296DD0164684
:108720000446E7F7B5FD90B12178714A535C13F028
:1087300004035DD1471E14F807C0BCF12F0F0DD103
:1087400002232B6046B137600020BDE8F88F01237B
:108750002B600EB1002333600020F6E704F1FF38F0
:108760009A469E4618F8019FA9F12F0CBCF14F0FB5
:108770005BD8DFE80CF0634444444444444444443C
:10878000445A5A5A5A5A5A5A44444444444444440F
:108790004444444444444444444444444444444499
:1087A00044445A5A5A5A2E5A444444444444444431
:1087B0004444444444444444444444444444444479
:1087C0004444285A736BBAF1000F3AD173464FF004
:1087D000010A0EF1010E7045C4D1BAF1000F48D064
:1087E00005222A60002EB7D03360B5E70B20704712
:1087F00004232B60002EADD1AEE70B20A5E712F8C5
:1088000009C01CF0040FE4D0BAF1000FE1D0BEF1B2
:10881000000FDED00EF1FF3C6345DAD109232B6057
:10882000002E99D0C6F800E096E7BAF1000F0CBF11
:10883000032308232B60002EF4D18DE7BAF1000F3B
:10884000C7D008232B60002EECD185E7BEF1000FC6
:10885000BFD006232B60002EE4D17DE7BAF1000FD4
:1088600004D105232B60002EDCD175E74FF0000A00
:10887000AFE77E291DD0012106E08E4504F10104F9
:1088800001F1010312D9194657450AF1010AF4D042
:1088900023782F2BF1D16378D35C5B07EDD50423CC
:1088A0002B60002E3FF458AF316055E700232B605A
:1088B00052E7534601210AE0012B12D08E4503F105
:1088C000010304F1010401F10100EFD901469F42C7
:1088D000F4D020782F28EFD16078105C4007EDD5D8
:1088E000DDE707222A60002E7FF47EAF34E700BF69
:1088F000DBBE010882B02DE9F04F8BB014AC199F9C
:1089000084E80C00002F00F09F800646002871D0FC
:108910000478002C6ED00D46E7F7BAFC3318641BC0
:1089200013F8013C8046B4FA84F46409AB4208BFF2
:10893000A8F10108444578D2331906EB080001215B
:1089400013F8012BAA4208BF01318342F8D114AABF
:10895000384600F09FF88146002859D17A68A2462F
:1089600002E00134444522D2335DAB42F9D1544593
:10897000A4EB0A0B37D0149B189901920BF102005B
:108980009847019A42F829007A6852F8290006EBC4
:108990000A030BF10101002838D02E4A00F044FEF2
:1089A0007A6809F1010901344445A246DCD35445F3
:1089B00043D0A4EB0A04149B18990192A01C984779
:1089C000019A7B6842F8290053F8290000B3214A34
:1089D00006EB0A03611C00F027FE00200BB0BDE887
:1089E000F04F02B070473B68013B00213B6042F80A
:1089F0002310D8E702A802AC00F02EF80FCC0FC766
:108A000094E8070087E807000020E7E7C7F8009030
:108A1000384600F061F828B90A200BB0BDE8F04FE5
:108A200002B07047F4F7ACFEF6E714AA012138460D
:108A300000F030F80028EBD17A683B68013B002158
:108A40003B6042F82310DFE70B200BB0BDE8F04F8E
:108A500002B070475CAC010870B586B00646684647
:108A6000F4F730FEEE46BEE80F00094C04F10805AD
:108A70000FC5A446DEF800302B60BCE80F0034467A
:108A80000FC49CE8070084E80700304606B070BDBC
:108A900040440120DAB170B50546D0B10E46144607
:108AA000D2E903320160042130469847686050B132
:108AB000A446BCE80F0005F108040FC4DCF8003040
:108AC0002360002070BD002EF2D00A2070BD0B2064
:108AD00070470B2070BD00BF10B3436870B50446EB
:108AE000D3B10830F4F728FEC0B1D4E900306BB13F
:108AF00000252E4650F82500E368A1699847D4E97F
:108B0000003040F825600135AB42F3D8E368A16935
:108B100098470023C4E90033002070BD0B2070BDCE
:108B20000B20704710B520220446002100F0EDFE16
:108B3000204610BD28B370B5044610460E461546B3
:108B4000F4F7FAFDD8B1A368CBB96368BBB9237851
:108B50000BB90223237086B1D5E903324FF480713B
:108B600030469847606070B10FCD04F10C0CA660E0
:108B7000ACE80F002B68CCF80030002070BD0B2053
:108B800070BD0B2070470A2070BD00BF82B002B0DC
:108B9000704700BF2DE9F041224A94B012681A9D37
:108BA000BDF86C60CDE91231C2B3BDF84C109DF830
:108BB0004E0001E052688AB39468A38A8B42F9D1CF
:108BC000A37D8342F6D1482204F13001684600F0CB
:108BD000D6FF04F128030CCB2046F5F7DDF9074654
:108BE000E0B1D0F808803246284608F11001F6F7C7
:108BF000CBF830B90C48394614B0BDE8F041FCF769
:108C000067BBC8F81448C8F81068FDF7AFFC052327
:108C100008F5026242E9020188F8203814B0BDE884
:108C2000F08100BFC8210120181A01202DE9F04170
:108C3000234894B000681A9FBDF86C601391002817
:108C40003BD01D4601E04068B8B38468218B914257
:108C5000F9D1482204F12801684600F090FF04F1A0
:108C600020030CCB2046F5F797F9804628B3384609
:108C7000D8F80870324607F11001F6F785F830B9D8
:108C80001048414614B0BDE8F041FCF721BB0FCDC0
:108C900007F6280CC7F81448C7F81068ACE80F00AE
:108CA00095E803008CE80300FDF760FC032307F55B
:108CB000026242E9020187F8203814B0BDE8F08171
:108CC000801D0120181A01202DE9F041214894B09F
:108CD00000681A9FBDF86C601391B8B31D4601E09F
:108CE000406898B38468218B9142F9D1482204F1FD
:108CF0002801684600F043FF04F120030CCB204616
:108D0000F5F74AF9804608B33846D8F80870324675
:108D100007F11001F6F738F830B90F48414614B0A2
:108D2000BDE8F041FCF7D4BA0022C7F82C28C7F8F8
:108D30001448C7F81068C7F82858FDF717FC042333
:108D400007F5026242E9020187F8203814B0BDE855
:108D5000F08100BFA81C0120181A012038B5054673
:108D60000748FCF7A5FA48B1846800232374E5613D
:108D7000FCF724FBC4E9050404F1140038BD00BF6E
:108D8000F4F7002008B5084B196811B90AE04968E2
:108D900041B18B6814339842F9D10348FCF798FA33
:108DA000002008BD012008BDF4F70020B0B110B5C7
:108DB00086B0044601A8F4F793FC019B05990120B5
:108DC0009847206038B10022012302701846C4E998
:108DD000012306B010BD002006B010BD0020704772
:108DE00020B310B5036886B0044673B18368F3B14D
:108DF00001A8F4F775FC029B0599206898470023A9
:108E0000C4E90033A36006B010BD4368DBB98368D2
:108E1000002BF8D0124B13481B685122DB6801214C
:108E200000F084FB4FF0FF3000F03EF870470C4B31
:108E30000D481B684C22DB68012100F077FB4FF0E6
:108E4000FF3000F031F8064B08481B684E22DB6803
:108E5000012100F06BFB4FF0FF3000F025F800BF60
:108E6000241C0020D4B4010834B4010884B40108DF
:108E7000024B0A460146186800F002B8241C002084
:108E800070B5A1FB025434B9294600F099F80646A2
:108E900028B9304670BD0C2202600026F9E72A4648
:108EA000214600F032FDF4E708B5064B044613B145
:108EB0000021AFF30080044B1B6803B198472046A4
:108EC000E9F7DCFA000000009C45012007B5044BDF
:108ED000014601AA186800F005F803B000BD00BF04
:108EE000241C00202DE9F84FDFF86CA006468946C7
:108EF000174600F071FEDAF8004034B14B46984650
:108F000013F8012B3AB13D2AF9D1304600F06AFE40
:108F10000020BDE8F88FA8EB0908A34654F8040B1D
:108F20000028F2D04246494600F004FD0028F4D162
:108F300054F8043C03EB080513F808303D2BECD142
:108F4000DAF80030ABEB03039B1030463B6000F0D7
:108F500049FE681CDDE700BF0C000020024B014603
:108F6000186800F02DB800BF241C0020024B0146F9
:108F7000186800F03DBE00BF241C002070B50F4EE5
:108F80000C463168054611B900F0A2FD306021465B
:108F9000284600F09DFD431C03D14FF0FF342046CE
:108FA00070BDC41C24F00304A042F8D0211A284646
:108FB00000F08EFD0130F2D1EFE700BF5C440120EC
:108FC0002DE9F843CD1C25F0030508350C2D38BFDD
:108FD0000C25002D064601DBA94204D90C23336081
:108FE0000020BDE8F883DFF8D48000F069F8D8F8F5
:108FF00000301C4644BB29463046FFF7BFFF431CE8
:10900000044658D1D8F800402746002F43D1002C01
:109010004BD023683946304604EB030900F058FD75
:10902000814542D121686D1A29463046FFF7A6FFD7
:1090300001303AD023682B442360D8F800305A68B6
:1090400062BBC8F800700FE02268521B20D40B2AC4
:1090500017D96119A342256018BF5960636808BF1A
:10906000C8F8001062514B60304600F02FF804F150
:109070000B00231D20F00700C21A1CBF1B1AA350AF
:10908000AFE76268A3420CBFC8F800205A60EBE764
:1090900023466468AEE73C467F68B6E71A465B68DD
:1090A000A342FBD100235360DEE70C23336030463C
:1090B00000F00CF894E70560D6E700BF604401209B
:1090C000014800F052BD00BFA5450120014800F055
:1090D0004DBD00BFA545012038B5104B1D682A6B5A
:1090E0000446B2B91820FFF739FF0246286320B9B9
:1090F0000B4B0C48462100F051FD0B490B4BC0E9CE
:1091000000130B4B83600B23838100210120C2E9F4
:10911000040100231461536138BD00BF241C0020EA
:10912000FCBD010813BE01080E33CDAB34126DE651
:10913000ECDE0500164B10B51C68226BB2B9182086
:10914000FFF70CFF0246206320B9124B1248522150
:1091500000F024FD1149124BC0E90013114B83604C
:109160000B23838100210120C2E9040113690E4809
:1091700054690E49584301FB0400A3FB013101333C
:1091800040EB0100C2E9043020F0004010BD00BFF8
:10919000241C0020FCBD010813BE01080E33CDAB1A
:1091A00034126DE6ECDE05002DF451582D7F954C00
:1091B000024B0A460146186800F002B8241C002041
:1091C0002DE9F041074614460D4621B9BDE8F041AE
:1091D0001146FFF7F5BE2AB900F00AFD25462846DC
:1091E000BDE8F08100F04EFD8442064602D8B4EBA3
:1091F000500FF4D821463846FFF7E2FE804608B902
:109200004546ECE7B4422246294628BF324600F0E4
:10921000B6FC2946384600F0EBFCF1E72DE9F043B7
:10922000344E86460D46284615F8014B375D17F03B
:109230000807F8D12D2C10D12C780127851C33F08C
:10924000100015D1302C0DD1287800F0DF005828FF
:1092500008D16C78023510230AE02B2C04BF2C783F
:10926000851CECE7002BF6D1302C14BF0A23082311
:109270004FF0FF380026B8FBF3F803FB08F96FEA5C
:1092800009093046A4F1300CBCF1090F10D864462E
:10929000A3421EDDB6F1FF3F07D0804516D301D1B2
:1092A000A14513DB00FB0340012615F8014BE9E75C
:1092B000A4F1410CBCF1190F01D8373CE8E7A4F147
:1092C000610CBCF1190F04D8573CE1E74FF0FF36B1
:1092D000EBE7731C06D12223CEF80030304632B9BA
:1092E000BDE8F08307B14042002AF9D006B1691EFB
:1092F0001160F5E7DBBE010813460A460146024845
:109300000068FFF78BBF00BF241C0020002310B5AE
:109310000446C0E90033C0E90433836081814366B9
:10932000C2818361194608225C3000F0EEFA0D4BD1
:1093300063620D4BA3620D4BE3620D4B23630D4B38
:1093400024629C4206D003F16802944202D0D033DA
:109350009C4205D104F15800BDE8104000F004BC67
:1093600010BD00BF95960108B7960108EF96010859
:109370001597010864440120024A0349034800F09C
:109380006BB800BF181C0020EDA50108281C0020A8
:1093900041680C4B994210B5044601D001F026F902
:1093A000A168094B994202D0204601F01FF9E168FB
:1093B000064B994204D02046BDE8104001F016B992
:1093C00010BD00BF64440120CC440120344501207D
:1093D0000C4B0D4A0D4810B504211A600022FFF70E
:1093E00095FF0A4B01221C46092103F16800FFF793
:1093F0008DFF04F1D0000222BDE810401221FFF7DA
:1094000085BF00BF9C450120799301086444012079
:10941000014800F0AABB00BFA6450120014800F0AA
:10942000A5BB00BFA645012010B50446FFF7F0FF1D
:10943000236A1BB1BDE81040FFF7F0BF044B236265
:10944000044B1B68002BF5D1FFF7C2FFF2E700BF0A
:10945000919301089C4501202DE9F8430746884671
:1094600014460026D4E90195B9F1010905D524680F
:10947000002CF7D13046BDE8F883AB89012B07D922
:10948000B5F90E30013303D029463846C0470643AC
:109490006835E9E72DE9F047089C8A46904602FBCB
:1094A00003F9064618B1036A0BB9FFF7BDFF636EF7
:1094B000DD0705D4A389980502D4A06D00F055FB03
:1094C000A389190716D52369A3B100254D451FD0DF
:1094D000A7681AF80510013F002FA76004DAA369F6
:1094E0009F420FDB0A290DD023685A1C2260197095
:1094F0000135EBE72146304600F08AF90028E4D038
:10950000002505E02246304600F044F90130EFD155
:10951000636EDA0705D4A3899B0502D4A06D00F021
:1095200025FBB5FBF8F0BDE8F087000007B5009318
:1095300013460A46014603480068FFF7ABFF03B035
:1095400000BD00BF241C00200FB407B5064904ABC2
:10955000086853F8042B8168019300F01DFD03B0E7
:109560005DF804EB04B07047241C0020036A70B55A
:10957000846805460E460BB9FFF756FF636EDB079E
:1095800005D4A389980502D4A06D00F0EEFAA38952
:10959000190702D52369002B35D12146284600F052
:1095A00037F980B34FF0FF35636EDA0705D4A3892E
:1095B0009B0502D4A06D00F0D9FA284670BD002B9F
:1095C00004DAA269934217DB0A2915D023685A1CD2
:1095D00022601970A36816F8011F013BA3600029DF
:1095E000EDD1002B11DA22460A21284600F0D2F8EC
:1095F0000130D7D00A25D7E72246284600F0CAF81E
:109600000130E7D1CEE7013EE4E723685A1C22602F
:109610000A221A70EEE70000024B01461868FFF7B5
:10962000A5BF00BF241C00200CB430B5184B0C1E85
:109630001D689DB008DA8B232B604FF0FF301DB002
:10964000BDE8304002B070474FF40273ADF81430FB
:109650004FF000031B9314BF04F1FF332346049320
:1096600007934FF6FF7302900690ADF81630209ADC
:1096700021AB02A92846019300F06CFB431CBCBF40
:109680008B232B60002CDAD0029B00221A70D6E7C5
:10969000241C002010B50C46B1F90E1000F006FA9B
:1096A0000028ABBF636DA3891B1823F48053ACBFA4
:1096B0006365A38110BD2DE9F0411F468B89DB0551
:1096C00005460C46164605D5B1F90E1002230022B8
:1096D00000F0DAF9A389B4F90E1023F48053A381C2
:1096E00032463B462846BDE8F04100F001BA10B5CD
:1096F0000C46B1F90E1000F0C7F9B4F90C30421C59
:109700000BBF23F4805343F48053A381A38118BF7C
:10971000606510BDB1F90E1000F048B930B51446BF
:10972000002C9BB005461A4605DA8B2303604FF0E8
:10973000FF301BB030BD4FF40273ADF80C304FF06A
:109740000003199314BF04F1FF33234602930593DA
:109750004FF6FF7300910491ADF80E3069461E9BE1
:1097600000F0F8FA431CBCBF8B232B60002CE0D028
:10977000009B00221A70DCE707B5009313460A46E7
:10978000014603480068FFF7C9FF03B000BD00BFF2
:10979000241C0020F8B50E461446054618B1036A8D
:1097A0000BB9FFF741FEA369A360A3891A0701D58E
:1097B000236943B92146284600F02AF818B14FF032
:1097C000FF373846F8BD23682269981A6369F6B2F4
:1097D0008342374605DC2146284600F007FF002873
:1097E000EDD1A368013BA36023685A1C22601E7060
:1097F0006269431C9A4204D0A389DB07E1D50A2E93
:10980000DFD12146284600F0F1FE0028D9D0D6E766
:1098100038B5284B054618680C4618B1036A0BB9D1
:10982000FFF702FEB4F90C301A0721D4D80607D48A
:1098300009222A6043F04003A3814FF0FF3030E05B
:10984000590712D5616B41B104F14403994202D02A
:10985000284600F0CDF9002363630022B4F90C30F0
:1098600062602269226023F0240343F00803A3818D
:1098700022693AB99A0501D5180603D5214628462A
:1098800000F012FFB4F90C3013F001020AD00022EC
:10989000A26062695242A261226942B913F080005B
:1098A000C8D138BD990758BF6269A260F4E70020AB
:1098B000F7E700BF241C002010B501390244904294
:1098C00001D1002005E0037811F8014FA34201D037
:1098D000181B10BD0130F2E7884210B501EB0204FD
:1098E00002D98442234607D8431EA14207D011F86B
:1098F000012B03F8012FF8E70244824200D110BD8A
:1099000013F8011D02F8011DF7E7024403469342D4
:1099100000D1704703F8011BF9E7C9B203461846A6
:1099200013F8012B12B18A42F9D17047002918BFF0
:109930000020704710B56AB10139841810F8012B66
:1099400011F8013F9A4203D1A04201D0002AF5D17B
:10995000D01A10BD1046FCE710B50139034632B1EC
:1099600011F8014F03F8014B013A002CF7D11A44CA
:109970000021934200D110BD03F8011BF9E70A78DA
:1099800070B56AB970BD9A4209D10C46054614F803
:10999000013F002BF6D015F8016F9E42F7D0013041
:1099A0000378002BEFD11846ECE7000038B5064DE0
:1099B0000023044608462B60E8F7A4FD431C02D1AF
:1099C0002B6803B1236038BDA04501202D4B1B68D7
:1099D000834270B5044653D0C3691BB3DB6863B1DF
:1099E0000025E369DB685959B1B90435802DF8D1F8
:1099F000E3692046D96800F0FBF8E369196811B102
:109A0000204600F0F5F8E3699D685DB129462046DF
:109A10002D6800F0EDF8F8E70E68204600F0E8F851
:109A20003146E1E7616911B1204600F0E1F8E169F2
:109A300011B1204600F0DCF8216B11B1204600F096
:109A4000D7F8616B11B1204600F0D2F8A16B11B1CB
:109A5000204600F0CDF8A16C11B1204600F0C8F806
:109A6000616C11B1204600F0C3F8E16A11B12046E3
:109A700000F0BEF8236A1BB12046BDE870401847CD
:109A800070BD00BF241C002038B5074D04460846B1
:109A9000114600222A601A46E8F75BFD431C02D1FA
:109AA0002B6803B1236038BDA045012038B5074DB0
:109AB00004460846114600222A601A46E8F7E9FCE7
:109AC000431C02D12B6803B1236038BDA04501209F
:109AD00038B5064D0023044608462B60E8F746FDDE
:109AE000431C02D12B6803B1236038BDA04501207F
:109AF00038B5074D04460846114600222A601A462A
:109B0000E8F7E4FC431C02D12B6803B1236038BDA5
:109B1000A0450120014B1868704700BF241C00209D
:109B200070B50D4B0D4D5B1B9C100026A64209D154
:109B300000F062FE0A4D0B4B5B1B9C100026A642F8
:109B400005D170BD55F8043B98470136EEE755F84E
:109B5000043B98470136F2E7E4BF0108E4BF01087F
:109B6000E4BF0108F4BF010870477047704703461F
:109B700011F8012B03F8012B002AF9D170470A4490
:109B8000914200F1FF3300D1704710B511F8014B3D
:109B900003F8014F9142F9D110BD00001FB51446E2
:109BA0001A46094B1B680546D8684CB1074B009113
:109BB000CDE9013406492B4600F040FD00F0D0FD10
:109BC000044B1C46F3E700BF241C00206BBE0108B9
:109BD00078BE0108A6BE01080148FFF7C6BF00BF56
:109BE000A44501200148FFF7C1BF00BFA4450120E3
:109BF00038B50546002941D051F8043C0C1F002B14
:109C0000B8BFE418FFF75CFA1D4A136833B9636004
:109C100014602846BDE83840FFF758BAA34208D977
:109C2000206821188B4201BF19685B680918216000
:109C3000EDE71A465B680BB1A342FAD911685018D8
:109C4000A0420BD120680144501883421160E0D13A
:109C500018685B68536008441060DAE702D90C2387
:109C60002B60D6E7206821188B4204BF19685B6817
:109C7000636004BF091821605460CAE738BD00BFA3
:109C80006044012051F8043C181F002BBCBF0B5846
:109C9000C01870472DE9F0478E681F46BE428246C5
:109CA0000C469046334653D8B1F90C0010F4906F2F
:109CB0002BD065692368096905EB4505A3EB01090C
:109CC00005EBD5757B1C6D104B44AB422A4684BF17
:109CD0001D462A46430527D511465046FFF770F921
:109CE000064658B321694A46FFF749FFA38923F482
:109CF000906343F08003A381266165614E44A5EB28
:109D000009052660A5603E463B461F4620683A4648
:109D10004146FFF7E1FDA3689B1BA36023683B441A
:109D200023600020BDE8F0875046FFF749FA064659
:109D30000028E1D121695046FFF75AFF0C23CAF8E9
:109D40000030A38943F04003A3814FF0FF30E9E7DF
:109D50003E46DBE72DE9F0471F468B891B069CB08A
:109D600006460D46144610D50B6973B94021FFF71E
:109D700027F92860286130B90C2333604FF0FF3099
:109D80001CB0BDE8F08740236B61002309932023BA
:109D90008DF8293003973023654F8DF82A304FF026
:109DA00001082346994613F8012B0AB1252AF9D157
:109DB000B9EB040A0BD05346224629463046FFF73A
:109DC00069FF013000F0A480099A5244099299F881
:109DD0000030002B00F09C8000234FF0FF32CDE9D3
:109DE000052309F10109049307938DF853301A9361
:109DF0004C464F4814F8011B0522E6F7F9F9049B7D
:109E0000D0B9D80644BF20228DF85320190744BF8B
:109E10002B228DF8532099F800202A2A13D0079A74
:109E20004C4600204FF00A0C214611F8013B303B14
:109E3000092B49D968B913E0C01B08FA00F0184390
:109E40000490A146D4E7039A111D12680391002AD9
:109E500001DB079204E0524243F0020307920493AD
:109E600023782E2B0AD163782A2B32D1039B1A1D1B
:109E70001B68039243EAE37302340593DFF8C09052
:109E8000217803224846E6F7B3F938B1049BA0EBEA
:109E900009004022824013430134049314F8011B4B
:109EA00024488DF828100622E6F7A2F9002835D0BC
:109EB000214818BB039B073323F0070308330393A0
:109EC000099B034409936CE70CFB02320C4601200A
:109ED000AAE700230134059319464FF00A0C2046E7
:109EE00010F8012B303A092A03D9002BC6D005916E
:109EF000C4E70CFB012104460123F0E703AB009308
:109F00002A460E4B04A93046AFF30080421CD7D13D
:109F1000AB895B063FF532AF099831E703AB00939D
:109F20002A46064B04A9304600F0B8F9EEE700BF18
:109F3000A7BE0108B1BE010800000000959C010801
:109F4000ADBE01089368013B002B10B4936008DAA2
:109F50009469A34201DB0A2903D15DF8044BFFF7A2
:109F600019BC1368581C1060197008465DF8044B42
:109F70007047F8B506460F461446D518AC4201D1D5
:109F8000002007E014F8011B3A463046FFF7DAFFDD
:109F9000431CF3D1F8BD00002DE9F0470D469CB0FD
:109FA00014461F46064618B1036A0BB9FFF73CFA80
:109FB0006B6ED90705D4AB899A0502D4A86DFFF75B
:109FC000D4FDAB891B0701D52B699BB929463046C7
:109FD000FFF71EFC70B16B6EDC0704D54FF0FF304D
:109FE0001CB0BDE8F087AB899805F7D4A86DFFF7E2
:109FF000BDFDF3E70023099320238DF82930039753
:10A0000030236A4F8DF82A304FF0010823469946D5
:10A0100013F8012B0AB1252AF9D1B9EB040A0BD0A8
:10A020005346224629463046FFF7A3FF013000F091
:10A03000A480099A5244099299F80030002B00F04C
:10A040009C8000234FF0FF32CDE9052309F101097F
:10A05000049307938DF853301A934C46534814F8E1
:10A06000011B0522E6F7C4F8049BD0B9D90644BF0A
:10A0700020228DF853201A0744BF2B228DF853203D
:10A0800099F800202A2A13D0079A4C4600204FF056
:10A090000A0C214611F8013B303B092B49D968B91C
:10A0A00013E0C01B08FA00F018430490A146D4E75F
:10A0B000039A111D12680391002A01DB079204E044
:10A0C000524243F002030792049323782E2B0AD1C5
:10A0D00063782A2B32D1039B1A1D1B68039243EA33
:10A0E000E37302340593DFF8D490217803224846C5
:10A0F000E6F77EF838B1049BA0EB090040228240CD
:10A1000013430134049314F8011B29488DF82810D7
:10A110000622E6F76DF800283ED0264818BB039BC0
:10A12000073323F0070308330393099B0344099380
:10A130006CE70CFB02320C460120AAE70023013435
:10A14000059319464FF00A0C204610F8012B303ABF
:10A15000092A03D9002BC6D00591C4E70CFB0121C5
:10A1600004460123F0E703AB00932A46124B04A9EF
:10A170003046AFF30080431CD7D16B6ED90705D4AE
:10A18000AB899A0502D4A86DFFF7F0FCAB895B069A
:10A190003FF524AF099823E703AB00932A46064B0B
:10A1A00004A9304600F07AF8E5E700BFA7BE010831
:10A1B000B1BE010800000000739F0108ADBE010898
:10A1C0002DE9F047164698468A680B69DDF820901D
:10A1D0009342B8BF1346336091F8432007460C46BC
:10A1E0000AB1013333602368990642BF33680233F2
:10A1F0003360256815F0060506D104F1190AE368F5
:10A2000032689B1AAB4226DC94F843302268003B4C
:10A2100018BF012392062BD404F14302414638466D
:10A22000C84701301ED02368226903F00603042BBF
:10A2300002BFE5683368ED1AA3680CBF25EAE5752F
:10A2400000259342C4BF9B1AED1800261A34B5426C
:10A250001AD1002008E00123524641463846C8473B
:10A26000013003D14FF0FF30BDE8F0870135C6E77C
:10A27000E1185A1C302081F84300224494F845101C
:10A2800082F843100233C7E701232246414638468D
:10A29000C8470130E6D00136D9E700002DE9F04388
:10A2A0000D7E85B0782D90460C9E07460C4699464B
:10A2B00001F1430207D8622D0AD8002D00F0D780A3
:10A2C000582D00F0BC8004F1420684F842503BE077
:10A2D000A5F16303152BF6D801A151F823F000BFB7
:10A2E00039A301084DA30108C7A20108C7A20108AC
:10A2F000C7A20108C7A201084DA30108C7A201080F
:10A30000C7A20108C7A20108C7A2010855A40108F5
:10A3100077A3010807A40108C7A20108C7A2010882
:10A3200077A40108C7A2010877A30108C7A2010802
:10A33000C7A201080FA4010833681A1D1B68326008
:10A3400004F1420684F842300123A1E0336820681A
:10A35000191D3160060601D51D6803E04506FBD5D1
:10A36000B3F90050002D03DA2D236D4284F84330F9
:10A370005B480A2311E021683368080653F8045B40
:10A3800002D4490648BFADB23360237E54486F2BD8
:10A390005CD10823002184F843106668A660002E73
:10A3A00005DB21682E4321F00401216050D01646C0
:10A3B000B5FBF3F103FB115C10F80CC006F801CDFE
:10A3C000AC4663450D46F3D9082B0BD12368DB0758
:10A3D00008D5236961689942DEBF302306F8013C45
:10A3E00006F1FF36921B2261CDF80090434603AA86
:10A3F00021463846FFF7E4FE01304ED14FF0FF30E2
:10A4000005B0BDE8F083236843F02003236035489E
:10A41000782584F845502368316813F0800F51F88F
:10A42000045B03D113F0400F18BFADB23160D90700
:10A4300044BF43F0200323601DB11023AAE728483E
:10A44000E7E7236823F020032360F6E70A23A1E768
:10A450001646B9E7336825686169181D30602E0615
:10A460001B6801D5196002E06806FBD5198000233E
:10A4700023611646B8E733681A1D32601E686268A9
:10A4800000213046E5F7B4FE08B1801B60606368C8
:10A490002361002384F84330A6E72369324641460E
:10A4A0003846C8470130A9D023689B0713D4E06819
:10A4B000039B9842B8BF1846A2E7012332464146A3
:10A4C0003846C847013099D00135E36803995B1AD3
:10A4D000AB42F2DCEBE7002504F11906F5E700BF1B
:10A4E000B8BE0108C9BE0108B1F90C202DE9F04140
:10A4F000160705460C4651D44B68002B02DC0B6C4A
:10A50000002B49DDE66A002E46D0002312F480526B
:10A510002F682B6031D0626DA389590705D5636818
:10A52000D21A636B0BB1236CD21A0023E66A216A3C
:10A530002846B047421CB4F90C3006D129681D29C1
:10A5400046D8294ACA40D60742D500226260D904BB
:10A550002269226004D5421C01D12B6803B96065D1
:10A56000616B2F60C1B104F14403994202D02846C7
:10A57000FFF73EFB002363630EE0216A01232846B8
:10A58000B0470246501CC7D12B68002BC4D01D2BEE
:10A5900001D0162B1AD12F6000201EE00F69002F6A
:10A5A000FAD093070E6808BF4B690F6018BF0023ED
:10A5B000A6EB07088B60B8F1000FEDDD216AA66AF3
:10A5C00043463A462846B047002808DCB4F90C3028
:10A5D00043F04003A3814FF0FF30BDE8F081074412
:10A5E000A8EB0008E7E700BF0100402038B50B6981
:10A5F00005460C4613B90025284638BD18B1036A34
:10A600000BB9FEF711FFB4F90C30002BF3D0626EDA
:10A61000D00704D4990502D4A06DFFF7A6FA284606
:10A620002146FFF761FF636EDA070546E4D4A3898C
:10A630009B05E1D4A06DFFF799FADDE70EB403B5F1
:10A64000014603AB054853F8042B00680193FFF75C
:10A65000A3FC02B05DF804EB03B07047241C00209B
:10A6600070B50C46B1F90E10002996B015461E467D
:10A670000ADAA18911F0800113D14FF48062002021
:10A6800031602A6016B070BD6A4600F047F80028B5
:10A69000EFDB019901F47041A1F500535942594192
:10A6A000EBE700214022EAE78B8973B59E07054658
:10A6B0000C4607D504F1470323602361012363613E
:10A6C00002B070BD01AB6A46FFF7CAFF009E284684
:10A6D0003146FEF775FCB4F90C3038B99A05EFD461
:10A6E00023F0030343F00203A381E3E743F0800375
:10A6F000A381019B2060C4E90406002BE0D0B4F9DB
:10A700000E10284600F01CF80028D9D0A38923F0A9
:10A71000030343F00103A381D2E7000038B5074DDE
:10A7200000230446084611462B60E7F7F7FE431C5A
:10A7300002D12B6803B1236038BD00BFA0450120C2
:10A7400038B5064D0023044608462B60E7F7F6FEB1
:10A75000431C02D12B6803B1236038BDA045012002
:10A7600008B5062000F02CF80120E7F787FE1F2926
:10A7700038B505460C4604D9162303604FF0FF3068
:10A7800038BDC26B12B152F821304BB9284600F0E7
:10A7900031F8224601462846BDE8384000F018B896
:10A7A000012B0AD0591C03D1162303600120E7E7CF
:10A7B000002142F82410204698470020E0E70000DE
:10A7C000024B01461868FFF7D2BF00BF241C0020CF
:10A7D00038B5074D00230446084611462B60E7F7BD
:10A7E0003DFE431C02D12B6803B1236038BD00BF7E
:10A7F000A0450120E7F72ABEF8B500BFF8BC08BCA9
:10A800009E467047F8B500BFF8BC08BC9E4670472E
:10A810006D6963726F524F535461736B0000000097
:10A8200064656661756C745461736B005B636D6421
:10A830005F76656C5D206C696E6561722E783D2572
:10A840006C6420616E67756C61722E7A3D256C6454
:10A8500020287831303030290D0A00005B72657392
:10A8600065745D205243432D3E4353523D3078255D
:10A8700030386C58202D3E00204C4F575F504F57BA
:10A88000455200002057494E444F575F57415443AB
:10A8900048444F470000000020494E444550454E73
:10A8A00044454E545F5741544348444F47000000CD
:10A8B00020534F46545741524500000020504F57F7
:10A8C00045525F4F4E2F444F574E0000204E52537B
:10A8D000545F50494E0000002042524F574E5F4F88
:10A8E000555400000D0000005B6D6963726F524F9C
:10A8F000535D207461736B2073746172740D00007A
:10A900004572726F72206F6E2064656661756C743B
:10A9100020616C6C6F6361746F72730D00000000D6
:10A920005B6D6963726F524F535D2063616C6C693C
:10A930006E672072636C635F737570706F72745FA3
:10A94000696E6974202877616974696E6720666F23
:10A9500072206167656E74292E2E2E0D0000000096
:10A960005B6D6963726F524F535D20737570706FCA
:10A97000727420696E697420646F6E650D0000004A
:10A9800000000000616D725F6E6F64650000000082
:10A990005B6D6963726F524F535D206E6F6465200B
:10A9A000696E697420646F6E650D0000696D752FA6
:10A9B000646174615F72617700000000656E636FAF
:10A9C0006465722F6C6566745F72707300000000BE
:10A9D000656E636F6465722F72696768745F727009
:10A9E00073000000636D645F76656C005B6D696386
:10A9F000726F524F535D20656E746572696E672089
:10AA00006D61696E206C6F6F700D00005B6D696326
:10AA1000726F524F535D20616C6976652C206C6FAC
:10AA20006F703D256C750D0A0000000049444C45CF
:10AA300000000000546D722053766300546D725113
:10AA40000000000058524345010F0000FFFE0000C7
:10AA5000047DC12502000000FFD7F2320000000093
:10AA600010A8010800000000000000000000000025
:10AA7000000000000040000018000000000000007E
:10AA80000000000020A801080000000000000000F5
:10AA9000000000000000000000020000180000009C
:10AAA00000000000000000000D0A5B464154414CCC
:10AAB0005D20737461636B206F766572666C6F776F
:10AAC0000D0A000000000000000000000102030465
:10AAD0000607080900000000010203040006101622
:10AAE0000006101667656F6D657472795F6D736728
:10AAF00073000000726F7369646C5F7479706573C2
:10AB00007570706F72745F696E74726F7370656365
:10AB100074696F6E5F635F5F6765745F6D657373A4
:10AB20006167655F747970655F737570706F72745B
:10AB30005F68616E646C655F5F67656F6D65747299
:10AB4000795F6D7367735F5F6D73675F5F5477697C
:10AB500073740000726F7369646C5F7479706573ED
:10AB60007570706F72745F6D6963726F7872636510
:10AB70006464735F635F5F6765745F6D6573736162
:10AB800067655F747970655F737570706F72745FFD
:10AB900068616E646C655F5F67656F6D657472791F
:10ABA0005F6D7367735F5F6D73675F5F5477697322
:10ABB00074000000726F7369646C5F747970657300
:10ABC0007570706F72745F696E74726F73706563A5
:10ABD00074696F6E5F630000726F7369646C5F7499
:10ABE000797065737570706F72745F6D6963726F81
:10ABF000787263656464735F6300000067656F6DFE
:10AC0000657472795F6D7367735F5F6D7367000062
:10AC10006C696E6561720000616E67756C617200CF
:10AC2000566563746F72330078000000790000008D
:10AC30007A00000067656F6D657472795F6D736788
:10AC4000733A3A6D73670000650000003A3A0000FD
:10AC500025732573257325732573257325730000CC
:10AC60005F0000006464730025732573000000001A
:10AC7000726F7369646C5F74797065737570706FEF
:10AC800072745F630000000073656E736F725F6DB6
:10AC900073677300726F7369646C5F747970657346
:10ACA0007570706F72745F696E74726F73706563C4
:10ACB00074696F6E5F635F5F6765745F6D65737303
:10ACC0006167655F747970655F737570706F7274BA
:10ACD0005F68616E646C655F5F73656E736F725FF2
:10ACE0006D7367735F5F6D73675F5F496D750000BC
:10ACF000726F7369646C5F74797065737570706F6F
:10AD000072745F6D6963726F787263656464735F98
:10AD1000635F5F6765745F6D6573736167655F74BB
:10AD20007970655F737570706F72745F68616E645F
:10AD30006C655F5F73656E736F725F6D7367735F72
:10AD40005F6D73675F5F496D7500000073656E73BB
:10AD50006F725F6D7367735F5F6D736700000000F4
:10AD6000496D750068656164657200006F726965A0
:10AD70006E746174696F6E006F7269656E74617470
:10AD8000696F6E5F636F76617269616E6365000003
:10AD9000616E67756C61725F76656C6F63697479FB
:10ADA00000000000616E67756C61725F76656C6FA4
:10ADB000636974795F636F76617269616E63650060
:10ADC0006C696E6561725F616363656C6572617405
:10ADD000696F6E006C696E6561725F616363656C5B
:10ADE00065726174696F6E5F636F76617269616EBF
:10ADF0006365000073656E736F725F6D7367733A9E
:10AE00003A6D7367000000007374645F6D7367735D
:10AE100000000000726F7369646C5F747970657311
:10AE20007570706F72745F696E74726F7370656342
:10AE300074696F6E5F635F5F6765745F6D65737381
:10AE40006167655F747970655F737570706F727438
:10AE50005F68616E646C655F5F7374645F6D736778
:10AE6000735F5F6D73675F5F466C6F617433320051
:10AE7000726F7369646C5F74797065737570706FED
:10AE800072745F6D6963726F787263656464735F17
:10AE9000635F5F6765745F6D6573736167655F743A
:10AEA0007970655F737570706F72745F68616E64DE
:10AEB0006C655F5F7374645F6D7367735F5F6D7301
:10AEC000675F5F466C6F6174333200007374645F58
:10AED0006D7367735F5F6D73670000006461746119
:10AEE0000000000048656164657200007374616D64
:10AEF000700000006672616D655F696400000000AB
:10AF00007374645F6D7367733A3A6D736700000022
:10AF10006275696C74696E5F696E7465726661638F
:10AF200065735F5F6D73670054696D6500000000B5
:10AF30006E616E6F736563006275696C74696E5FD4
:10AF4000696E74657266616365733A3A6D73670022
:10AF50005175617465726E696F6E00007700000054
:10AF6000524F535F4C4F43414C484F53545F4F4EE9
:10AF70004C5900002E0000002F0000002F25730008
:10AF800025732F2573000000524F535F44495341EE
:10AF9000424C455F4C4F414E45445F4D45535341F4
:10AFA00047455300617267756D656E7420656E76F6
:10AFB0005F6E616D65206973206E756C6C000000BA
:10AFC000617267756D656E7420656E765F76616C13
:10AFD0007565206973206E756C6C0000726D775F0B
:10AFE00076616C69646174655F6E616D65737061D3
:10AFF000636528293A20756E6B6E6F776E20726DCF
:10B00000775F76616C69646174655F66756C6C5FAF
:10B01000746F7069635F6E616D6528292072657356
:10B02000756C74202725642700000000756E6B6E18
:10B030006F776E20726573756C7420636F64652022
:10B04000666F7220726D77206E616D6573706163DB
:10B05000652076616C69646174696F6E0000000040
:10B060006E616D657370616365206D757374206EBC
:10B070006F7420626520656D707479006E616D6516
:10B080007370616365206D75737420626520616201
:10B09000736F6C7574652C206974206D75737420E2
:10B0A0006C6561642077697468206120272F270010
:10B0B0006E616D657370616365206D757374206E6C
:10B0C0006F7420656E642077697468206120272F73
:10B0D000272C20756E6C657373206F6E6C79206100
:10B0E00020272F27000000006E616D65737061637B
:10B0F00065206D757374206E6F7420636F6E74615C
:10B10000696E2063686172616374657273206F7425
:10B11000686572207468616E20616C7068616E751C
:10B120006D65726963732C20275F272C206F722056
:10B13000272F27006E616D657370616365206D75E3
:10B140007374206E6F7420636F6E7461696E207209
:10B150006570656174656420272F27006E616D65D9
:10B160007370616365206D757374206E6F742068F1
:10B17000617665206120746F6B656E207468617400
:10B180002073746172747320776974682061206E13
:10B19000756D6265720000006E616D65737061634C
:10B1A000652073686F756C64206E6F7420657863BA
:10B1B0006565642027524D575F4E414D45535041C0
:10B1C00043455F4D41585F4E414D455F4C454E47AD
:10B1D00054482700756E6B6E6F776E2072657375BD
:10B1E0006C7420636F646520666F7220726D7720C7
:10B1F0006E6F6465206E616D652076616C69646157
:10B2000074696F6E000000006E6F6465206E616D82
:10B2100065206D757374206E6F7420626520656D96
:10B22000707479006E6F6465206E616D65206D7558
:10B230007374206E6F7420636F6E7461696E206327
:10B24000686172616374657273206F7468657220DF
:10B250007468616E20616C7068616E756D6572698D
:10B260006373206F7220275F270000006E6F646594
:10B27000206E616D65206D757374206E6F74207320
:10B280007461727420776974682061206E756D62D4
:10B29000657200006E6F6465206E616D65206C657F
:10B2A0006E6774682073686F756C64206E6F7420AD
:10B2B0006578636565642027323535270000000016
:10B2C00063647200726D775F6D6963726F78726329
:10B2D0006564647300000000524F535F4155544F42
:10B2E0004D415449435F444953434F564552595F7A
:10B2F00052414E47450000004F4646004C4F4341E7
:10B300004C484F53540000005355424E45540000E2
:10B3100053595354454D5F44454641554C540000E4
:10B32000524F535F5354415449435F504545525324
:10B3300000000000524D575F4155544F4D41544954
:10B34000435F444953434F564552595F52414E471C
:10B35000455F4E4F545F534554000000524D575FB8
:10B360004155544F4D415449435F444953434F560F
:10B370004552595F52414E47455F4F4646000000D7
:10B38000524D575F4155544F4D415449435F4449D5
:10B3900053434F564552595F52414E47455F4C4FBC
:10B3A00043414C484F535400524D575F4155544F01
:10B3B0004D415449435F444953434F564552595FA9
:10B3C00052414E47455F5355424E455400000000E0
:10B3D000524D575F4155544F4D415449435F444985
:10B3E00053434F564552595F52414E47455F53595B
:10B3F0005354454D5F44454641554C5400000000B0
:10B40000524F535F444F4D41494E5F494400000045
:10B4100025732F25732573007B6E6F64657D000097
:10B420007B6E737D000000007B6E616D65737061E3
:10B4300063657D00556E657870656374656420632F
:10B440006F6E646974696F6E3A20737472696E67A7
:10B4500020636170616369747920776173207A6514
:10B46000726F20666F7220616C6C6F6361746564CB
:10B470002064617461212045786974696E672E0AC1
:10B4800000000000556E6578706563746564206324
:10B490006F6E646974696F6E3A20737472696E6757
:10B4A0002073697A6520776173206E6F6E2D7A65DF
:10B4B000726F20666F72206465616C6C6F6361747B
:10B4C00065642064617461212045786974696E67E0
:10B4D0002E0A0000556E657870656374656420629D
:10B4E00065686176696F723A20737472696E67205D
:10B4F000636170616369747920776173206E6F6E28
:10B500002D7A65726F20666F72206465616C6C6F56
:10B510006361746564206461746121204578697495
:10B52000696E672E0A00000002000000E4AA01080C
:10B5300044B501083CB5010838000020F4AA010810
:10B5400054AB0108B4AB0108D8AB0108FCAB01084F
:10B55000ACAB010802000000300000000000000059
:10B5600058000020E9AB0008EDAB0008FCAB010877
:10B5700020AC0108030000001800000000000000DB
:10B58000E800002021AC000825AC00080000000005
:10B59000010000000A00000001020000000000009D
:10B5A000000000000000000000000000000000009B
:10B5B000000000000000000000000000000000008B
:10B5C000000000000000000000000000000000007B
:10B5D000000000000000000000000000000000006B
:10B5E000000000000000000000000000000000005B
:10B5F000000000000000000000000000000000004B
:10B60000000000000000000000000000000000003A
:10B61000000000000000000000000000000000002A
:10B62000000000000000000000000000000000001A
:10B63000000000000000000000000000000000000A
:10B6400000000000000000000000000000000000FA
:10B6500000000000000000000000000000000000EA
:10B6600000000000000000000000000000000000DA
:10B67000010000000A0000000102000000000000BC
:10B6800000000000000000000000000000000000BA
:10B6900000000000000000000000000000000000AA
:10B6A000000000000000000000000000000000009A
:10B6B000000000000000000000000000000000008A
:10B6C000010000000A00000001020000000000006C
:10B6D000000000000000000000000000000000006A
:10B6E000000000000000000000000000000000005A
:10B6F000000000000000000000000000000000004A
:10B700000000000000000000000000000000000039
:10B710000000000000000000000000000000000029
:10B7200000000000727400000200000088AC0108F4
:10B7300044B701083CB701083802002094AC010866
:10B74000F0AC0108B4AB0108D8AB01084CAD01085E
:10B7500060AD01080700000040010000000000008B
:10B760005802002091E3000895E300080200000061
:10B7700008AE010888B7010880B701084804002016
:10B7800014AE010870AE0108B4AB0108D8AB0108D3
:10B79000CCAE010868AE0108010000000400000002
:10B7A00000000000680400204DE6000851E6000893
:10B7B000CCAE0108E4AE0108020000001400000055
:10B7C00000000000BC04002071E6000875E60008D7
:10B7D00010AF010828AF01080200000008000000B7
:10B7E00000000000B405002025E8000829E8000852
:10B7F000C84001200200000002000000D407002021
:10B80000170000001700000084060020030000005D
:10B81000030000008806002074000000740000008F
:10B82000D4070020170000001700000018070020B0
:10B830000200000002000000FC06002001000000E1
:10B84000010000001441012001000000010000007F
:10B85000F409002019000000190000001008002061
:10B86000030000000300000014080020FB0000009B
:10B87000FB000000F409002019000000190000007E
:10B880001009002003000000030000000000000079
:10B890000000000000000000FCAB010850AF0108F0
:10B8A000040000002000000000000000280A002022
:10B8B00065EA000869EA00080000000000000000D6
:10B8C0000000000000000000000000000000000078
:10B8D000010000000A00000001020000000000005A
:10B8E0000000000000000000000000000000000058
:10B8F0000000000000000000000000000000000048
:10B900000000000000000000000000000000000037
:10B910000000000000000000000000000000000027
:10B920000000000000000000000000000000000017
:10B930000000000000000000000000000000000007
:10B9400000000000000000000000000000000000F7
:10B9500000000000000000000000000000000000E7
:10B960000000000000000000E9440108ED44010867
:10B9700000000000000000000000000000000000C7
:10B98000ED440108F1440108F544010800000000FD
:10B990000000000000000000F1440108F544010827
:10B9A000F944010800000000000000000000000051
:10B9B0000000000000000000000000000000000087
:10B9C0000000000000000000000000000000000077
:10B9D0000000000000000000000000000000000067
:10B9E0000000000000000000000000000000000057
:10B9F0000000000000000000000000000000000047
:10BA0000000000000000000060B001087CB00108E8
:10BA1000B0B00108E8B0010834B101085CB1010818
:10BA200098B101080000000008B2010824B2010822
:10BA30006CB2010894B20108C4B20108B0420120FE
:10BA40000500000005000000841300201300000022
:10BA500013000000700B0020030000000300000032
:10BA6000740B0020BB040000BB0400008413002002
:10BA700013000000130000009010002007000000D9
:10BA80000700000030100020040000000400000047
:10BA9000684301200100000001000000181500208B
:10BAA0001400000014000000BC130020030000007C
:10BAB00003000000C013002008010000080100007E
:10BAC000181500201400000014000000C814002005
:10BAD0000100000001000000000000000000000064
:10BAE000000000009043012002000000020000005E
:10BAF00078170020130000001300000054150020E8
:10BB0000030000000300000058150020420100005F
:10BB1000420100007817002013000000130000000D
:10BB2000B816002002000000020000009C16002051
:10BB30000100000001000000DC43012001000000C2
:10BB400001000000FC1900201B0000001B00000089
:10BB5000B01700200300000003000000B41700200D
:10BB6000A5010000A5010000FC1900201B00000039
:10BB70001B0000006019002002000000020000000D
:10BB8000000000000000000000000000044401204C
:10BB90000100000001000000F81B00201C00000054
:10BBA0001C0000003C1A00200300000003000000FD
:10BBB000401A00207400000074000000F81B0020F0
:10BBC0001C0000001C000000B81A00200400000047
:10BBD0000400000000000000000000000000000061
:10BBE0000000C1C081C1400101C3C003800241C245
:10BBF00001C6C006800741C70005C1C581C4400415
:10BC000001CCC00C800D41CD000FC1CF81CE400EC4
:10BC1000000AC1CA81CB400B01C9C009800841C8D4
:10BC200001D8C018801941D9001BC1DB81DA401A44
:10BC3000001EC1DE81DF401F01DDC01D801C41DC14
:10BC40000014C1D481D5401501D7C017801641D644
:10BC500001D2C012801341D30011C1D181D0401054
:10BC600001F0C030803141F10033C1F381F2403244
:10BC70000036C1F681F7403701F5C035803441F414
:10BC8000003CC1FC81FD403D01FFC03F803E41FEC4
:10BC900001FAC03A803B41FB0039C1F981F84038D4
:10BCA0000028C1E881E9402901EBC02B802A41EA44
:10BCB00001EEC02E802F41EF002DC1ED81EC402C14
:10BCC00001E4C024802541E50027C1E781E6402644
:10BCD0000022C1E281E3402301E1C021802041E054
:10BCE00001A0C060806141A10063C1A381A2406244
:10BCF0000066C1A681A7406701A5C065806441A414
:10BD0000006CC1AC81AD406D01AFC06F806E41AEC3
:10BD100001AAC06A806B41AB0069C1A981A84068D3
:10BD20000078C1B881B9407901BBC07B807A41BA43
:10BD300001BEC07E807F41BF007DC1BD81BC407C13
:10BD400001B4C074807541B50077C1B781B6407643
:10BD50000072C1B281B3407301B1C071807041B053
:10BD60000050C190819140510193C0538052419243
:10BD70000196C056805741970055C1958194405413
:10BD8000019CC05C805D419D005FC19F819E405EC3
:10BD9000005AC19A819B405B0199C05980584198D3
:10BDA0000188C04880494189004BC18B818A404A43
:10BDB000004EC18E818F404F018DC04D804C418C13
:10BDC0000044C184818540450187C0478046418643
:10BDD0000182C042804341830041C1818180404053
:10BDE00034B301085CB3010880B30108A8B30108AB
:10BDF000D0B3010800000000000000005245454E8D
:10BE000054206D616C6C6F6320737563636565644A
:10BE10006564002F6275696C642F676E752D746F91
:10BE20006F6C732D666F722D73746D33325F3134A6
:10BE30002E332E72656C312E32303235313032373E
:10BE40002D303730302F7372632F6E65776C6962D7
:10BE50002F6E65776C69622F6C6962632F737464EF
:10BE60006C69622F72616E642E63002C2066756EA1
:10BE70006374696F6E3A2000617373657274696FE1
:10BE80006E2022257322206661696C65643A206603
:10BE9000696C6520222573222C206C696E65202533
:10BEA00064257325730A00232D302B2000686C4C09
:10BEB00000656667454647003031323334353637E2
:10BEC0003839414243444546003031323334353607
:10BED00037383961626364656600002020202020C5
:10BEE000202020202828282828202020202020202A
:10BEF000202020202020202020202088101010101A
:10BF0000101010101010101010101004040404046D
:10BF10000404040404101010101010104141414199
:10BF20004141010101010101010101010101010181
:10BF30000101010101011010101010104242424293
:10BF40004242020202020202020202020202020251
:10BF50000202020202021010101020000000000075
:10BF600000000000000000000000000000000000D1
:10BF700000000000000000000000000000000000C1
:10BF800000000000000000000000000000000000B1
:10BF900000000000000000000000000000000000A1
:10BFA0000000000000000000000000000000000091
:10BFB0000000000000000000000000000000000081
:10BFC0000000000000000000000000000000000071
:0CBFD00000000000000000000000000065
:08BFDC00F441FE7F01000000AA
:10BFE400B5010008D5AB000851E3000839E60008A4
:04BFF40091010008AF
:10BFF800696D755F6C696E6B0000000060850020DC
:10C008000024F4001000000001000000AAAAAAAA57
:10C018000000000028B50108D5E2000819E9000869
:10C0280021E9000851E90008F1AB000801AD00085A
:10C03800000000004CB50108C1E2000819E9000839
:10C0480021E9000851E9000810AC010812000000BD
:10C0580000000000000000000000000000000000D8
:10C0680000000000000000000000000000000000C8
:10C0780000000000000000000000000000000000B8
:10C088000000000018AC01081200000000000000C9
:10C098000000000000000000000000000000000098
:10C0A8001800000000000000000000000000000070
:10C0B8000000000000000000000000000000000078
:10C0C800000000006CB50108C1E20008F9E90008A9
:10C0D80001EA000821EA000828AC01080200000073
:10C0E8000000000000000000000000000000000048
:10C0F8000000000000000000000000000000000038
:10C108000000000000000000000000000000000027
:10C11800000000002CAC0108020000000000000034
:10C128000000000000000000000000000000000007
:10C1380008000000000000000000000000000000EF
:10C1480000000000000000000000000000000000E7
:10C1580030AC0108020000000000000000000000F0
:10C1680000000000000000000000000010000000B7
:10C1780000000000000000000000000000000000B7
:10C18800000000000000000000000000D8AB01081B
:10C19800B4010020C1E2000819E9000821E90008FB
:10C1A80051E9000834AC0108ACAB010891AC0008B7
:10C1B80061AC0008BDAC000845AC0008D9AC00086B
:10C1C800D8AB0108E8010020C1E20008F9E900083D
:10C1D80001EA000821EA000834AC010820AC010893
:10C1E80065AD00083DAD000891AD000809AD000837
:10C1F800C1AD0008C1D60008BDD60008B9D60008F0
:10C20800B5D600080000000070AC0108B4AB010806
:10C218000000000028B70108D5E200088965010878
:10C2280091650108F565010809E4000815E60008AC
:10C23800000000004CB70108C1E200088965010848
:10C2480091650108F565010864AD01081200000058
:10C2580000000000000000000000000000000000D6
:10C2680000000000000000000000000000000000C6
:10C2780000000000000000000000000000000000B6
:10C28800000000006CAD0108120000000000000072
:10C298000000000000000000000000000000000096
:10C2A800180000000000000000000000000000006E
:10C2B8000000000000000000000000000000000076
:10C2C80078AD010802000000000000000000000036
:10C2D8000001000009000000000000003800000014
:10C2E8000000000065E3000869E30008A1E3000816
:10C2F80071E3000881E300080000000090AD010828
:10C308001200000000000000000000000000000013
:10C318000000000000000000800000000000000095
:10C328000000000000000000000000000000000005
:10C338000000000000000000A4AD01080200000099
:10C3480000000000000000000001000009000000DB
:10C3580000000000980000000000000099E30008B9
:10C36800B9E30008C1E30008E9E30008F9E30008BD
:10C3780000000000C0AD010812000000000000002D
:10C3880000000000000000000000000000000000A5
:10C39800E0000000000000000000000000000000B5
:10C3A8000000000000000000000000000000000085
:10C3B800D4AD0108020000000000000000000000E9
:10C3C800000100000900000000000000F800000063
:10C3D800000000009DE30008A9E30008B1E300089D
:10C3E800C9E30008D9E3000800000000D8AB010841
:10C3F80014040020C1E2000889650108916501085C
:10C40800F5650108F4AD010860AD010831E50008E3
:10C41800BDE40008B1E40008A9E4000801E600084A
:10C42800000000006CB70108D5E200086167010848
:10C43800696701088167010855E60008F5E6000804
:10C448000000000090B70108C1E200086167010818
:10C458006967010881670108DCAE01080100000076
:10C4680000000000000000000000000000000000C4
:10C4780000000000000000000000000000000000B4
:10C4880000000000000000000000000000000000A4
:10C498000000000000000000B0B70108C1E2000879
:10C4A800C5670108CD67010805680108ECAE0108F9
:10C4B8001200000000000000000000000000000062
:10C4C8000000000000000000000000000000000064
:10C4D8000000000000000000000000000000000054
:10C4E8000000000000000000F4AE01081000000089
:10C4F8000000000000000000000000000000000034
:10C50800000000000800000000000000000000001B
:10C518000000000000000000000000000000000013
:10C5280000000000D8AB01084C050020C1E200085B
:10C5380061670108696701088167010800AF0108A0
:10C5480068AE0108D1E60008B5E60008E1E6000893
:10C55800C1E60008A5E60008D8AB01088005002060
:10C56800C1E20008C5670108CD6701080568010830
:10C5780000AF0108E4AE0108A5E700083DE70008A0
:10C58800E9E7000819E70008FDE6000800000000D8
:10C59800D0B70108C1E20008AD680108B568010814
:10C5A800D568010834AF01080D0000000000000044
:10C5B8000000000000000000000000000000000073
:10C5C8000000000000000000000000000000000063
:10C5D8000000000000000000000000000000000053
:10C5E80030AF01080C00000000000000000000004F
:10C5F800000000000000000000000000040000002F
:10C608000000000000000000000000000000000022
:10C61800000000000000000000000000D8AB010886
:10C6280044060020C1E20008AD680108B5680108A9
:10C63800D568010838AF010828AF01088DE800085F
:10C6480071E80008ADE8000849E80008CDE80008EE
:10C65800019C45BF16FE0983D80E3CFE750D683552
:10C66800843D265A9A6C46BD2E609FCDDDE6FB8D33
:10C678002A0000006D7367002320546869732065E1
:10C6880078707265737365732076656C6F6369740F
:10C698007920696E20667265652073706163652014
:10C6A80062726F6B656E20696E746F206974732097
:10C6B8006C696E65617220616E6420616E67756C6D
:10C6C80061722070617274732E0A0A566563746F02
:10C6D800723320206C696E6561720A566563746FE7
:10C6E80072332020616E67756C617200B807002094
:10C6F8001900000019000000000000000000000000
:10C708000000000000000000B00700200600000044
:10C71800060000000000000001000000000000000A
:10C728000000000000000000000000000000000001
:10C73800B8070020190000001900000000000000E0
:10C7480000000000000000000000000000000000E1
:10C75800A8070020070000000700000000000000F4
:10C7680001000000000000000000000000000000C0
:10C778000000000000000000B807002019000000B9
:10C788001900000000000000000000000000000088
:10C798000000000000000000616E67756C617200A7
:10C7A8006C696E656172000067656F6D657472799A
:10C7B8005F6D7367732F6D73672F566563746F7240
:10C7C8003300000067656F6D657472795F6D73671C
:10C7D800732F6D73672F54776973740001CC12FE41
:10C7E80083E4C02719F1CE8070BFD14AECD40F750D
:10C7F800A96696A67A2A1F37F7DBB0765D00000097
:10C808006D736700232054686973207265707265C0
:10C8180073656E7473206120766563746F72206926
:10C828006E20667265652073706163652E0A0A233F
:10C8380020546869732069732073656D616E74692B
:10C8480063616C6C7920646966666572656E7420D4
:10C858007468616E206120706F696E742E0A2320DF
:10C868004120766563746F7220697320616C77610B
:10C87800797320616E63686F7265642061742074D7
:10C888006865206F726967696E2E0A23205768658C
:10C898006E2061207472616E73666F726D206973A9
:10C8A800206170706C69656420746F206120766502
:10C8B80063746F722C206F6E6C79207468652072B7
:10C8C8006F746174696F6E616C20636F6D706F6EE9
:10C8D800656E74206973206170706C6965642E0AD6
:10C8E8000A666C6F6174363420780A666C6F6174FE
:10C8F800363420790A666C6F61743634207A000009
:10C90800F009002001000000010000000000000004
:10C918000B00000000000000000000000000000004
:10C9280000000000000000000000000000000000FF
:10C9380000000000000000000000000000000000EF
:10C948000000000000000000EC09002001000000C9
:10C9580001000000000000000B00000000000000C3
:10C9680000000000000000000000000000000000BF
:10C9780000000000000000000000000000000000AF
:10C98800000000000000000000000000000000009F
:10C99800E80900200100000001000000000000007C
:10C9A8000B00000000000000000000000000000074
:10C9B800000000000000000000000000000000006F
:10C9C800000000000000000000000000000000005F
:10C9D80000000000000000007A000000790000005C
:10C9E8007800000067656F6D657472795F6D7367B5
:10C9F800732F6D73672F566563746F723300000071
:10CA08000000000098B80108C1E20008196901088F
:10CA1800216901084169010828AC010802000000E9
:10CA280000000000000000000000000000000000FE
:10CA380000000000000000000000000000000000EE
:10CA480000000000000000000000000000000000DE
:10CA5800000000002CAC01080200000000000000EB
:10CA680000000000000000000000000000000000BE
:10CA780008000000000000000000000000000000A6
:10CA8800000000000000000000000000000000009E
:10CA980030AC0108020000000000000000000000A7
:10CAA800000000000000000000000000100000006E
:10CAB800000000000000000000000000000000006E
:10CAC8000000000000000000000000005CAF01084A
:10CAD800020000000000000000000000000000004C
:10CAE8000000000000000000180000000000000026
:10CAF800000000000000000000000000000000002E
:10CB08000000000000000000D8AB0108300B002036
:10CB1800C1E2000819690108216901084169010891
:10CB280034AC010850AF010801EB0008CDEA000859
:10CB380039EB000889EA000875EB0008017D9A00C6
:10CB4800FF131080897A5EC7E26E315954B8EAE360
:10CB5800353C3F995C55FAF71574000B5B000000F3
:10CB68006D736700232054686973206973206120FE
:10CB78006D65737361676520746F20686F6C6420DE
:10CB8800646174612066726F6D20616E20494D5535
:10CB98002028496E65727469616C204D65617375F2
:10CBA80072656D656E7420556E6974290A230A23AF
:10CBB80020416363656C65726174696F6E7320737D
:10CBC800686F756C6420626520696E206D2F735ED6
:10CBD8003220286E6F7420696E20672773292C20F5
:10CBE800616E6420726F746174696F6E616C207617
:10CBF800656C6F636974792073686F756C64206203
:10CC08006520696E207261642F7365630A230A23A5
:10CC18002049662074686520636F76617269616E69
:10CC28006365206F6620746865206D656173757231
:10CC3800656D656E74206973206B6E6F776E2C203E
:10CC480069742073686F756C642062652066696C0E
:10CC58006C656420696E2028696620616C6C207997
:10CC68006F75206B6E6F77206973207468650A236F
:10CC78002076617269616E6365206F662065616305
:10CC880068206D6561737572656D656E742C2065BD
:10CC98002E672E2066726F6D20746865206461743B
:10CCA8006173686565742C206A7573742070757477
:10CCB8002074686F736520616C6F6E672074686597
:10CCC80020646961676F6E616C290A2320412063C3
:10CCD8006F76617269616E6365206D6174726978DF
:10CCE800206F6620616C6C207A65726F732077699B
:10CCF8006C6C20626520696E74657270726574650B
:10CD0800642061732022636F76617269616E636566
:10CD180020756E6B6E6F776E222C20616E642074A6
:10CD28006F20757365207468650A232064617461D7
:10CD3800206120636F76617269616E63652077692F
:10CD48006C6C206861766520746F20626520617361
:10CD580073756D6564206F7220676F7474656E20DB
:10CD680066726F6D20736F6D65206F7468657220D1
:10CD7800736F757263650A230A2320496620796FE9
:10CD8800752068617665206E6F20657374696D61C2
:10CD9800746520666F72206F6E65206F66207468F8
:10CDA80065206461746120656C656D656E747320BF
:10CDB80028652E672E20796F757220494D5520649D
:10CDC8006F65736E27742070726F64756365206178
:10CDD8006E0A23206F7269656E746174696F6E20C4
:10CDE800657374696D617465292C20706C65617355
:10CDF800652073657420656C656D656E74203020E0
:10CE08006F6620746865206173736F636961746508
:10CE18006420636F76617269616E6365206D617409
:10CE280072697820746F202D310A23204966207991
:10CE38006F752061726520696E74657270726574B1
:10CE4800696E672074686973206D657373616765BF
:10CE58002C20706C6561736520636865636B206660
:10CE68006F7220612076616C7565206F66202D31A8
:10CE780020696E2074686520666972737420656C19
:10CE8800656D656E74206F6620656163680A23208E
:10CE9800636F76617269616E6365206D6174726932
:10CEA800782C20616E6420646973726567617264AE
:10CEB80020746865206173736F63696174656420A9
:10CEC800657374696D6174652E0A0A7374645F6DA5
:10CED8007367732F4865616465722068656164656E
:10CEE800720A0A67656F6D657472795F6D7367732F
:10CEF8002F5175617465726E696F6E206F72696506
:10CF08006E746174696F6E0A666C6F617436345B37
:10CF1800395D206F7269656E746174696F6E5F63E5
:10CF28006F76617269616E6365202320526F772086
:10CF38006D616A6F722061626F757420782C207938
:10CF48002C207A20617865730A0A67656F6D6574AD
:10CF580072795F6D7367732F566563746F723320D0
:10CF6800616E67756C61725F76656C6F6369747901
:10CF78000A666C6F617436345B395D20616E677563
:10CF88006C61725F76656C6F636974795F636F76E5
:10CF9800617269616E6365202320526F77206D612D
:10CFA8006A6F722061626F757420782C20792C204A
:10CFB8007A20617865730A0A67656F6D657472799E
:10CFC8005F6D7367732F566563746F7233206C6976
:10CFD8006E6561725F616363656C65726174696FC8
:10CFE8006E0A666C6F617436345B395D206C696EED
:10CFF8006561725F616363656C65726174696F6EA8
:10D008005F636F76617269616E6365202320526F7A
:10D0180077206D616A6F7220782C2079207A000061
:10D02800681300201B0000001B0000000000000027
:10D038000000000000000000481300201C00000051
:10D048001C000000000000000000000000000000BC
:10D058002C13002019000000190000000000000037
:10D06800000000000000000018130020130000005A
:10D078001300000000000000000000000000000095
:10D088001013002006000000060000000000000049
:10D098000100000000000000000000000000000087
:10D0A800000000000000000018130020130000001A
:10D0B8001300000000000000000000000000000055
:10D0C8000000000000000000041300200B00000016
:10D0D8000B0000000000000001000000000000003C
:10D0E8000000000000000000000000000000000038
:10D0F800481300201C0000001C0000000000000075
:10D108000000000000000000000000000000000017
:10D11800EC120020160000001600000000000000BD
:10D128003B000000000000000900000000000000B3
:10D1380000000000000000000000000000000000E7
:10D1480000000000000000000000000000000000D7
:10D158000000000000000000D812002010000000AD
:10D1680010000000000000000100000000000000A6
:10D1780000000000000000000000000000000000A7
:10D188002C13002019000000190000000000000006
:10D198000000000000000000000000000000000087
:10D1A800BC1200201B0000001B0000000000000053
:10D1B8003B00000000000000090000000000000023
:10D1C8000000000000000000000000000000000057
:10D1D8000000000000000000000000000000000047
:10D1E8000000000000000000A8120020130000004A
:10D1F8001300000000000000010000000000000013
:10D208000000000000000000000000000000000016
:10D218002C13002019000000190000000000000075
:10D2280000000000000000000000000000000000F6
:10D23800881200201E0000001E00000000000000F0
:10D248003B00000000000000090000000000000092
:10D2580000000000000000000000000000000000C6
:10D2680000000000000000000000000000000000B6
:10D2780000000000000000006C696E6561725F616B
:10D288006363656C65726174696F6E5F636F766105
:10D298007269616E636500006C696E6561725F61D9
:10D2A8006363656C65726174696F6E00616E677542
:10D2B8006C61725F76656C6F636974795F636F76B2
:10D2C800617269616E636500616E67756C61725F3A
:10D2D80076656C6F63697479000000006F72696528
:10D2E8006E746174696F6E5F636F76617269616E87
:10D2F800636500006F7269656E746174696F6E00B2
:10D3080068656164657200007374645F6D73677348
:10D318002F6D73672F4865616465720067656F6D6F
:10D32800657472795F6D7367732F6D73672F5665B8
:10D3380063746F723300000067656F6D657472798E
:10D348005F6D7367732F6D73672F517561746572A5
:10D358006E696F6E000000006275696C74696E5FBB
:10D36800696E74657266616365732F6D73672F5498
:10D37800696D650073656E736F725F6D7367732F88
:10D388006D73672F496D7500017170D3D8F841F737
:10D39800BE3172CE5F4F59F3A4D7F63B0447E8B3CA
:10D3A8003327601AD64D83D6E20000006D736700FC
:10D3B80023205468697320776173206F72696769E5
:10D3C8006E616C6C792070726F7669646564206137
:10D3D8007320616E206578616D706C65206D657372
:10D3E800736167652E0A2320497420697320646578
:10D3F8007072656361746564206173206F6620468E
:10D408006F78790A23204974206973207265636FE5
:10D418006D6D656E64656420746F206372656174F8
:10D428006520796F7572206F776E2073656D616EF8
:10D43800746963616C6C79206D65616E696E67668D
:10D44800756C206D6573736167652E0A2320486FBC
:10D45800776576657220696620796F7520776F75B4
:10D468006C64206C696B6520746F20636F6E7469DF
:10D478006E7565207573696E6720746869732070AE
:10D488006C656173652075736520746865206571C6
:10D49800756976616C656E7420696E206578616D5A
:10D4A800706C655F6D7367732E0A0A666C6F6174C2
:10D4B80033322064617461001015002004000000FC
:10D4C80004000000000000000A0000000000000046
:10D4D8000000000000000000000000000000000044
:10D4E8000000000000000000000000000000000034
:10D4F8000000000000000000000000000000000024
:10D5080064617461000000007374645F6D73677315
:10D518002F6D73672F466C6F617433320000000003
:10D5280001F49FB3AE2CF070F793645FF749683A43
:10D53800C6B06203E41C891E17701B1CB597CE6A1F
:10D54800010000006D73670023205374616E6461ED
:10D558007264206D6574616461746120666F722005
:10D568006869676865722D6C6576656C207374618F
:10D578006D70656420646174612074797065732EC0
:10D588000A2320546869732069732067656E657281
:10D59800616C6C79207573656420746F20636F6D9E
:10D5A8006D756E69636174652074696D6573746106
:10D5B8006D70656420646174610A2320696E20615E
:10D5C80020706172746963756C617220636F6F7229
:10D5D80064696E617465206672616D652E0A0A233E
:10D5E8002054776F2D696E74656765722074696D54
:10D5F800657374616D702074686174206973206547
:10D608007870726573736564206173207365636FE6
:10D618006E647320616E64206E616E6F7365636FF4
:10D628006E64732E0A6275696C74696E5F696E74D4
:10D63800657266616365732F54696D6520737461E3
:10D648006D700A0A23205472616E73666F726D20C2
:10D658006672616D652077697468207768696368A8
:10D668002074686973206461746120697320617330
:10D67800736F6369617465642E0A737472696E6787
:10D68800206672616D655F69640000005C170020A8
:10D698001B0000001B00000000000000000000004C
:10D6A80000000000000000005417002005000000E2
:10D6B800050000000000000001000000000000005C
:10D6C8000000000000000000000000000000000052
:10D6D8005C1700201B0000001B0000000000000079
:10D6E8000000000000000000000000000000000032
:10D6F8004817002008000000080000000000000093
:10D708001100000000000000000000000000000000
:10D718000000000000000000000000000000000001
:10D7280000000000000000000000000000000000F1
:10D7380000000000000000006672616D655F6964AA
:10D74800000000007374616D700000006275696C00
:10D7580074696E5F696E74657266616365732F6D57
:10D7680073672F54696D65007374645F6D736773B5
:10D778002F6D73672F4865616465720001B10623D8
:10D788005E25A4C5ED35098AA0A61A3EE9C9B18D62
:10D79800197F398B0E4206CEA9ACF9C1970000005B
:10D7A8006D736700232054686973206D6573736116
:10D7B800676520636F6D6D756E696361746573204D
:10D7C800524F532054696D6520646566696E6564BF
:10D7D80020686572653A0A232068747470733A2F5A
:10D7E8002F64657369676E2E726F73322E6F72675E
:10D7F8002F61727469636C65732F636C6F636B5F01
:10D80800616E645F74696D652E68746D6C0A0A23B5
:10D8180020546865207365636F6E647320636F6D51
:10D82800706F6E656E742C2076616C6964206F76FB
:10D83800657220616C6C20696E7433322076616C7D
:10D848007565732E0A696E743332207365630A0A2C
:10D858002320546865206E616E6F7365636F6E6414
:10D868007320636F6D706F6E656E742C2076616CBB
:10D87800696420696E207468652072616E6765202E
:10D888005B302C20316539292C20746F206265208B
:10D89800616464656420746F2074686520736563CF
:10D8A8006F6E647320636F6D706F6E656E742E207B
:10D8B8000A2320652E672E0A232054686520746980
:10D8C8006D65202D312E37207365636F6E6473206C
:10D8D800697320726570726573656E746564206122
:10D8E80073207B7365633A202D322C206E616E6F36
:10D8F8007365633A203365387D0A232054686520B0
:10D9080074696D6520312E37207365636F6E64739B
:10D9180020697320726570726573656E7465642022
:10D928006173207B7365633A20312C206E616E6FC2
:10D938007365633A203765387D0A75696E743332CA
:10D94800206E616E6F7365630000000000000000C8
:10D95800F819002003000000030000000000000088
:10D9680006000000000000000000000000000000A9
:10D97800000000000000000000000000000000009F
:10D98800000000000000000000000000000000008F
:10D998000000000000000000F0190020070000004F
:10D9A8000700000000000000070000000000000061
:10D9B800000000000000000000000000000000005F
:10D9C800000000000000000000000000000000004F
:10D9D800000000000000000000000000000000003F
:10D9E8006E616E6F73656300736563006275696C61
:10D9F80074696E5F696E74657266616365732F6DB5
:10DA080073672F54696D6500018A765F66778C8F1E
:10DA1800F7C8AB94AFCC590A2ED5325A1D9A076F66
:10DA2800FFF38FBCE36F4586840000006D736700C9
:10DA380023205468697320726570726573656E740B
:10DA48007320616E206F7269656E746174696F6EA0
:10DA580020696E2066726565207370616365206950
:10DA68006E207175617465726E696F6E20666F7273
:10DA78006D2E0A0A666C6F61743634207820300A7D
:10DA8800666C6F61743634207920300A666C6F6179
:10DA9800743634207A20300A666C6F61743634200C
:10DAA8007720310000000000F41B00200100000076
:10DAB80001000000000000000B0000000000000052
:10DAC800000000000000000000000000000000004E
:10DAD800000000000000000000000000000000003E
:10DAE800F01B0020030000000300000000000000FD
:10DAF800EC1B0020010000000100000000000000F5
:10DB08000B00000000000000000000000000000002
:10DB180000000000000000000000000000000000FD
:10DB28000000000000000000E81B002003000000C7
:10DB38000300000000000000E41B002001000000BA
:10DB480001000000000000000B00000000000000C1
:10DB580000000000000000000000000000000000BD
:10DB680000000000000000000000000000000000AD
:10DB7800E01B00200300000003000000000000007C
:10DB8800DC1B002001000000010000000000000074
:10DB98000B00000000000000000000000000000072
:10DBA800000000000000000000000000000000006D
:10DBB8000000000000000000D81B00200300000047
:10DBC8000300000000000000312E30007700000044
:10DBD800302E30007A000000302E3000790000002E
:10DBE800302E30007800000067656F6D65747279BB
:10DBF8005F6D7367732F6D73672F517561746572ED
:10DC08006E696F6E00000000000000000300000055
:10DC180064440120281C0020000000006444012006
:10DC2800CC44012034450120000000000000000021
:10DC380000000000000000000000000000000000DC
:10DC480000000000000000000000000000000000CC
:10DC580000000000000000000000000000000000BC
:04DC680000000000B8
:0400000508003005BA
:00000001FF
